datetime,open,high,low,close,volume
2026-01-29 09:15:00,1139.8,1142.7,1129.0,1137.3,176295
2026-01-29 10:15:00,1137.3,1137.3,1122.0,1129.8,87658
2026-01-29 11:15:00,1129.2,1136.5,1127.2,1129.6,96977
2026-01-29 12:15:00,1129.0,1135.8,1126.7,1134.5,95149
2026-01-29 13:15:00,1134.4,1142.4,1132.6,1139.4,138645
2026-01-29 14:15:00,1139.4,1143.2,1133.8,1134.9,256786
2026-01-29 15:15:00,1134.9,1140.0,1133.7,1140.0,75219
2026-01-30 09:15:00,1135.2,1151.9,1129.4,1149.3,116539
2026-01-30 10:15:00,1149.3,1151.0,1141.2,1147.0,67445
2026-01-30 11:15:00,1147.0,1151.6,1146.0,1147.2,75289
2026-01-30 12:15:00,1147.1,1157.9,1136.0,1137.0,233277
2026-01-30 13:15:00,1137.3,1143.1,1134.7,1141.6,143899
2026-01-30 14:15:00,1141.7,1142.9,1127.1,1133.7,200035
2026-01-30 15:15:00,1133.7,1138.6,1125.4,1129.1,122528
2026-02-01 09:15:00,1134.3,1135.1,1115.1,1116.5,100190
2026-02-01 10:15:00,1117.5,1132.9,1115.3,1130.9,42029
2026-02-01 11:15:00,1130.9,1134.5,1118.5,1123.1,30476
2026-02-01 12:15:00,1123.1,1130.8,1025.1,1129.3,664148
2026-02-01 13:15:00,1129.3,1129.6,1102.0,1103.2,48185
2026-02-01 14:15:00,1103.2,1108.5,1081.6,1087.6,49823
2026-02-01 15:15:00,1088.7,1117.9,1088.7,1112.2,140424
2026-02-02 09:15:00,1092.0,1099.9,1078.2,1096.2,179375
2026-02-02 10:15:00,1096.2,1097.9,1077.8,1077.8,90241
2026-02-02 11:15:00,1077.1,1082.4,1067.4,1072.8,196532
2026-02-02 12:15:00,1072.8,1088.5,1070.7,1085.0,275425
2026-02-02 13:15:00,1085.0,1093.8,1080.0,1092.9,182154
2026-02-02 14:15:00,1092.9,1112.2,1091.1,1110.0,271158
2026-02-02 15:15:00,1109.6,1125.0,1109.2,1117.0,99732
2026-02-03 09:15:00,1150.0,1188.5,1150.0,1156.7,577681
2026-02-03 10:15:00,1156.8,1166.5,1152.5,1163.4,127639
2026-02-03 11:15:00,1164.0,1173.1,1163.3,1168.5,116379
2026-02-03 12:15:00,1168.8,1173.6,1158.5,1160.0,82760
2026-02-03 13:15:00,1160.2,1165.2,1158.8,1164.0,125996
2026-02-03 14:15:00,1163.9,1171.3,1160.2,1169.3,115223
2026-02-03 15:15:00,1169.6,1173.3,1164.4,1167.0,60958
2026-02-04 09:15:00,1143.0,1170.3,1143.0,1148.1,333445
2026-02-04 10:15:00,1148.1,1154.9,1136.8,1148.4,236933
2026-02-04 11:15:00,1148.8,1168.1,1146.4,1167.9,92200
2026-02-04 12:15:00,1168.0,1169.9,1160.0,1163.8,78947
2026-02-04 13:15:00,1163.5,1167.4,1160.5,1165.1,85764
2026-02-04 14:15:00,1165.2,1168.6,1163.5,1165.7,109175
2026-02-04 15:15:00,1165.1,1167.6,1164.0,1165.0,52865
2026-02-05 09:15:00,1166.8,1171.9,1139.1,1139.7,106510
2026-02-05 10:15:00,1139.7,1145.8,1132.8,1139.7,122358
2026-02-05 11:15:00,1139.7,1151.5,1137.0,1137.5,100935
2026-02-05 12:15:00,1137.6,1138.6,1132.7,1134.2,85450
2026-02-05 13:15:00,1134.2,1139.7,1131.2,1138.1,211864
2026-02-05 14:15:00,1138.5,1143.0,1136.3,1140.6,157749
2026-02-05 15:15:00,1140.7,1142.9,1138.6,1138.6,94253
2026-02-06 09:15:00,1132.0,1135.0,1115.3,1120.7,112572
2026-02-06 10:15:00,1120.7,1122.9,1103.0,1106.2,93653
2026-02-06 11:15:00,1106.2,1111.3,1102.0,1109.4,43330
2026-02-06 12:15:00,1109.4,1110.4,1103.5,1105.7,54581
2026-02-06 13:15:00,1105.7,1110.8,1104.0,1109.1,37440
2026-02-06 14:15:00,1109.8,1115.0,1109.0,1112.5,127961
2026-02-06 15:15:00,1113.2,1119.9,1111.4,1113.9,91355
2026-02-09 09:15:00,1114.9,1135.0,1114.9,1122.8,75107
2026-02-09 10:15:00,1122.8,1126.0,1118.6,1118.6,38436
2026-02-09 11:15:00,1118.6,1125.0,1118.0,1124.9,68462
2026-02-09 12:15:00,1124.9,1124.9,1122.0,1123.2,14752
2026-02-09 13:15:00,1123.2,1138.7,1123.2,1137.4,61723
2026-02-09 14:15:00,1137.9,1139.9,1132.8,1139.0,62213
2026-02-09 15:15:00,1139.0,1140.0,1135.7,1138.0,36241
2026-02-10 09:15:00,1138.0,1139.5,1124.0,1132.2,112161
2026-02-10 10:15:00,1132.1,1144.9,1132.0,1138.8,264137
2026-02-10 11:15:00,1138.8,1145.0,1133.4,1139.0,203960
2026-02-10 12:15:00,1138.5,1150.2,1135.5,1146.6,126662
2026-02-10 13:15:00,1146.6,1165.5,1144.6,1165.0,122576
2026-02-10 14:15:00,1165.0,1170.3,1161.2,1163.4,166104
2026-02-10 15:15:00,1163.4,1163.9,1160.0,1160.9,62024
2026-02-11 09:15:00,1163.1,1163.2,1127.0,1140.8,192712
2026-02-11 10:15:00,1140.8,1156.0,1139.5,1154.0,90032
2026-02-11 11:15:00,1154.2,1156.0,1138.1,1138.1,81447
2026-02-11 12:15:00,1138.8,1139.5,1126.9,1128.8,139240
2026-02-11 13:15:00,1128.8,1136.0,1126.7,1136.0,124963
2026-02-11 14:15:00,1136.1,1141.1,1132.9,1137.7,92219
2026-02-11 15:15:00,1138.0,1140.9,1135.1,1137.0,45603
2026-02-12 09:15:00,1135.0,1136.6,1110.6,1122.1,144087
2026-02-12 10:15:00,1121.5,1139.4,1120.9,1137.3,103020
2026-02-12 11:15:00,1136.9,1144.6,1131.7,1138.2,101330
2026-02-12 12:15:00,1138.1,1145.7,1135.8,1141.5,61928
2026-02-12 13:15:00,1141.8,1145.3,1140.3,1144.6,48015
2026-02-12 14:15:00,1144.0,1146.8,1135.7,1142.9,80744
2026-02-12 15:15:00,1142.8,1145.4,1141.6,1142.1,27872
2026-02-13 09:15:00,1136.3,1146.2,1118.0,1119.4,91882
2026-02-13 10:15:00,1119.4,1132.0,1115.6,1122.1,47610
2026-02-13 11:15:00,1122.1,1135.0,1119.1,1133.8,47912
2026-02-13 12:15:00,1134.1,1135.9,1124.7,1126.1,107238
2026-02-13 13:15:00,1126.1,1127.0,1120.1,1126.7,67228
2026-02-13 14:15:00,1127.0,1133.0,1125.2,1127.4,75366
2026-02-13 15:15:00,1127.6,1128.2,1122.5,1126.7,32848
2026-02-16 09:15:00,1109.0,1123.9,1093.9,1121.5,189990
2026-02-16 10:15:00,1121.5,1132.0,1119.1,1131.0,62328
2026-02-16 11:15:00,1131.3,1135.8,1120.0,1125.2,65443
2026-02-16 12:15:00,1124.4,1129.6,1121.9,1124.1,58059
2026-02-16 13:15:00,1124.7,1127.9,1108.5,1112.1,160767
2026-02-16 14:15:00,1111.8,1122.0,1110.5,1118.0,165298
2026-02-16 15:15:00,1118.0,1125.0,1116.8,1125.0,57905
2026-02-17 09:15:00,1112.6,1129.5,1112.6,1129.4,37506
2026-02-17 10:15:00,1129.5,1131.4,1117.0,1119.9,114381
2026-02-17 11:15:00,1119.8,1130.7,1119.8,1129.9,153014
2026-02-17 12:15:00,1129.9,1130.6,1116.6,1119.3,139770
2026-02-17 13:15:00,1119.3,1131.3,1116.8,1126.0,155719
2026-02-17 14:15:00,1126.6,1130.0,1118.1,1123.8,225572
2026-02-17 15:15:00,1123.5,1130.4,1122.3,1126.2,58034
2026-02-18 09:15:00,1124.0,1142.0,1121.7,1131.3,62337
2026-02-18 10:15:00,1131.9,1133.0,1123.2,1123.8,53004
2026-02-18 11:15:00,1123.8,1124.3,1120.3,1123.5,25557
2026-02-18 12:15:00,1123.5,1126.8,1122.0,1126.2,30131
2026-02-18 13:15:00,1126.2,1129.5,1124.7,1129.0,35107
2026-02-18 14:15:00,1129.0,1131.0,1123.7,1128.0,72040
2026-02-18 15:15:00,1128.4,1129.4,1121.4,1122.6,33667
2026-02-19 09:15:00,1122.6,1129.7,1115.0,1115.7,57884
2026-02-19 10:15:00,1115.7,1119.4,1111.1,1111.7,52255
2026-02-19 11:15:00,1111.7,1113.0,1096.2,1096.6,158761
2026-02-19 12:15:00,1095.7,1112.9,1089.4,1111.7,105191
2026-02-19 13:15:00,1111.7,1112.5,1104.4,1106.4,58353
2026-02-19 14:15:00,1106.4,1111.0,1100.9,1105.0,82956
2026-02-19 15:15:00,1104.5,1106.0,1101.0,1102.0,132957
2026-02-20 09:15:00,1104.5,1111.0,1083.8,1088.1,101998
2026-02-20 10:15:00,1090.0,1100.7,1087.9,1099.4,47687
2026-02-20 11:15:00,1099.4,1104.5,1098.7,1100.6,35142
2026-02-20 12:15:00,1100.6,1110.5,1100.4,1108.3,63099
2026-02-20 13:15:00,1108.8,1111.2,1103.0,1108.7,43214
2026-02-20 14:15:00,1109.2,1111.1,1098.8,1100.3,68419
2026-02-20 15:15:00,1100.1,1105.3,1097.9,1098.7,45511
2026-02-23 09:15:00,1110.0,1110.1,1100.1,1104.7,66622
2026-02-23 10:15:00,1104.9,1108.7,1100.6,1108.0,248055
2026-02-23 11:15:00,1108.0,1116.7,1106.7,1115.2,208740
2026-02-23 12:15:00,1115.3,1124.9,1115.0,1122.6,89044
2026-02-23 13:15:00,1122.6,1130.0,1122.6,1125.1,70973
2026-02-23 14:15:00,1124.7,1128.9,1118.1,1126.5,68127
2026-02-23 15:15:00,1126.5,1128.7,1124.5,1125.0,41420
2026-02-24 09:15:00,1120.0,1129.0,1116.0,1121.6,64233
2026-02-24 10:15:00,1121.8,1127.6,1121.7,1124.3,15896
2026-02-24 11:15:00,1124.3,1124.4,1112.6,1113.6,15712
2026-02-24 12:15:00,1113.5,1113.6,1099.1,1102.3,53723
2026-02-24 13:15:00,1102.3,1108.5,1099.0,1107.5,122923
2026-02-24 14:15:00,1107.5,1114.4,1103.5,1112.6,97834
2026-02-24 15:15:00,1112.8,1119.4,1111.3,1119.4,61361
2026-02-25 09:15:00,1120.0,1130.0,1104.5,1125.4,170725
2026-02-25 10:15:00,1125.4,1127.2,1123.1,1125.7,76094
2026-02-25 11:15:00,1125.5,1128.6,1123.3,1127.8,68172
2026-02-25 12:15:00,1128.2,1130.9,1122.7,1130.0,146128
2026-02-25 13:15:00,1129.8,1131.7,1125.8,1127.9,61294
2026-02-25 14:15:00,1127.9,1132.6,1125.3,1129.9,88796
2026-02-25 15:15:00,1129.9,1137.3,1129.6,1137.3,69715
2026-02-26 09:15:00,1134.6,1142.9,1129.1,1131.0,109990
2026-02-26 10:15:00,1129.9,1132.0,1122.3,1131.0,114723
2026-02-26 11:15:00,1130.9,1133.9,1124.9,1125.1,58010
2026-02-26 12:15:00,1125.7,1128.1,1123.1,1124.2,48417
2026-02-26 13:15:00,1124.1,1128.1,1119.1,1126.8,97554
2026-02-26 14:15:00,1127.6,1132.5,1125.4,1129.5,95730
2026-02-26 15:15:00,1130.1,1130.3,1124.0,1124.0,103567
2026-02-27 09:15:00,1130.0,1130.0,1093.4,1094.6,175586
2026-02-27 10:15:00,1094.6,1105.9,1093.0,1102.4,93955
2026-02-27 11:15:00,1102.0,1107.0,1101.3,1105.3,52172
2026-02-27 12:15:00,1105.3,1106.0,1100.7,1102.9,102473
2026-02-27 13:15:00,1102.9,1110.2,1101.9,1108.7,143905
2026-02-27 14:15:00,1108.7,1111.7,1101.0,1103.4,500063
2026-02-27 15:15:00,1103.3,1106.0,1097.3,1104.1,184941
2026-03-02 09:15:00,1055.0,1092.0,1055.0,1092.0,613235
2026-03-02 10:15:00,1092.5,1094.8,1073.0,1077.1,128325
2026-03-02 11:15:00,1077.0,1077.9,1070.3,1074.2,204192
2026-03-02 12:15:00,1074.2,1075.5,1061.8,1062.6,207621
2026-03-02 13:15:00,1062.2,1064.9,1048.2,1064.9,501729
2026-03-02 14:15:00,1065.9,1075.9,1058.7,1074.1,136039
2026-03-02 15:15:00,1073.6,1080.0,1068.4,1068.4,42026
2026-03-04 09:15:00,1056.3,1059.9,1039.3,1052.6,360953
2026-03-04 10:15:00,1052.2,1056.0,1044.6,1052.6,194113
2026-03-04 11:15:00,1052.6,1057.0,1051.4,1054.1,77923
2026-03-04 12:15:00,1054.1,1065.8,1053.3,1064.4,310527
2026-03-04 13:15:00,1064.4,1070.4,1064.0,1069.4,72912
2026-03-04 14:15:00,1069.5,1071.2,1064.4,1065.3,115332
2026-03-04 15:15:00,1065.3,1069.6,1061.1,1061.1,65000
2026-03-05 09:15:00,1065.3,1080.2,1065.3,1071.2,111885
2026-03-05 10:15:00,1071.2,1072.9,1067.0,1071.3,32101
2026-03-05 11:15:00,1071.0,1079.4,1069.7,1073.1,27794
2026-03-05 12:15:00,1073.5,1076.3,1072.2,1073.3,11536
2026-03-05 13:15:00,1073.3,1073.9,1066.0,1066.3,28470
2026-03-05 14:15:00,1066.3,1084.1,1065.3,1079.0,62073
2026-03-05 15:15:00,1078.8,1082.8,1077.2,1078.3,41559
2026-03-06 09:15:00,1074.0,1084.4,1073.8,1078.2,29753
2026-03-06 10:15:00,1078.2,1078.2,1065.6,1066.1,31645
2026-03-06 11:15:00,1066.1,1073.9,1063.0,1070.5,141105
2026-03-06 12:15:00,1070.5,1075.6,1070.0,1073.4,10371
2026-03-06 13:15:00,1073.4,1078.3,1073.4,1075.5,14149
2026-03-06 14:15:00,1075.5,1077.3,1061.3,1063.4,24912
2026-03-06 15:15:00,1063.9,1066.7,1062.2,1064.8,24146
2026-03-09 09:15:00,1049.1,1058.0,1025.4,1043.0,278871
2026-03-09 10:15:00,1043.0,1046.3,1030.1,1030.4,442539
2026-03-09 11:15:00,1030.4,1032.6,1026.7,1028.2,134529
2026-03-09 12:15:00,1028.2,1030.7,1022.4,1022.7,157554
2026-03-09 13:15:00,1022.7,1032.5,1022.4,1025.8,154085
2026-03-09 14:15:00,1025.9,1039.2,1025.0,1034.3,199277
2026-03-09 15:15:00,1034.3,1040.0,1031.2,1031.2,71280
2026-03-10 09:15:00,1039.9,1047.5,1032.8,1036.1,49204
2026-03-10 10:15:00,1036.1,1047.0,1036.1,1043.3,31977
2026-03-10 11:15:00,1043.6,1044.9,1037.1,1038.4,29943
2026-03-10 12:15:00,1038.9,1048.1,1038.2,1045.2,65692
2026-03-10 13:15:00,1045.2,1060.3,1044.2,1057.8,74161
2026-03-10 14:15:00,1057.8,1059.0,1052.0,1053.8,36799
2026-03-10 15:15:00,1053.8,1058.9,1053.6,1058.9,38346
2026-03-11 09:15:00,1055.0,1058.3,1046.7,1051.3,41011
2026-03-11 10:15:00,1050.7,1058.2,1050.4,1051.5,71068
2026-03-11 11:15:00,1051.5,1060.6,1050.6,1059.7,58356
2026-03-11 12:15:00,1059.7,1065.0,1057.5,1060.4,102356
2026-03-11 13:15:00,1060.2,1064.6,1055.6,1057.8,191550
2026-03-11 14:15:00,1057.8,1057.9,1045.1,1046.0,235077
2026-03-11 15:15:00,1046.0,1053.2,1040.0,1053.2,45108
2026-03-12 09:15:00,1040.0,1040.0,1017.3,1030.5,154036
2026-03-12 10:15:00,1030.0,1039.9,1025.2,1038.0,181655
2026-03-12 11:15:00,1038.0,1041.3,1036.7,1038.9,78915
2026-03-12 12:15:00,1038.9,1041.7,1036.9,1037.7,65533
2026-03-12 13:15:00,1037.7,1046.9,1036.8,1039.0,88438
2026-03-12 14:15:00,1039.0,1049.1,1037.7,1044.1,276204
2026-03-12 15:15:00,1043.7,1047.4,1039.5,1046.7,89249
2026-03-13 09:15:00,1041.9,1041.9,1025.3,1026.3,84047
2026-03-13 10:15:00,1027.1,1032.1,1024.2,1024.2,42602
2026-03-13 11:15:00,1024.2,1041.2,1023.6,1038.3,42704
2026-03-13 12:15:00,1038.3,1039.6,1026.2,1027.0,18878
2026-03-13 13:15:00,1027.0,1030.0,1021.5,1028.4,241560
2026-03-13 14:15:00,1028.4,1035.5,1023.4,1026.4,122338
2026-03-13 15:15:00,1027.4,1033.4,1025.0,1030.0,30232
2026-03-16 09:15:00,1025.0,1038.9,1017.1,1021.0,52467
2026-03-16 10:15:00,1020.9,1024.9,1011.2,1017.2,77890
2026-03-16 11:15:00,1017.2,1024.3,1016.9,1021.4,25894
2026-03-16 12:15:00,1021.4,1023.8,1017.1,1019.5,16513
2026-03-16 13:15:00,1019.5,1020.7,1010.3,1012.4,32856
2026-03-16 14:15:00,1012.4,1027.8,1011.2,1024.1,78179
2026-03-16 15:15:00,1024.5,1025.0,1020.0,1025.0,46697
2026-03-17 09:15:00,1022.9,1033.1,1020.1,1032.4,149462
2026-03-17 10:15:00,1032.8,1035.6,1028.5,1029.7,34289
2026-03-17 11:15:00,1029.7,1033.8,1027.3,1031.8,33041
2026-03-17 12:15:00,1031.8,1037.8,1030.2,1037.8,40047
2026-03-17 13:15:00,1038.0,1043.0,1037.7,1041.6,24018
2026-03-17 14:15:00,1041.6,1045.5,1039.4,1043.9,102111
2026-03-17 15:15:00,1043.6,1045.9,1038.7,1038.7,50256
2026-03-18 09:15:00,1050.0,1069.0,1041.5,1061.9,172730
2026-03-18 10:15:00,1062.3,1072.7,1061.0,1072.2,54899
2026-03-18 11:15:00,1072.2,1074.7,1070.3,1072.6,32085
2026-03-18 12:15:00,1072.7,1082.4,1070.1,1082.2,52430
2026-03-18 13:15:00,1082.3,1088.5,1081.1,1086.8,70789
2026-03-18 14:15:00,1087.4,1087.9,1070.0,1070.8,138515
2026-03-18 15:15:00,1070.3,1084.8,1065.2,1084.8,43992
2026-03-19 09:15:00,1059.1,1065.0,1045.1,1054.1,92649
2026-03-19 10:15:00,1053.9,1056.8,1049.5,1050.9,35270
2026-03-19 11:15:00,1050.9,1054.4,1048.6,1052.2,25876
2026-03-19 12:15:00,1052.2,1056.6,1051.5,1055.6,36583
2026-03-19 13:15:00,1055.6,1055.6,1041.3,1043.4,126642
2026-03-19 14:15:00,1043.4,1045.7,1036.0,1038.3,210930
2026-03-19 15:15:00,1037.8,1049.0,1037.2,1041.1,35547
2026-03-20 09:15:00,1034.6,1055.0,1034.6,1042.8,56993
2026-03-20 10:15:00,1042.8,1045.0,1035.4,1043.6,69594
2026-03-20 11:15:00,1043.6,1053.0,1042.8,1044.1,41435
2026-03-20 12:15:00,1044.1,1052.8,1040.8,1049.0,24979
2026-03-20 13:15:00,1049.3,1052.7,1045.3,1046.5,112498
2026-03-20 14:15:00,1046.5,1047.5,1037.6,1039.7,60352
2026-03-20 15:15:00,1039.7,1050.0,1038.7,1044.2,46926
2026-03-23 09:15:00,1040.6,1040.6,1005.0,1005.6,77232
2026-03-23 10:15:00,1005.6,1008.6,998.0,999.7,49923
2026-03-23 11:15:00,999.4,1001.8,995.0,995.0,25095
2026-03-23 12:15:00,995.2,995.2,973.9,974.9,57851
2026-03-23 13:15:00,974.9,994.4,974.1,992.0,73326
2026-03-23 14:15:00,992.3,993.1,982.3,983.4,219917
2026-03-23 15:15:00,983.5,986.5,982.1,982.2,46352
2026-03-24 09:15:00,996.0,1010.0,987.5,990.2,91331
2026-03-24 10:15:00,990.2,994.4,988.0,988.6,22846
2026-03-24 11:15:00,988.6,994.1,985.2,991.5,40400
2026-03-24 12:15:00,992.2,1006.7,990.5,992.6,778848
2026-03-24 13:15:00,992.6,994.7,985.0,988.7,330637
2026-03-24 14:15:00,987.7,990.0,984.3,988.0,619149
2026-03-24 15:15:00,988.0,994.5,986.3,994.0,139061
2026-03-25 09:15:00,999.8,1018.8,992.1,1014.0,171439
2026-03-25 10:15:00,1014.0,1015.7,1009.7,1010.4,143304
2026-03-25 11:15:00,1010.7,1011.1,1007.2,1010.3,89453
2026-03-25 12:15:00,1010.3,1013.5,1009.1,1010.9,120343
2026-03-25 13:15:00,1010.9,1011.3,1008.1,1009.1,96651
2026-03-25 14:15:00,1009.1,1010.0,1001.9,1002.4,171502
2026-03-25 15:15:00,1002.4,1007.8,998.7,1001.0,78060
2026-03-27 09:15:00,998.0,998.9,974.9,974.9,97210
2026-03-27 10:15:00,974.9,979.5,971.3,974.0,101169
2026-03-27 11:15:00,974.0,975.9,971.0,971.7,59002
2026-03-27 12:15:00,971.7,977.2,969.8,977.2,51455
2026-03-27 13:15:00,977.2,988.1,975.9,985.4,93118
2026-03-27 14:15:00,985.4,987.7,975.2,977.1,131087
2026-03-27 15:15:00,977.3,978.9,975.0,975.0,68983
2026-03-30 09:15:00,969.1,969.1,945.0,951.7,162279
2026-03-30 10:15:00,951.7,953.0,938.3,940.0,85846
2026-03-30 11:15:00,940.0,943.5,936.1,942.8,42441
2026-03-30 12:15:00,942.8,946.5,941.9,945.0,102829
2026-03-30 13:15:00,945.0,953.6,942.5,952.6,183279
2026-03-30 14:15:00,952.6,953.1,946.4,951.4,610467
2026-03-30 15:15:00,952.1,952.9,932.1,939.5,159801
2026-04-01 09:15:00,966.05,982.7,955.65,972.6,178732
2026-04-01 10:15:00,972.65,972.65,958.0,958.25,52872
2026-04-01 11:15:00,958.25,966.65,957.25,963.3,136584
2026-04-01 12:15:00,963.3,974.0,961.9,970.0,65497
2026-04-01 13:15:00,970.0,970.3,958.5,961.15,50297
2026-04-01 14:15:00,961.4,961.4,951.15,951.15,74958
2026-04-01 15:15:00,951.65,955.0,950.0,955.0,49503
2026-04-02 09:15:00,936.0,940.25,915.0,920.1,98018
2026-04-02 10:15:00,920.1,921.15,916.15,918.5,26918
2026-04-02 11:15:00,918.5,930.9,918.5,928.95,31731
2026-04-02 12:15:00,928.8,938.05,925.1,938.05,137808
2026-04-02 13:15:00,937.45,938.1,931.0,937.55,74606
2026-04-02 14:15:00,937.55,939.7,930.7,935.1,145177
2026-04-02 15:15:00,935.45,936.15,930.15,934.65,121384
2026-04-06 09:15:00,931.0,940.25,918.55,927.4,92095
2026-04-06 10:15:00,927.65,935.25,922.9,923.2,776350
2026-04-06 11:15:00,923.95,928.6,923.3,925.5,92369
2026-04-06 12:15:00,925.5,930.0,919.5,929.9,104754
2026-04-06 13:15:00,929.9,931.0,926.45,929.0,264956
2026-04-06 14:15:00,929.0,935.35,927.45,930.55,1312980
2026-04-06 15:15:00,930.55,931.15,924.95,927.6,99833
2026-04-07 09:15:00,925.15,934.7,906.05,913.45,261955
2026-04-07 10:15:00,912.75,928.0,912.7,919.95,127934
2026-04-07 11:15:00,919.95,924.65,917.55,921.25,57195
2026-04-07 12:15:00,921.25,921.95,917.5,919.5,47665
2026-04-07 13:15:00,919.5,928.35,919.15,924.3,36134
2026-04-07 14:15:00,924.05,932.7,922.35,930.0,110271
2026-04-07 15:15:00,930.0,930.6,925.0,926.45,62143
2026-04-08 09:15:00,962.0,977.35,958.55,969.55,850585
2026-04-08 10:15:00,970.05,982.35,961.35,981.8,883361
2026-04-08 11:15:00,981.8,985.85,971.9,972.1,441225
2026-04-08 12:15:00,973.05,977.4,969.55,976.2,151397
2026-04-08 13:15:00,976.2,978.0,964.95,966.05,147626
2026-04-08 14:15:00,966.05,972.3,962.05,972.0,374025
2026-04-08 15:15:00,972.0,978.85,970.0,975.5,150584
2026-04-09 09:15:00,971.75,1004.4,964.6,994.25,636189
2026-04-09 10:15:00,993.75,995.65,988.75,995.4,214383
2026-04-09 11:15:00,995.4,1009.3,992.7,1005.25,952112
2026-04-09 12:15:00,1005.25,1015.95,1003.2,1006.8,412551
2026-04-09 13:15:00,1006.8,1008.7,998.0,999.1,323512
2026-04-09 14:15:00,999.4,1004.35,993.1,998.4,321070
2026-04-09 15:15:00,998.6,1001.6,997.0,1001.0,191740
2026-04-10 09:15:00,998.0,1022.0,992.65,1009.3,120881
2026-04-10 10:15:00,1009.3,1012.7,1007.9,1012.55,109169
2026-04-10 11:15:00,1012.55,1013.85,1007.95,1009.85,147539
2026-04-10 12:15:00,1009.5,1012.2,1008.7,1010.1,87296
2026-04-10 13:15:00,1010.1,1012.9,1009.0,1009.95,109191
2026-04-10 14:15:00,1010.2,1015.35,1006.0,1011.2,434737
2026-04-10 15:15:00,1011.55,1015.85,1010.0,1014.0,129619
2026-04-13 09:15:00,991.0,999.0,976.4,992.15,131273
2026-04-13 10:15:00,992.0,1001.5,989.3,998.55,52891
2026-04-13 11:15:00,998.55,1002.95,996.4,1002.1,26562
2026-04-13 12:15:00,1002.4,1004.4,999.05,1002.55,60798
2026-04-13 13:15:00,1002.55,1010.1,1001.7,1009.1,81579
2026-04-13 14:15:00,1009.1,1015.65,1006.0,1009.5,177878
2026-04-13 15:15:00,1009.4,1013.5,1008.55,1013.5,72018
2026-04-15 09:15:00,1026.95,1058.7,1020.25,1053.0,629834
2026-04-15 10:15:00,1053.05,1062.0,1053.0,1060.85,216750
2026-04-15 11:15:00,1060.85,1065.8,1051.7,1053.75,256060
2026-04-15 12:15:00,1053.5,1057.3,1052.0,1054.55,36866
2026-04-15 13:15:00,1054.55,1057.95,1046.6,1053.6,100884
2026-04-15 14:15:00,1053.6,1060.0,1050.3,1058.15,451478
2026-04-15 15:15:00,1057.4,1059.8,1052.65,1058.8,102716
2026-04-16 09:15:00,1071.0,1085.0,1056.9,1060.65,196862
2026-04-16 10:15:00,1060.65,1065.45,1056.9,1064.6,110096
2026-04-16 11:15:00,1064.5,1069.0,1063.25,1066.75,64569
2026-04-16 12:15:00,1066.4,1067.2,1060.0,1060.4,67460
2026-04-16 13:15:00,1060.4,1067.0,1059.85,1064.6,35857
2026-04-16 14:15:00,1064.6,1077.0,1063.55,1076.55,250695
2026-04-16 15:15:00,1076.55,1080.0,1076.0,1080.0,68577
2026-04-17 09:15:00,1084.0,1095.85,1078.85,1092.9,365662
2026-04-17 10:15:00,1092.9,1109.85,1092.45,1104.55,150246
2026-04-17 11:15:00,1104.55,1109.15,1100.0,1102.45,1045440
2026-04-17 12:15:00,1101.9,1124.0,1101.4,1121.35,456369
2026-04-17 13:15:00,1121.45,1122.15,1114.8,1117.95,135404
2026-04-17 14:15:00,1117.95,1120.2,1109.15,1113.0,365208
2026-04-17 15:15:00,1112.95,1122.75,1110.95,1111.0,121902
2026-04-20 09:15:00,1107.7,1127.65,1096.75,1102.55,175683
2026-04-20 10:15:00,1103.2,1109.65,1101.95,1105.05,47100
2026-04-20 11:15:00,1105.05,1113.75,1105.05,1108.25,60462
2026-04-20 12:15:00,1108.0,1111.0,1106.95,1108.0,29601
2026-04-20 13:15:00,1108.0,1108.6,1104.3,1106.3,70337
2026-04-20 14:15:00,1106.3,1113.0,1105.4,1110.4,220164
2026-04-20 15:15:00,1110.25,1110.45,1104.85,1105.0,67409
2026-04-21 09:15:00,1116.0,1119.4,1107.5,1110.9,89045
2026-04-21 10:15:00,1111.9,1132.0,1110.0,1126.75,171693
2026-04-21 11:15:00,1126.85,1129.95,1121.0,1123.0,147243
2026-04-21 12:15:00,1123.0,1128.75,1112.6,1115.0,372813
2026-04-21 13:15:00,1115.05,1119.5,1113.45,1114.3,57583
2026-04-21 14:15:00,1114.3,1115.95,1096.5,1104.1,169553
2026-04-21 15:15:00,1103.3,1113.9,1101.45,1112.0,190903
2026-04-22 09:15:00,1114.0,1123.8,1051.0,1052.65,2228709
2026-04-22 10:15:00,1052.15,1060.0,1042.0,1053.2,880118
2026-04-22 11:15:00,1053.0,1063.75,1050.75,1055.1,542379
2026-04-22 12:15:00,1055.05,1056.2,1048.0,1054.4,492727
2026-04-22 13:15:00,1054.25,1056.2,1050.55,1053.05,290126
2026-04-22 14:15:00,1053.45,1058.7,1052.75,1055.3,1077278
2026-04-22 15:15:00,1055.3,1057.0,1050.0,1055.0,311441
2026-04-23 09:15:00,1049.0,1057.0,1033.8,1042.7,382462
2026-04-23 10:15:00,1042.55,1043.55,1040.55,1041.0,74858
2026-04-23 11:15:00,1041.0,1041.95,1034.35,1038.3,68040
2026-04-23 12:15:00,1038.05,1056.0,1037.0,1054.0,234014
2026-04-23 13:15:00,1054.0,1054.8,1048.55,1053.2,134194
2026-04-23 14:15:00,1053.2,1054.35,1048.5,1052.55,280919
2026-04-23 15:15:00,1052.55,1053.15,1045.0,1048.5,153495
2026-04-24 09:15:00,1056.9,1062.45,1035.2,1041.85,207403
2026-04-24 10:15:00,1042.1,1042.1,1034.0,1034.0,56434
2026-04-24 11:15:00,1034.0,1037.0,1030.2,1035.15,102701
2026-04-24 12:15:00,1035.15,1039.75,1031.0,1037.8,132996
2026-04-24 13:15:00,1037.8,1039.7,1032.05,1038.6,94246
2026-04-24 14:15:00,1038.6,1042.4,1037.4,1039.4,193034
2026-04-24 15:15:00,1039.1,1041.85,1035.0,1038.0,106851
2026-04-27 09:15:00,1034.9,1043.0,1025.0,1040.0,212707
2026-04-27 10:15:00,1040.0,1045.75,1037.3,1044.85,75318
2026-04-27 11:15:00,1044.85,1045.85,1041.8,1042.0,47538
2026-04-27 12:15:00,1042.0,1045.0,1041.7,1044.25,20546
2026-04-27 13:15:00,1044.8,1045.1,1043.0,1044.0,47895
2026-04-27 14:15:00,1044.0,1046.45,1040.0,1042.1,100691
2026-04-27 15:15:00,1042.1,1043.2,1040.8,1041.75,84732
2026-04-28 09:15:00,1041.0,1049.15,1030.75,1038.55,118866
2026-04-28 10:15:00,1039.0,1039.05,1031.55,1034.4,32222
2026-04-28 11:15:00,1034.0,1036.25,1030.05,1032.0,78697
2026-04-28 12:15:00,1032.15,1049.5,1032.0,1041.3,142410
2026-04-28 13:15:00,1041.3,1045.0,1035.0,1038.35,112049
2026-04-28 14:15:00,1038.35,1042.45,1035.1,1035.8,97384
2026-04-28 15:15:00,1035.8,1041.5,1035.15,1040.55,63687
2026-04-29 09:15:00,1045.0,1046.05,1034.15,1040.2,116643
2026-04-29 10:15:00,1040.2,1042.75,1037.6,1040.45,48790
2026-04-29 11:15:00,1040.45,1055.0,1040.0,1050.2,187880
2026-04-29 12:15:00,1050.2,1054.8,1050.0,1054.8,41608
2026-04-29 13:15:00,1054.8,1055.5,1045.75,1047.3,114418
2026-04-29 14:15:00,1046.9,1052.0,1045.8,1048.1,101959
2026-04-29 15:15:00,1048.1,1048.1,1041.45,1043.25,75498
2026-04-30 09:15:00,1038.2,1040.0,1018.6,1021.7,294235
2026-04-30 10:15:00,1021.85,1022.35,1009.0,1022.05,206095
2026-04-30 11:15:00,1022.0,1030.25,1022.0,1028.0,173004
2026-04-30 12:15:00,1027.7,1031.75,1025.0,1028.15,49809
2026-04-30 13:15:00,1028.15,1034.4,1027.1,1031.75,67706
2026-04-30 14:15:00,1031.7,1041.35,1031.5,1034.15,140532
2026-04-30 15:15:00,1034.3,1040.0,1032.9,1040.0,94616
2026-05-04 09:15:00,1041.0,1061.5,1033.4,1055.9,304823
2026-05-04 10:15:00,1055.0,1060.1,1049.1,1060.0,348509
2026-05-04 11:15:00,1060.0,1069.5,1059.8,1067.0,787553
2026-05-04 12:15:00,1067.0,1072.4,1065.2,1068.0,318571
2026-05-04 13:15:00,1068.1,1068.7,1057.1,1067.5,305764
2026-05-04 14:15:00,1067.5,1069.1,1063.6,1066.0,294557
2026-05-04 15:15:00,1066.0,1069.0,1063.0,1069.0,96059
2026-05-05 09:15:00,1065.6,1068.0,1050.5,1062.6,316507
2026-05-05 10:15:00,1061.9,1065.0,1055.5,1062.1,132826
2026-05-05 11:15:00,1062.0,1085.6,1062.0,1070.8,606776
2026-05-05 12:15:00,1071.9,1075.0,1068.4,1073.0,151284
2026-05-05 13:15:00,1072.9,1075.4,1067.7,1070.4,69915
2026-05-05 14:15:00,1070.4,1073.0,1068.2,1071.1,257981
2026-05-05 15:15:00,1071.8,1073.0,1069.2,1069.2,214085
2026-05-06 09:15:00,1079.8,1097.6,1079.7,1085.0,242229
2026-05-06 10:15:00,1085.5,1088.0,1082.6,1083.6,266024
2026-05-06 11:15:00,1083.6,1084.2,1080.3,1082.0,19589
2026-05-06 12:15:00,1082.0,1082.0,1075.0,1080.0,171269
2026-05-06 13:15:00,1080.0,1081.5,1077.0,1078.5,20637
2026-05-06 14:15:00,1078.5,1087.8,1078.4,1083.9,1335208
2026-05-06 15:15:00,1083.9,1085.7,1082.5,1084.9,118100
2026-05-07 09:15:00,1084.1,1095.9,1083.0,1085.9,104301
2026-05-07 10:15:00,1085.9,1092.8,1085.0,1091.3,44954
2026-05-07 11:15:00,1091.4,1102.3,1084.4,1102.2,92655
2026-05-07 12:15:00,1100.9,1109.8,1098.0,1109.6,180780
2026-05-07 13:15:00,1109.6,1118.0,1105.3,1116.5,101762
2026-05-07 14:15:00,1116.4,1118.0,1107.2,1108.8,166365
2026-05-07 15:15:00,1108.2,1116.0,1108.1,1113.0,116298
2026-05-08 09:15:00,1112.9,1127.6,1105.7,1127.2,219261
2026-05-08 10:15:00,1127.2,1134.9,1125.9,1128.6,129384
2026-05-08 11:15:00,1129.5,1132.1,1124.4,1131.3,53784
2026-05-08 12:15:00,1131.3,1131.8,1118.3,1122.4,50983
2026-05-08 13:15:00,1122.4,1123.8,1118.7,1120.6,36169
2026-05-08 14:15:00,1120.0,1126.8,1115.9,1116.1,88678
2026-05-08 15:15:00,1115.8,1124.0,1114.4,1114.4,95446
2026-05-11 09:15:00,1115.0,1129.4,1111.5,1121.0,202857
2026-05-11 10:15:00,1132.0,1133.2,1120.0,1125.3,92348
2026-05-11 11:15:00,1126.3,1127.3,1120.8,1124.0,82483
2026-05-11 12:15:00,1125.1,1128.0,1123.4,1126.0,47090
2026-05-11 12:00:00,1126.0,1126.0,1123.5,1125.0,129718813
2026-05-11 13:00:00,1124.7,1124.7,1123.6,1123.6,9764823
2026-05-11 13:15:00,1124.4,1126.4,1116.5,1121.3,153830
2026-05-11 14:15:00,1121.5,1121.9,1119.2,1119.2,3545
2026-05-11 14:00:00,1120.5,1121.0,1116.3,1116.8,516101359
2026-05-11 15:00:00,1116.8,1121.2,1111.4,1115.3,981906816
2026-05-12 09:15:00,1105.1,1115.3,1097.5,1100.6,91374
2026-05-12 10:15:00,1100.6,1113.0,1100.6,1109.5,86406
2026-05-12 11:15:00,1109.0,1109.6,1098.5,1106.8,371532
2026-05-12 12:15:00,1106.7,1108.7,1099.0,1102.9,178854
2026-05-12 13:15:00,1102.8,1104.4,1087.4,1088.1,104817
2026-05-12 14:15:00,1088.1,1092.8,1075.0,1077.8,55127
2026-05-12 15:15:00,1077.5,1080.5,1075.1,1075.5,36875
2026-05-13 09:15:00,1070.0,1096.8,1070.0,1086.6,75198
2026-05-13 10:15:00,1086.4,1100.0,1086.0,1089.7,148434
2026-05-13 11:15:00,1089.7,1093.8,1087.2,1093.2,20432
2026-05-13 12:15:00,1093.2,1095.9,1086.0,1095.4,34528
2026-05-13 13:15:00,1095.4,1095.8,1090.3,1093.2,110997
2026-05-13 14:15:00,1094.7,1094.7,1075.7,1076.2,120989
2026-05-13 15:15:00,1076.4,1084.9,1074.4,1084.9,57223
2026-05-14 09:15:00,1080.1,1088.4,1062.0,1074.3,69997
2026-05-14 10:15:00,1073.2,1081.0,1068.6,1069.0,45175
2026-05-14 11:15:00,1069.4,1089.5,1068.3,1086.2,83867
2026-05-14 12:15:00,1086.4,1097.5,1086.4,1096.0,56650
2026-05-14 13:15:00,1095.3,1104.8,1094.9,1104.5,68405
2026-05-14 14:15:00,1104.5,1106.7,1100.0,1100.3,39977
2026-05-14 15:00:00,1100.1,1105.2,1100.0,1102.1,290699992
2026-05-15 10:00:00,1105.6,1112.3,1103.1,1109.5,1031598551
2026-05-15 11:00:00,1101.4,1105.6,1100.0,1103.5,319735029
2026-05-15 12:00:00,1103.5,1109.9,1102.0,1109.0,1256340735
2026-05-15 13:00:00,1109.0,1110.0,1102.5,1103.7,1650461905
2026-05-15 14:00:00,1103.7,1103.7,1092.8,1098.0,1890023963
2026-05-15 15:00:00,1098.0,1099.0,1090.0,1093.8,1198091771
2026-05-15 15:15:00,1094.3,1094.9,1090.0,1090.0,65241
2026-05-19 10:00:00,1104.2,1112.6,1103.0,1112.0,100296508
2026-05-19 11:00:00,1112.0,1115.4,1109.4,1113.5,199993933
2026-05-19 12:00:00,1113.5,1121.5,1113.4,1118.1,302564144
2026-05-19 13:00:00,1118.1,1119.2,1108.9,1112.0,469747520
2026-05-19 14:00:00,1112.0,1112.0,1099.0,1100.2,598427021
2026-05-20 10:00:00,1089.3,1089.3,1078.1,1084.3,117997278
2026-05-20 11:00:00,1084.3,1094.6,1083.2,1091.9,360109755
2026-05-20 12:00:00,1091.9,1095.6,1089.7,1092.9,444996359
2026-05-20 13:00:00,1092.9,1093.5,1087.0,1091.1,545869812
2026-05-20 14:00:00,1091.1,1105.2,1091.1,1102.5,461653215
2026-05-20 15:00:00,1107.4,1107.4,1107.4,1107.4,310456
2026-05-21 10:00:00,1122.9,1127.7,1119.4,1126.5,369581147
2026-05-21 11:00:00,1126.5,1130.8,1120.4,1124.7,924232527
2026-05-21 12:00:00,1124.7,1127.9,1118.5,1118.5,1223794689
2026-05-21 13:00:00,1118.5,1120.9,1112.3,1115.9,1076855666
2026-05-21 14:00:00,1109.3,1111.4,1108.7,1109.9,323770847
2026-05-21 15:00:00,1109.7,1115.2,1109.7,1111.8,803323074
