datetime,open,high,low,close,volume
2026-02-01 09:15:00,150.01,152.79,150.01,151.77,55347
2026-02-01 09:25:00,151.69,151.99,151.0,151.11,19030
2026-02-01 09:35:00,151.11,152.0,150.66,151.75,15675
2026-02-01 09:45:00,151.75,151.94,151.5,151.9,12166
2026-02-01 09:55:00,151.9,152.9,151.45,152.48,17795
2026-02-01 10:05:00,152.5,152.75,152.0,152.4,23245
2026-02-01 10:15:00,152.38,152.9,152.09,152.56,24270
2026-02-01 10:25:00,152.55,153.29,152.55,152.94,36747
2026-02-01 10:35:00,152.94,154.0,152.76,153.55,26141
2026-02-01 10:45:00,153.38,153.5,152.81,153.26,18383
2026-02-01 10:55:00,153.26,153.38,152.6,152.93,4148
2026-02-01 11:05:00,152.93,153.23,152.6,152.7,10085
2026-02-01 11:15:00,152.7,152.82,151.52,151.7,24330
2026-02-01 11:25:00,151.7,152.47,151.5,152.23,7890
2026-02-01 11:35:00,152.23,152.23,151.32,151.68,13446
2026-02-01 11:45:00,151.68,151.8,150.5,150.81,21716
2026-02-01 11:55:00,150.81,152.49,150.21,150.73,41378
2026-02-01 12:05:00,150.76,151.55,150.5,150.53,12397
2026-02-01 12:15:00,150.53,150.92,149.06,149.08,27959
2026-02-01 12:25:00,149.08,149.82,147.63,148.83,25573
2026-02-01 12:35:00,148.84,150.15,148.5,150.02,8213
2026-02-01 12:45:00,150.02,150.21,149.69,149.94,3887
2026-02-01 12:55:00,149.94,150.5,149.75,149.97,7465
2026-02-01 13:05:00,149.97,149.97,149.23,149.89,4993
2026-02-01 13:15:00,149.89,150.01,149.5,149.55,3344
2026-02-01 13:25:00,149.55,149.74,149.11,149.25,1897
2026-02-01 13:35:00,149.25,149.73,149.1,149.62,3302
2026-02-01 13:45:00,149.62,150.13,149.55,149.62,5099
2026-02-01 13:55:00,149.62,149.96,149.28,149.36,1796
2026-02-01 14:05:00,149.36,149.46,149.1,149.41,3033
2026-02-01 14:15:00,149.41,149.52,149.18,149.21,1154
2026-02-01 14:25:00,149.29,150.1,149.29,150.1,4587
2026-02-01 14:35:00,150.1,150.1,149.6,149.6,1143
2026-02-01 14:45:00,149.6,149.77,149.05,149.24,3929
2026-02-01 14:55:00,149.24,149.48,148.65,148.81,19706
2026-02-01 15:05:00,148.81,148.95,148.4,148.42,18726
2026-02-01 15:15:00,148.42,148.69,148.0,148.1,25768
2026-02-01 15:25:00,148.0,148.1,148.0,148.01,10625
2026-02-02 09:15:00,148.0,148.99,146.61,147.11,16163
2026-02-02 09:25:00,147.12,147.28,145.36,146.95,32599
2026-02-02 09:35:00,146.78,146.79,146.23,146.48,6852
2026-02-02 09:45:00,146.48,146.48,145.31,146.22,43643
2026-02-02 09:55:00,146.22,146.34,145.47,145.47,4910
2026-02-02 10:05:00,145.47,145.6,144.82,144.83,14817
2026-02-02 10:15:00,145.03,145.08,144.48,144.48,3075
2026-02-02 10:25:00,144.48,145.1,144.3,144.75,7870
2026-02-02 10:35:00,144.75,144.86,144.18,144.19,17207
2026-02-02 10:45:00,144.19,144.45,144.11,144.29,5186
2026-02-02 10:55:00,144.29,144.29,142.35,143.18,18396
2026-02-02 11:05:00,143.18,143.24,142.65,142.94,9291
2026-02-02 11:15:00,142.94,142.94,142.5,142.8,4110
2026-02-02 11:25:00,142.8,143.94,142.67,143.94,19105
2026-02-02 11:35:00,143.94,143.94,143.36,143.36,1186
2026-02-02 11:45:00,143.36,143.48,142.38,142.98,10085
2026-02-02 11:55:00,142.98,142.98,142.7,142.7,5311
2026-02-02 12:05:00,142.7,142.81,142.21,142.79,4152
2026-02-02 12:15:00,142.79,143.21,142.63,142.88,5662
2026-02-02 12:25:00,142.93,142.93,142.51,142.63,2289
2026-02-02 12:35:00,142.87,142.92,142.2,142.65,16141
2026-02-02 12:45:00,142.65,142.65,142.36,142.51,1876
2026-02-02 12:55:00,142.51,142.91,142.51,142.91,1193
2026-02-02 13:05:00,142.91,143.51,142.91,143.0,3422
2026-02-02 13:15:00,143.0,143.21,142.61,142.66,2450
2026-02-02 13:25:00,142.66,142.84,142.55,142.72,1932
2026-02-02 13:35:00,142.72,143.21,142.7,143.0,7868
2026-02-02 13:45:00,143.0,143.63,143.0,143.63,7686
2026-02-02 13:55:00,143.63,143.94,143.42,143.7,7966
2026-02-02 14:05:00,143.73,143.84,143.42,143.8,933
2026-02-02 14:15:00,143.8,144.0,143.68,143.88,4025
2026-02-02 14:25:00,143.87,145.03,143.68,144.68,14206
2026-02-02 14:35:00,144.68,145.1,144.4,144.75,3671
2026-02-02 14:45:00,144.79,145.45,144.6,145.34,4267
2026-02-02 14:55:00,145.34,146.44,144.95,145.8,37332
2026-02-02 15:05:00,145.8,146.87,145.66,146.87,18523
2026-02-02 15:15:00,146.87,147.75,146.7,147.7,25343
2026-02-02 15:25:00,147.7,148.0,145.67,147.0,12166
2026-02-03 09:15:00,150.5,151.9,147.3,147.94,55908
2026-02-03 09:25:00,147.94,148.0,146.9,146.94,15842
2026-02-03 09:35:00,146.95,147.15,146.75,147.06,25101
2026-02-03 09:45:00,147.06,147.2,146.55,146.75,18520
2026-02-03 09:55:00,146.75,146.91,146.3,146.8,13449
2026-02-03 10:05:00,146.8,146.9,146.5,146.5,11861
2026-02-03 10:15:00,146.5,147.0,146.5,147.0,13008
2026-02-03 10:25:00,147.0,147.37,147.0,147.27,5947
2026-02-03 10:35:00,147.27,147.57,147.1,147.1,7232
2026-02-03 10:45:00,147.1,147.5,146.85,147.19,7950
2026-02-03 10:55:00,147.19,147.55,147.09,147.26,6926
2026-02-03 11:05:00,147.26,147.76,147.18,147.5,10875
2026-02-03 11:15:00,147.5,147.63,147.3,147.52,4440
2026-02-03 11:25:00,147.52,148.24,147.38,148.15,9837
2026-02-03 11:35:00,148.02,148.4,147.82,148.22,8815
2026-02-03 11:45:00,148.22,148.39,147.84,148.14,5937
2026-02-03 11:55:00,148.14,148.18,147.6,147.6,5137
2026-02-03 12:05:00,147.6,148.34,147.6,148.12,11149
2026-02-03 12:15:00,148.12,148.31,147.96,148.15,11219
2026-02-03 12:25:00,148.15,148.2,147.75,148.05,13621
2026-02-03 12:35:00,148.14,148.16,147.63,147.93,4681
2026-02-03 12:45:00,147.93,148.0,147.8,147.91,3077
2026-02-03 12:55:00,147.91,147.91,147.75,147.81,2126
2026-02-03 13:05:00,147.81,147.81,147.5,147.63,1794
2026-02-03 13:15:00,147.63,147.69,147.48,147.69,1522
2026-02-03 13:25:00,147.69,147.71,147.46,147.71,2708
2026-02-03 13:35:00,147.71,147.71,147.54,147.7,365
2026-02-03 13:45:00,147.7,147.84,147.65,147.75,6381
2026-02-03 13:55:00,147.75,147.9,147.6,147.9,2019
2026-02-03 14:05:00,147.9,147.9,147.61,147.82,1044
2026-02-03 14:15:00,147.82,148.36,147.68,148.18,3951
2026-02-03 14:25:00,148.18,148.34,148.05,148.05,5156
2026-02-03 14:35:00,148.05,148.16,147.68,147.74,2744
2026-02-03 14:45:00,147.74,147.78,147.5,147.7,4544
2026-02-03 14:55:00,147.7,147.73,147.3,147.66,6861
2026-02-03 15:05:00,147.66,147.8,147.18,147.65,10606
2026-02-03 15:15:00,147.65,148.09,147.37,147.76,22846
2026-02-03 15:25:00,147.76,147.89,147.36,147.89,10776
2026-02-04 09:15:00,147.7,147.7,145.92,146.64,27918
2026-02-04 09:25:00,146.6,147.13,146.6,146.93,11845
2026-02-04 09:35:00,146.93,147.47,146.75,147.47,8300
2026-02-04 09:45:00,147.47,147.98,147.42,147.53,9360
2026-02-04 09:55:00,147.53,148.27,147.53,148.27,5344
2026-02-04 10:05:00,148.27,149.2,148.27,148.79,18612
2026-02-04 10:15:00,149.03,149.15,148.58,148.58,8970
2026-02-04 10:25:00,148.58,148.58,148.03,148.19,11715
2026-02-04 10:35:00,148.19,148.38,147.55,147.8,10764
2026-02-04 10:45:00,147.8,147.96,147.47,147.9,4703
2026-02-04 10:55:00,147.9,147.9,147.41,147.9,4651
2026-02-04 11:05:00,147.9,148.23,147.66,147.66,1642
2026-02-04 11:15:00,147.66,147.92,147.25,147.37,20645
2026-02-04 11:25:00,147.3,147.43,147.12,147.33,5064
2026-02-04 11:35:00,147.33,147.33,147.05,147.33,1326
2026-02-04 11:45:00,147.33,147.4,147.0,147.26,4622
2026-02-04 11:55:00,147.35,147.68,147.24,147.5,2011
2026-02-04 12:05:00,147.5,147.95,147.35,147.82,8271
2026-02-04 12:15:00,147.82,148.25,147.82,148.01,2869
2026-02-04 12:25:00,148.01,148.15,147.79,147.81,3616
2026-02-04 12:35:00,147.81,148.42,147.73,148.17,4308
2026-02-04 12:45:00,148.17,148.3,148.0,148.04,1465
2026-02-04 12:55:00,148.04,148.1,147.74,148.1,352
2026-02-04 13:05:00,148.1,148.49,148.04,148.27,2210
2026-02-04 13:15:00,148.27,148.6,148.25,148.58,4445
2026-02-04 13:25:00,148.58,148.58,148.36,148.52,3015
2026-02-04 13:35:00,148.52,148.87,148.42,148.8,5127
2026-02-04 13:45:00,148.8,148.82,148.51,148.63,3938
2026-02-04 13:55:00,148.49,149.12,148.41,149.03,4340
2026-02-04 14:05:00,149.03,149.07,148.79,149.07,3785
2026-02-04 14:15:00,149.07,149.29,149.0,149.15,5394
2026-02-04 14:25:00,149.15,149.24,148.84,149.13,6416
2026-02-04 14:35:00,149.14,149.27,148.87,149.02,5621
2026-02-04 14:45:00,149.02,149.19,148.91,149.04,4615
2026-02-04 14:55:00,149.04,149.43,148.89,149.24,9238
2026-02-04 15:05:00,149.25,149.34,149.0,149.34,12200
2026-02-04 15:15:00,149.34,149.71,148.97,148.99,21923
2026-02-04 15:25:00,148.99,149.45,148.9,149.45,8801
2026-02-05 09:15:00,149.02,149.34,148.12,148.12,17557
2026-02-05 09:25:00,148.12,148.7,148.0,148.33,27616
2026-02-05 09:35:00,148.33,148.36,147.36,147.53,31590
2026-02-05 09:45:00,147.53,148.25,147.21,148.15,19284
2026-02-05 09:55:00,148.15,148.29,147.66,147.67,5618
2026-02-05 10:05:00,147.67,147.8,147.61,147.8,986
2026-02-05 10:15:00,147.8,148.18,147.72,148.03,1792
2026-02-05 10:25:00,148.03,148.28,147.87,148.09,4575
2026-02-05 10:35:00,148.09,148.09,147.88,147.88,7341
2026-02-05 10:45:00,147.88,147.88,147.34,147.34,3614
2026-02-05 10:55:00,147.34,147.34,146.33,146.81,10754
2026-02-05 11:05:00,146.81,146.85,146.61,146.8,3680
2026-02-05 11:15:00,146.8,146.92,146.5,146.68,17066
2026-02-05 11:25:00,146.68,147.0,146.61,146.69,4765
2026-02-05 11:35:00,146.63,146.94,146.58,146.7,4001
2026-02-05 11:45:00,146.7,147.05,146.65,146.81,4246
2026-02-05 11:55:00,146.81,147.14,146.77,146.94,2308
2026-02-05 12:05:00,146.94,147.1,146.72,146.72,5353
2026-02-05 12:15:00,146.72,146.93,146.61,146.8,2297
2026-02-05 12:25:00,146.8,146.99,146.5,146.62,1958
2026-02-05 12:35:00,146.62,147.26,146.52,147.15,5754
2026-02-05 12:45:00,147.15,147.15,146.72,146.79,2102
2026-02-05 12:55:00,146.79,147.23,146.64,147.04,2413
2026-02-05 13:05:00,147.04,147.44,147.01,147.44,2053
2026-02-05 13:15:00,147.44,147.57,147.27,147.3,1993
2026-02-05 13:25:00,147.3,147.49,147.29,147.39,1987
2026-02-05 13:35:00,147.39,147.54,147.34,147.4,1361
2026-02-05 13:45:00,147.4,147.65,147.39,147.39,4273
2026-02-05 13:55:00,147.49,147.68,147.36,147.5,2279
2026-02-05 14:05:00,147.5,147.5,147.01,147.18,2429
2026-02-05 14:15:00,147.18,147.31,147.0,147.1,2658
2026-02-05 14:25:00,147.1,147.32,147.05,147.25,1454
2026-02-05 14:35:00,147.25,147.48,147.08,147.28,2567
2026-02-05 14:45:00,147.28,147.48,147.15,147.36,4024
2026-02-05 14:55:00,147.36,147.83,147.36,147.77,4560
2026-02-05 15:05:00,147.78,147.89,147.43,147.74,7403
2026-02-05 15:15:00,147.74,148.0,147.43,147.94,29083
2026-02-05 15:25:00,147.94,149.6,147.7,148.0,16125
2026-02-06 09:15:00,148.46,148.53,147.45,147.9,32866
2026-02-06 09:25:00,147.9,149.34,147.75,149.14,32228
2026-02-06 09:35:00,149.14,153.2,149.1,151.6,247327
2026-02-06 09:45:00,151.4,152.0,150.13,150.61,229917
2026-02-06 09:55:00,150.99,151.39,149.78,150.06,61772
2026-02-06 10:05:00,150.06,150.07,148.61,148.93,64455
2026-02-06 10:15:00,148.93,152.88,148.68,151.98,135873
2026-02-06 10:25:00,152.0,152.0,149.83,150.8,98665
2026-02-06 10:35:00,150.9,151.79,150.8,151.69,63107
2026-02-06 10:45:00,151.7,151.7,150.9,151.14,44758
2026-02-06 10:55:00,150.91,151.14,150.75,150.84,22345
2026-02-06 11:05:00,150.84,151.12,150.26,150.95,18267
2026-02-06 11:15:00,151.01,151.2,150.76,150.89,13831
2026-02-06 11:25:00,150.89,151.15,150.51,150.95,18981
2026-02-06 11:35:00,150.95,151.5,150.9,151.06,19427
2026-02-06 11:45:00,151.06,151.06,150.32,150.36,14306
2026-02-06 11:55:00,150.36,151.0,150.35,150.58,27999
2026-02-06 12:05:00,150.58,150.79,150.24,150.51,13481
2026-02-06 12:15:00,150.51,150.57,150.17,150.3,8051
2026-02-06 12:25:00,150.3,150.85,150.3,150.5,13816
2026-02-06 12:35:00,150.5,150.81,150.45,150.45,5669
2026-02-06 12:45:00,150.45,150.64,150.27,150.5,7238
2026-02-06 12:55:00,150.41,150.78,150.34,150.58,4293
2026-02-06 13:05:00,150.57,150.91,150.46,150.6,6415
2026-02-06 13:15:00,150.49,150.78,150.49,150.55,7199
2026-02-06 13:25:00,150.55,150.8,150.22,150.22,12266
2026-02-06 13:35:00,150.22,150.42,150.15,150.42,9107
2026-02-06 13:45:00,150.42,150.56,150.24,150.44,12935
2026-02-06 13:55:00,150.44,150.65,150.12,150.41,9658
2026-02-06 14:05:00,150.41,150.41,150.26,150.39,4142
2026-02-06 14:15:00,150.39,150.51,150.31,150.35,2503
2026-02-06 14:25:00,150.35,150.51,150.31,150.48,6827
2026-02-06 14:35:00,150.31,150.44,150.25,150.44,6622
2026-02-06 14:45:00,150.44,150.44,149.26,149.8,18681
2026-02-06 14:55:00,149.8,150.0,149.7,149.7,28634
2026-02-06 15:05:00,149.7,149.85,149.6,149.7,18357
2026-02-06 15:15:00,149.65,150.25,149.02,149.65,102044
2026-02-06 15:25:00,149.65,150.4,149.5,150.0,55401
2026-02-09 09:15:00,150.51,150.65,149.51,150.26,27734
2026-02-09 09:25:00,150.26,151.68,149.6,149.85,29064
2026-02-09 09:35:00,149.85,150.33,149.31,149.88,29112
2026-02-09 09:45:00,149.88,150.0,149.77,149.9,4541
2026-02-09 09:55:00,149.9,150.0,149.8,149.91,2718
2026-02-09 10:05:00,149.91,149.91,149.6,149.68,4212
2026-02-09 10:15:00,149.68,150.06,149.6,149.99,2583
2026-02-09 10:25:00,149.99,150.03,149.49,149.73,18095
2026-02-09 10:35:00,149.73,151.39,149.73,151.04,16063
2026-02-09 10:45:00,151.0,151.09,150.64,151.0,19379
2026-02-09 10:55:00,151.0,151.38,150.95,151.2,11401
2026-02-09 11:05:00,151.24,152.32,151.01,152.2,38641
2026-02-09 11:15:00,152.2,152.59,152.0,152.3,43735
2026-02-09 11:25:00,152.3,152.3,151.87,152.24,12274
2026-02-09 11:35:00,152.24,152.24,151.98,152.08,2066
2026-02-09 11:45:00,152.08,152.08,151.6,151.79,6222
2026-02-09 11:55:00,151.79,151.97,151.61,151.78,5578
2026-02-09 12:05:00,151.78,151.94,151.73,151.88,3949
2026-02-09 12:15:00,151.88,152.04,151.72,151.9,13414
2026-02-09 12:25:00,151.9,152.0,151.61,151.97,3181
2026-02-09 12:35:00,151.97,152.21,151.97,152.03,4160
2026-02-09 12:45:00,152.03,152.4,151.97,152.12,14611
2026-02-09 12:55:00,152.12,152.49,152.03,152.32,8043
2026-02-09 13:05:00,152.32,152.45,152.24,152.43,4705
2026-02-09 13:15:00,152.43,152.75,152.43,152.5,11588
2026-02-09 13:25:00,152.5,152.79,152.21,152.78,7112
2026-02-09 13:35:00,152.78,153.1,152.62,152.63,30031
2026-02-09 13:45:00,152.63,153.0,152.63,152.88,4941
2026-02-09 13:55:00,152.88,153.15,152.57,152.71,20649
2026-02-09 14:05:00,152.71,152.84,152.58,152.6,7353
2026-02-09 14:15:00,152.6,152.9,152.57,152.7,7227
2026-02-09 14:25:00,152.7,152.88,152.55,152.61,4293
2026-02-09 14:35:00,152.61,152.74,152.32,152.49,6671
2026-02-09 14:45:00,152.49,152.54,152.2,152.37,7447
2026-02-09 14:55:00,152.37,153.5,152.25,153.16,144188
2026-02-09 15:05:00,153.16,153.16,152.54,152.7,49217
2026-02-09 15:15:00,152.77,153.23,152.67,152.82,22027
2026-02-09 15:25:00,152.82,153.25,152.8,153.2,25231
2026-02-10 09:15:00,154.7,154.7,152.47,153.29,53804
2026-02-10 09:25:00,153.16,153.39,152.77,153.24,7885
2026-02-10 09:35:00,153.08,153.38,152.9,153.38,7231
2026-02-10 09:45:00,153.38,153.38,152.6,152.6,4837
2026-02-10 09:55:00,152.62,153.0,152.42,152.96,10446
2026-02-10 10:05:00,152.96,153.49,152.76,153.11,13280
2026-02-10 10:15:00,153.11,154.34,153.02,153.89,56320
2026-02-10 10:25:00,153.89,155.99,153.75,155.44,85685
2026-02-10 10:35:00,155.45,156.3,155.4,155.62,58862
2026-02-10 10:45:00,155.46,156.3,155.46,156.29,45593
2026-02-10 10:55:00,156.4,156.8,155.2,155.25,101630
2026-02-10 11:05:00,155.25,157.9,155.25,157.75,126490
2026-02-10 11:15:00,157.78,159.4,157.3,158.93,235699
2026-02-10 11:25:00,158.93,159.06,157.1,158.12,97361
2026-02-10 11:35:00,158.12,158.35,157.75,158.08,44350
2026-02-10 11:45:00,158.2,158.98,157.95,158.95,42689
2026-02-10 11:55:00,158.89,159.4,158.32,158.74,128422
2026-02-10 12:05:00,158.74,159.75,158.52,159.32,89450
2026-02-10 12:15:00,159.32,162.39,159.17,160.51,358981
2026-02-10 12:25:00,160.76,161.27,160.1,160.89,110232
2026-02-10 12:35:00,160.98,161.35,160.26,160.75,79149
2026-02-10 12:45:00,160.75,160.88,160.0,160.05,35853
2026-02-10 12:55:00,160.05,160.71,159.38,159.82,58453
2026-02-10 13:05:00,159.82,160.47,159.57,160.13,22361
2026-02-10 13:15:00,160.13,160.31,159.8,160.3,27737
2026-02-10 13:25:00,160.2,160.45,159.52,159.75,35999
2026-02-10 13:35:00,159.75,159.75,159.05,159.49,42092
2026-02-10 13:45:00,159.49,159.64,159.03,159.5,19460
2026-02-10 13:55:00,159.41,159.5,158.64,158.89,31707
2026-02-10 14:05:00,158.89,159.28,158.81,159.14,18342
2026-02-10 14:15:00,159.14,159.59,159.14,159.37,9428
2026-02-10 14:25:00,159.45,160.18,159.26,159.96,40579
2026-02-10 14:35:00,160.0,160.0,159.3,159.4,17907
2026-02-10 14:45:00,159.4,159.75,158.8,158.94,32024
2026-02-10 14:55:00,158.61,159.2,158.53,158.76,62277
2026-02-10 15:05:00,158.76,159.12,158.7,158.81,40996
2026-02-10 15:15:00,158.97,159.4,158.76,159.16,65704
2026-02-10 15:25:00,159.33,159.47,159.0,159.3,47716
2026-02-11 09:15:00,158.12,158.7,156.55,156.58,53907
2026-02-11 09:25:00,156.54,157.68,156.31,157.0,41490
2026-02-11 09:35:00,157.0,157.19,156.62,157.1,20566
2026-02-11 09:45:00,157.1,157.21,156.7,156.83,29887
2026-02-11 09:55:00,156.83,157.08,156.65,156.66,5859
2026-02-11 10:05:00,156.66,157.05,156.55,156.84,4910
2026-02-11 10:15:00,156.84,157.1,156.62,156.79,22389
2026-02-11 10:25:00,156.79,156.91,156.61,156.91,6032
2026-02-11 10:35:00,156.91,156.91,156.6,156.75,4483
2026-02-11 10:45:00,156.75,157.47,156.75,157.07,14276
2026-02-11 10:55:00,157.07,157.07,156.5,156.65,19026
2026-02-11 11:05:00,156.65,156.81,156.44,156.71,12569
2026-02-11 11:15:00,156.71,156.79,156.47,156.64,3791
2026-02-11 11:25:00,156.64,156.91,156.62,156.69,2672
2026-02-11 11:35:00,156.69,156.79,156.6,156.72,1844
2026-02-11 11:45:00,156.72,156.9,156.62,156.8,3033
2026-02-11 11:55:00,156.8,156.8,156.25,156.31,13564
2026-02-11 12:05:00,156.31,156.35,156.1,156.13,4365
2026-02-11 12:15:00,156.13,156.2,155.9,155.9,6383
2026-02-11 12:25:00,155.9,156.0,155.9,155.97,2581
2026-02-11 12:35:00,155.97,156.0,155.8,155.87,7797
2026-02-11 12:45:00,155.87,156.37,155.87,156.33,4453
2026-02-11 12:55:00,156.33,156.33,156.09,156.2,1088
2026-02-11 13:05:00,156.2,156.72,156.2,156.63,4108
2026-02-11 13:15:00,156.63,156.63,156.29,156.52,2162
2026-02-11 13:25:00,156.52,156.78,156.39,156.7,1873
2026-02-11 13:35:00,156.7,156.79,156.52,156.69,985
2026-02-11 13:45:00,156.69,156.69,156.42,156.52,1257
2026-02-11 13:55:00,156.52,156.6,156.21,156.35,2184
2026-02-11 14:05:00,156.35,156.53,156.08,156.5,3444
2026-02-11 14:15:00,156.46,156.99,156.27,156.67,9148
2026-02-11 14:25:00,156.67,156.75,156.5,156.75,3306
2026-02-11 14:35:00,156.75,156.75,156.5,156.55,1422
2026-02-11 14:45:00,156.55,156.55,156.19,156.4,6769
2026-02-11 14:55:00,156.4,157.22,156.17,156.74,13051
2026-02-11 15:05:00,156.65,156.97,156.51,156.74,17660
2026-02-11 15:15:00,156.74,157.0,156.74,156.88,24158
2026-02-11 15:25:00,156.95,156.99,156.1,156.1,8534
2026-02-12 09:15:00,155.82,155.96,154.3,154.3,35423
2026-02-12 09:25:00,154.41,154.59,153.76,153.85,15714
2026-02-12 09:35:00,153.85,154.05,153.48,153.91,29825
2026-02-12 09:45:00,153.91,154.72,153.8,154.51,18470
2026-02-12 09:55:00,154.51,154.63,154.06,154.26,8858
2026-02-12 10:05:00,154.26,155.52,154.26,155.12,17872
2026-02-12 10:15:00,155.12,155.18,154.91,154.96,5328
2026-02-12 10:25:00,154.92,154.93,154.63,154.92,3751
2026-02-12 10:35:00,154.92,154.92,154.76,154.76,1671
2026-02-12 10:45:00,154.76,154.99,154.6,154.9,11786
2026-02-12 10:55:00,154.9,155.42,154.09,155.42,21819
2026-02-12 11:05:00,155.42,155.42,154.83,154.83,3645
2026-02-12 11:15:00,154.83,154.83,154.37,154.43,3226
2026-02-12 11:25:00,154.43,154.47,154.09,154.1,5500
2026-02-12 11:35:00,154.1,154.2,153.93,154.13,6599
2026-02-12 11:45:00,154.13,154.13,154.0,154.07,3281
2026-02-12 11:55:00,154.07,154.07,153.8,153.8,3953
2026-02-12 12:05:00,153.8,153.8,153.66,153.7,1814
2026-02-12 12:15:00,153.7,153.86,153.67,153.81,703
2026-02-12 12:25:00,153.81,155.0,153.81,154.93,19084
2026-02-12 12:35:00,154.93,154.93,154.36,154.36,3476
2026-02-12 12:45:00,154.36,154.73,154.33,154.59,1637
2026-02-12 12:55:00,154.6,154.66,154.3,154.42,6469
2026-02-12 13:05:00,154.42,154.42,154.25,154.25,1647
2026-02-12 13:15:00,154.25,154.62,154.13,154.44,2993
2026-02-12 13:25:00,154.44,154.57,154.44,154.5,842
2026-02-12 13:35:00,154.5,154.72,154.5,154.72,318
2026-02-12 13:45:00,154.72,154.83,154.5,154.5,6093
2026-02-12 13:55:00,154.5,154.95,154.5,154.67,3497
2026-02-12 14:05:00,154.67,154.78,154.59,154.68,1068
2026-02-12 14:15:00,154.68,154.7,154.52,154.69,1635
2026-02-12 14:25:00,154.69,154.69,154.41,154.62,2623
2026-02-12 14:35:00,154.62,154.62,154.2,154.27,2728
2026-02-12 14:45:00,154.27,154.52,153.9,154.39,3927
2026-02-12 14:55:00,154.39,154.78,154.11,154.66,5499
2026-02-12 15:05:00,154.66,154.66,154.34,154.54,8553
2026-02-12 15:15:00,154.45,154.88,154.27,154.31,28953
2026-02-12 15:25:00,154.31,154.76,154.3,154.63,22582
2026-02-13 09:15:00,152.3,153.74,151.44,152.21,49307
2026-02-13 09:25:00,152.07,152.21,151.28,151.33,17112
2026-02-13 09:35:00,151.33,152.03,151.0,151.96,15460
2026-02-13 09:45:00,151.78,152.0,151.5,151.92,13455
2026-02-13 09:55:00,151.92,151.92,151.5,151.73,3911
2026-02-13 10:05:00,151.73,151.73,151.0,151.06,12455
2026-02-13 10:15:00,151.06,151.39,150.8,151.38,13607
2026-02-13 10:25:00,151.38,151.68,151.23,151.67,2287
2026-02-13 10:35:00,151.67,152.37,151.67,151.9,24888
2026-02-13 10:45:00,151.9,151.9,151.63,151.85,2193
2026-02-13 10:55:00,151.85,151.93,151.51,151.51,3083
2026-02-13 11:05:00,151.51,151.7,151.37,151.56,2156
2026-02-13 11:15:00,151.56,151.56,151.26,151.3,3324
2026-02-13 11:25:00,151.3,151.38,151.11,151.11,3149
2026-02-13 11:35:00,151.11,151.11,150.39,150.44,11329
2026-02-13 11:45:00,150.44,152.25,150.44,152.0,24845
2026-02-13 11:55:00,152.0,152.0,151.29,151.58,15149
2026-02-13 12:05:00,151.65,151.88,151.52,151.88,2630
2026-02-13 12:15:00,151.88,152.24,151.69,152.21,3746
2026-02-13 12:25:00,152.21,152.7,152.16,152.51,12534
2026-02-13 12:35:00,152.51,152.6,152.32,152.4,2088
2026-02-13 12:45:00,152.4,152.51,152.04,152.24,4932
2026-02-13 12:55:00,152.24,152.24,151.75,151.82,1882
2026-02-13 13:05:00,151.82,152.06,151.8,151.94,10958
2026-02-13 13:15:00,151.94,152.26,151.8,151.91,3237
2026-02-13 13:25:00,151.91,151.91,151.7,151.7,2039
2026-02-13 13:35:00,151.7,151.8,151.5,151.8,1805
2026-02-13 13:45:00,151.59,151.71,150.87,150.96,7265
2026-02-13 13:55:00,150.95,151.26,150.95,151.18,3047
2026-02-13 14:05:00,151.18,151.3,151.08,151.08,2774
2026-02-13 14:15:00,151.08,151.3,151.06,151.18,1331
2026-02-13 14:25:00,151.18,151.39,151.13,151.3,2431
2026-02-13 14:35:00,151.3,151.54,151.16,151.38,1561
2026-02-13 14:45:00,151.38,151.64,151.21,151.64,2586
2026-02-13 14:55:00,151.64,151.82,151.0,151.11,15808
2026-02-13 15:05:00,151.1,151.32,149.93,150.35,65941
2026-02-13 15:15:00,150.91,150.91,150.01,150.25,54821
2026-02-13 15:25:00,150.03,150.45,150.0,150.0,20418
2026-02-16 09:15:00,150.35,151.4,149.76,151.05,41282
2026-02-16 09:25:00,151.05,151.71,150.72,151.5,10513
2026-02-16 09:35:00,151.59,151.59,150.62,150.72,15817
2026-02-16 09:45:00,150.72,150.97,150.2,150.47,11738
2026-02-16 09:55:00,150.62,150.96,150.62,150.75,3823
2026-02-16 10:05:00,150.75,150.93,150.5,150.67,3368
2026-02-16 10:15:00,150.67,150.82,150.55,150.65,4373
2026-02-16 10:25:00,150.65,150.78,150.4,150.76,3942
2026-02-16 10:35:00,150.7,150.72,150.5,150.6,793
2026-02-16 10:45:00,150.6,150.9,150.52,150.7,2990
2026-02-16 10:55:00,150.7,150.7,150.4,150.4,3605
2026-02-16 11:05:00,150.4,150.41,150.1,150.31,13674
2026-02-16 11:15:00,150.31,150.69,150.2,150.64,6090
2026-02-16 11:25:00,150.64,150.64,150.26,150.28,1892
2026-02-16 11:35:00,150.28,150.55,150.26,150.29,238
2026-02-16 11:45:00,150.3,150.3,150.02,150.16,1306
2026-02-16 11:55:00,150.16,150.53,150.11,150.5,1948
2026-02-16 12:05:00,150.5,150.64,150.48,150.63,3584
2026-02-16 12:15:00,150.63,151.0,150.59,151.0,15587
2026-02-16 12:25:00,151.0,151.3,151.0,151.12,3451
2026-02-16 12:35:00,151.12,151.27,150.85,150.99,990
2026-02-16 12:45:00,150.99,151.07,150.5,150.68,869
2026-02-16 12:55:00,150.68,150.91,150.66,150.88,1375
2026-02-16 13:05:00,150.88,151.15,150.81,151.02,4596
2026-02-16 13:15:00,151.02,151.02,150.75,150.92,9554
2026-02-16 13:25:00,150.92,151.06,150.92,151.06,806
2026-02-16 13:35:00,151.06,151.4,151.01,151.3,4312
2026-02-16 13:45:00,151.42,151.53,151.15,151.26,2702
2026-02-16 13:55:00,151.26,151.4,151.05,151.12,18231
2026-02-16 14:05:00,151.12,151.12,150.6,150.6,4962
2026-02-16 14:15:00,150.6,150.8,150.5,150.66,2072
2026-02-16 14:25:00,150.66,150.78,150.64,150.71,686
2026-02-16 14:35:00,150.8,150.9,150.63,150.69,1242
2026-02-16 14:45:00,150.69,150.98,150.66,150.8,6513
2026-02-16 14:55:00,150.8,151.23,150.8,150.93,6007
2026-02-16 15:05:00,150.93,150.96,150.5,150.9,10139
2026-02-16 15:15:00,150.9,151.37,150.83,150.99,25773
2026-02-16 15:25:00,151.24,151.39,150.51,150.51,8242
2026-02-17 09:15:00,151.05,151.85,150.88,151.46,7283
2026-02-17 09:25:00,151.46,152.21,151.0,152.0,26677
2026-02-17 09:35:00,152.0,152.51,151.56,152.45,18892
2026-02-17 09:45:00,152.46,152.99,152.03,152.41,97347
2026-02-17 09:55:00,152.41,152.48,152.0,152.45,2458
2026-02-17 10:05:00,152.45,152.61,152.04,152.45,5974
2026-02-17 10:15:00,152.45,152.56,152.17,152.37,4272
2026-02-17 10:25:00,152.37,153.18,152.37,152.85,6870
2026-02-17 10:35:00,152.85,153.21,152.6,152.89,10534
2026-02-17 10:45:00,152.89,152.89,152.24,152.39,6426
2026-02-17 10:55:00,152.39,152.73,152.0,152.0,8402
2026-02-17 11:05:00,152.0,152.46,152.0,152.15,2857
2026-02-17 11:15:00,152.27,152.3,152.08,152.13,945
2026-02-17 11:25:00,152.29,152.46,152.16,152.4,4292
2026-02-17 11:35:00,152.4,152.7,152.21,152.34,3304
2026-02-17 11:45:00,152.34,152.66,152.3,152.4,2836
2026-02-17 11:55:00,152.4,152.51,152.13,152.14,1546
2026-02-17 12:05:00,152.14,152.3,152.14,152.28,707
2026-02-17 12:15:00,152.28,152.59,152.22,152.58,2324
2026-02-17 12:25:00,152.58,152.67,152.29,152.65,3474
2026-02-17 12:35:00,152.74,153.29,152.74,152.89,41690
2026-02-17 12:45:00,152.89,152.89,152.72,152.76,2965
2026-02-17 12:55:00,152.76,152.76,152.18,152.34,5038
2026-02-17 13:05:00,152.34,152.95,152.29,152.45,3528
2026-02-17 13:15:00,152.45,152.59,152.4,152.55,1844
2026-02-17 13:25:00,152.55,152.59,152.35,152.51,2862
2026-02-17 13:35:00,152.59,152.76,152.35,152.56,3715
2026-02-17 13:45:00,152.56,152.79,152.52,152.79,2705
2026-02-17 13:55:00,152.84,152.84,152.47,152.5,3373
2026-02-17 14:05:00,152.5,152.77,152.25,152.25,3163
2026-02-17 14:15:00,152.25,152.46,152.13,152.39,4546
2026-02-17 14:25:00,152.39,152.39,152.0,152.01,1609
2026-02-17 14:35:00,152.01,152.3,152.0,152.12,2201
2026-02-17 14:45:00,152.12,152.25,152.1,152.11,1118
2026-02-17 14:55:00,152.11,152.61,152.06,152.47,4504
2026-02-17 15:05:00,152.57,152.7,152.02,152.32,24034
2026-02-17 15:15:00,152.37,152.42,151.86,152.34,18886
2026-02-17 15:25:00,152.34,152.34,152.0,152.0,9955
2026-02-18 09:15:00,152.26,152.78,151.61,151.81,9749
2026-02-18 09:25:00,151.81,152.51,151.62,152.3,9809
2026-02-18 09:35:00,152.3,152.5,152.09,152.15,7181
2026-02-18 09:45:00,152.15,152.15,151.57,151.92,56632
2026-02-18 09:55:00,151.92,152.24,151.64,151.8,7384
2026-02-18 10:05:00,151.8,152.0,151.68,151.75,2519
2026-02-18 10:15:00,151.77,151.77,151.32,151.45,3455
2026-02-18 10:25:00,151.45,151.45,151.08,151.27,4647
2026-02-18 10:35:00,151.27,151.4,151.15,151.15,6344
2026-02-18 10:45:00,151.15,151.28,150.98,151.28,6243
2026-02-18 10:55:00,151.39,151.4,151.11,151.38,4179
2026-02-18 11:05:00,151.38,151.48,151.23,151.23,1826
2026-02-18 11:15:00,151.23,151.37,151.23,151.34,2372
2026-02-18 11:25:00,151.34,151.39,151.23,151.36,1201
2026-02-18 11:35:00,151.36,151.45,151.22,151.22,1526
2026-02-18 11:45:00,151.22,151.4,151.2,151.39,8037
2026-02-18 11:55:00,151.39,151.4,151.39,151.4,370
2026-02-18 12:05:00,151.4,151.55,151.04,151.44,6619
2026-02-18 12:15:00,151.44,151.54,151.3,151.3,4847
2026-02-18 12:25:00,151.3,151.37,151.01,151.26,4928
2026-02-18 12:35:00,151.26,151.45,151.25,151.45,1691
2026-02-18 12:45:00,151.45,151.5,151.4,151.44,682
2026-02-18 12:55:00,151.44,151.47,151.25,151.29,2678
2026-02-18 13:05:00,151.29,151.48,151.29,151.4,1127
2026-02-18 13:15:00,151.4,151.73,151.32,151.73,10314
2026-02-18 13:25:00,151.73,151.9,151.61,151.61,3313
2026-02-18 13:35:00,151.61,151.72,151.33,151.5,1432
2026-02-18 13:45:00,151.5,151.82,151.41,151.57,2864
2026-02-18 13:55:00,151.57,151.9,151.44,151.75,4332
2026-02-18 14:05:00,151.75,151.75,151.5,151.54,1960
2026-02-18 14:15:00,151.54,151.8,151.5,151.8,3478
2026-02-18 14:25:00,151.8,152.6,151.74,152.27,11682
2026-02-18 14:35:00,152.27,152.32,152.11,152.2,4750
2026-02-18 14:45:00,152.2,152.36,152.1,152.15,7842
2026-02-18 14:55:00,152.15,152.46,152.03,152.26,5277
2026-02-18 15:05:00,152.34,152.7,152.25,152.44,11122
2026-02-18 15:15:00,152.5,153.34,152.47,153.02,39576
2026-02-18 15:25:00,153.02,154.5,153.0,154.5,27677
2026-02-19 09:15:00,155.0,155.4,153.51,153.85,59420
2026-02-19 09:25:00,153.6,153.65,152.84,152.84,15837
2026-02-19 09:35:00,152.8,153.22,152.6,152.61,7114
2026-02-19 09:45:00,152.6,153.18,152.6,152.85,6043
2026-02-19 09:55:00,152.85,153.01,152.52,152.6,2400
2026-02-19 10:05:00,152.55,152.68,152.01,152.25,10817
2026-02-19 10:15:00,152.25,152.43,152.0,152.35,5689
2026-02-19 10:25:00,152.35,152.35,151.8,151.89,8516
2026-02-19 10:35:00,151.89,151.89,151.6,151.87,8378
2026-02-19 10:45:00,151.87,152.0,151.62,151.91,8174
2026-02-19 10:55:00,151.91,151.97,151.71,151.85,3601
2026-02-19 11:05:00,151.85,152.08,151.61,151.69,1936
2026-02-19 11:15:00,151.69,151.75,151.55,151.62,4534
2026-02-19 11:25:00,151.62,151.62,151.02,151.3,4037
2026-02-19 11:35:00,151.3,151.5,151.11,151.11,7758
2026-02-19 11:45:00,151.11,151.24,151.06,151.15,2366
2026-02-19 11:55:00,151.15,151.25,151.04,151.25,1621
2026-02-19 12:05:00,151.25,151.25,150.7,150.74,7751
2026-02-19 12:15:00,150.74,150.8,150.11,150.75,12917
2026-02-19 12:25:00,150.75,151.51,150.75,151.09,5463
2026-02-19 12:35:00,151.09,151.41,151.03,151.09,6045
2026-02-19 12:45:00,151.32,151.48,151.19,151.21,7044
2026-02-19 12:55:00,151.35,151.45,151.26,151.4,1020
2026-02-19 13:05:00,151.4,151.47,151.12,151.27,6359
2026-02-19 13:15:00,151.27,151.62,151.12,151.57,3814
2026-02-19 13:25:00,151.57,151.57,151.38,151.41,991
2026-02-19 13:35:00,151.41,151.53,151.28,151.42,1033
2026-02-19 13:45:00,151.42,151.46,151.13,151.28,745
2026-02-19 13:55:00,151.28,151.28,151.13,151.25,503
2026-02-19 14:05:00,151.12,151.12,150.81,151.03,1935
2026-02-19 14:15:00,151.03,151.29,151.0,151.12,3726
2026-02-19 14:25:00,151.12,151.19,150.91,150.91,1724
2026-02-19 14:35:00,151.0,151.06,150.86,150.86,2720
2026-02-19 14:45:00,150.86,151.14,150.63,150.81,3747
2026-02-19 14:55:00,150.81,151.32,150.7,151.0,26036
2026-02-19 15:05:00,151.0,151.18,150.6,150.61,18771
2026-02-19 15:15:00,150.96,150.96,150.5,150.5,29638
2026-02-19 15:25:00,150.51,151.0,150.5,151.0,13591
2026-02-20 09:15:00,150.9,151.04,149.3,149.91,13778
2026-02-20 09:25:00,149.91,150.58,149.0,150.58,17241
2026-02-20 09:35:00,150.41,150.94,150.19,150.69,13206
2026-02-20 09:45:00,150.69,151.57,150.64,151.12,28197
2026-02-20 09:55:00,151.12,151.6,151.0,151.36,9320
2026-02-20 10:05:00,151.36,151.6,151.15,151.19,1472
2026-02-20 10:15:00,151.13,151.6,150.46,150.46,27980
2026-02-20 10:25:00,150.46,151.12,150.42,150.67,6694
2026-02-20 10:35:00,150.67,150.96,150.67,150.96,1156
2026-02-20 10:45:00,150.96,150.96,150.61,150.77,282
2026-02-20 10:55:00,150.77,151.05,150.68,150.75,10540
2026-02-20 11:05:00,150.75,150.89,150.43,150.44,8221
2026-02-20 11:15:00,150.44,150.8,150.44,150.8,930
2026-02-20 11:25:00,150.8,151.1,150.55,150.78,6298
2026-02-20 11:35:00,150.78,150.8,150.47,150.47,7973
2026-02-20 11:45:00,150.47,150.59,150.36,150.47,1388
2026-02-20 11:55:00,150.47,150.54,150.3,150.35,1443
2026-02-20 12:05:00,150.35,150.49,150.35,150.36,359
2026-02-20 12:15:00,150.36,150.99,150.3,150.86,2082
2026-02-20 12:25:00,150.86,150.97,150.38,150.38,7452
2026-02-20 12:35:00,150.38,150.49,150.27,150.36,1956
2026-02-20 12:45:00,150.36,150.49,150.12,150.49,1230
2026-02-20 12:55:00,150.49,150.51,150.0,150.21,5284
2026-02-20 13:05:00,150.21,150.32,150.0,150.01,6209
2026-02-20 13:15:00,150.01,150.08,149.76,149.9,2827
2026-02-20 13:25:00,149.9,150.11,149.7,150.11,2474
2026-02-20 13:35:00,150.11,150.42,150.1,150.42,3666
2026-02-20 13:45:00,150.42,150.76,150.25,150.38,3044
2026-02-20 13:55:00,150.38,150.5,150.25,150.44,329
2026-02-20 14:05:00,150.44,150.44,149.99,150.12,12321
2026-02-20 14:15:00,150.12,150.35,149.9,149.9,887
2026-02-20 14:25:00,149.9,149.94,149.68,149.68,449
2026-02-20 14:35:00,149.68,150.01,149.64,149.84,1425
2026-02-20 14:45:00,149.84,150.16,149.67,149.71,2606
2026-02-20 14:55:00,149.71,149.96,149.66,149.69,4526
2026-02-20 15:05:00,149.84,149.92,149.67,149.91,9164
2026-02-20 15:15:00,149.88,150.0,149.65,150.0,21658
2026-02-20 15:25:00,150.0,150.76,149.98,149.99,17544
2026-02-23 09:15:00,150.75,151.65,150.11,151.6,30270
2026-02-23 09:25:00,151.6,152.25,151.4,152.21,25839
2026-02-23 09:35:00,152.2,152.77,152.06,152.06,12081
2026-02-23 09:45:00,152.12,152.6,152.02,152.37,8353
2026-02-23 09:55:00,152.37,152.63,151.82,152.63,7044
2026-02-23 10:05:00,152.63,152.65,152.01,152.45,4844
2026-02-23 10:15:00,152.45,152.59,152.09,152.59,5549
2026-02-23 10:25:00,152.63,152.63,151.64,151.86,11076
2026-02-23 10:35:00,151.86,151.97,151.25,151.25,7322
2026-02-23 10:45:00,151.38,151.78,151.28,151.43,2808
2026-02-23 10:55:00,151.53,151.64,151.16,151.33,15698
2026-02-23 11:05:00,151.33,151.9,151.17,151.7,6641
2026-02-23 11:15:00,151.7,151.89,151.53,151.74,2304
2026-02-23 11:25:00,151.74,151.77,151.54,151.66,806
2026-02-23 11:35:00,151.66,151.79,151.55,151.56,168
2026-02-23 11:45:00,151.56,151.76,150.93,151.17,4943
2026-02-23 11:55:00,151.17,151.47,151.02,151.33,1282
2026-02-23 12:05:00,151.33,151.81,151.33,151.66,821
2026-02-23 12:15:00,151.66,151.97,151.52,151.74,1505
2026-02-23 12:25:00,151.88,151.89,151.57,151.72,3821
2026-02-23 12:35:00,151.72,151.72,151.35,151.71,1451
2026-02-23 12:45:00,151.7,151.89,151.66,151.66,2590
2026-02-23 12:55:00,151.66,151.83,151.64,151.64,439
2026-02-23 13:05:00,151.64,151.64,151.3,151.3,454
2026-02-23 13:15:00,151.3,151.48,151.3,151.33,1172
2026-02-23 13:25:00,151.33,151.4,151.0,151.18,1076
2026-02-23 13:35:00,151.18,151.18,150.86,151.12,2325
2026-02-23 13:45:00,151.15,151.29,151.1,151.22,758
2026-02-23 13:55:00,151.22,151.22,150.81,150.81,1865
2026-02-23 14:05:00,150.81,151.5,150.81,151.02,9877
2026-02-23 14:15:00,151.02,151.27,150.69,151.19,6885
2026-02-23 14:25:00,151.19,151.79,151.1,151.28,4316
2026-02-23 14:35:00,151.39,151.39,151.02,151.18,2934
2026-02-23 14:45:00,151.18,151.58,151.05,151.27,5043
2026-02-23 14:55:00,151.27,151.98,151.26,151.91,23461
2026-02-23 15:05:00,151.91,152.2,151.83,152.08,19964
2026-02-23 15:15:00,152.09,152.09,151.24,151.98,28406
2026-02-23 15:25:00,151.97,152.24,150.6,152.24,17695
2026-02-24 09:15:00,151.0,151.47,150.49,150.83,7545
2026-02-24 09:25:00,150.83,150.83,150.31,150.52,10725
2026-02-24 09:35:00,150.52,151.02,150.51,150.7,5399
2026-02-24 09:45:00,150.7,151.25,150.7,151.19,3190
2026-02-24 09:55:00,151.19,151.19,150.72,150.97,2915
2026-02-24 10:05:00,151.08,151.65,151.0,151.13,6502
2026-02-24 10:15:00,151.13,151.72,151.0,151.54,3667
2026-02-24 10:25:00,151.54,151.54,151.14,151.26,2161
2026-02-24 10:35:00,151.26,151.26,151.16,151.24,388
2026-02-24 10:45:00,151.23,151.23,150.6,150.79,3156
2026-02-24 10:55:00,150.79,151.0,150.76,150.98,644
2026-02-24 11:05:00,150.98,151.26,150.85,151.25,2626
2026-02-24 11:15:00,151.25,151.58,150.96,151.36,15774
2026-02-24 11:25:00,151.36,151.39,151.18,151.18,1995
2026-02-24 11:35:00,151.18,151.25,151.07,151.1,4309
2026-02-24 11:45:00,151.1,151.1,150.65,150.73,1218
2026-02-24 11:55:00,150.73,150.73,150.5,150.66,3283
2026-02-24 12:05:00,150.66,150.66,150.01,150.5,11754
2026-02-24 12:15:00,150.5,150.5,149.7,149.7,4258
2026-02-24 12:25:00,149.7,149.88,149.31,149.43,7378
2026-02-24 12:35:00,149.43,149.6,149.38,149.38,7827
2026-02-24 12:45:00,149.38,149.38,148.69,148.85,6942
2026-02-24 12:55:00,148.72,148.92,148.72,148.88,1889
2026-02-24 13:05:00,148.88,149.36,148.88,149.36,8288
2026-02-24 13:15:00,149.23,149.3,148.89,149.04,9592
2026-02-24 13:25:00,149.04,149.08,148.49,148.63,3896
2026-02-24 13:35:00,148.63,148.87,148.33,148.58,6514
2026-02-24 13:45:00,148.58,148.58,148.25,148.44,2169
2026-02-24 13:55:00,148.44,149.0,148.36,148.98,13343
2026-02-24 14:05:00,148.98,149.2,148.84,149.2,1861
2026-02-24 14:15:00,149.2,149.3,149.0,149.01,4538
2026-02-24 14:25:00,149.01,149.22,148.8,148.85,2876
2026-02-24 14:35:00,148.85,149.2,148.82,149.02,1532
2026-02-24 14:45:00,149.02,149.39,148.84,149.07,4906
2026-02-24 14:55:00,149.07,149.25,148.85,149.1,13668
2026-02-24 15:05:00,149.0,149.7,148.93,149.35,11975
2026-02-24 15:15:00,149.3,149.97,149.24,149.97,14379
2026-02-24 15:25:00,149.97,149.97,149.82,149.84,4397
2026-02-25 09:15:00,149.61,150.65,149.47,150.11,11805
2026-02-25 09:25:00,150.11,150.41,149.85,150.02,11402
2026-02-25 09:35:00,150.09,150.43,149.98,150.37,3544
2026-02-25 09:45:00,150.49,150.8,150.21,150.66,5316
2026-02-25 09:55:00,150.66,151.24,150.62,151.0,8003
2026-02-25 10:05:00,151.0,151.0,150.8,150.99,2297
2026-02-25 10:15:00,150.99,151.31,150.93,151.3,4261
2026-02-25 10:25:00,151.3,151.47,151.04,151.1,1810
2026-02-25 10:35:00,151.1,151.4,151.09,151.2,2301
2026-02-25 10:45:00,151.2,151.2,150.32,150.58,5413
2026-02-25 10:55:00,150.58,150.59,150.33,150.46,2402
2026-02-25 11:05:00,150.46,150.55,149.8,149.8,4987
2026-02-25 11:15:00,149.81,150.17,149.8,149.85,4228
2026-02-25 11:25:00,149.85,150.03,149.83,149.9,526
2026-02-25 11:35:00,149.9,150.36,149.85,150.02,1804
2026-02-25 11:45:00,150.02,150.21,149.99,150.0,1397
2026-02-25 11:55:00,150.0,150.17,149.91,150.1,3351
2026-02-25 12:05:00,150.1,150.1,149.8,150.01,1402
2026-02-25 12:15:00,150.01,150.15,149.86,149.9,1357
2026-02-25 12:25:00,149.96,150.1,149.13,149.65,13181
2026-02-25 12:35:00,149.63,149.63,149.1,149.18,3798
2026-02-25 12:45:00,149.18,149.23,148.85,149.02,4861
2026-02-25 12:55:00,149.02,149.1,148.56,148.56,4270
2026-02-25 13:05:00,148.56,148.92,148.56,148.71,2778
2026-02-25 13:15:00,148.71,148.95,148.6,148.72,1614
2026-02-25 13:25:00,148.72,148.91,148.52,148.78,4120
2026-02-25 13:35:00,148.78,149.08,148.76,148.88,2892
2026-02-25 13:45:00,148.88,149.0,148.86,149.0,677
2026-02-25 13:55:00,149.0,149.39,148.21,148.85,32680
2026-02-25 14:05:00,148.85,148.85,148.63,148.85,1941
2026-02-25 14:15:00,148.85,148.98,148.69,148.9,1173
2026-02-25 14:25:00,148.9,149.0,148.75,148.93,8579
2026-02-25 14:35:00,148.93,149.09,148.85,148.94,1076
2026-02-25 14:45:00,148.94,149.02,148.6,148.85,2774
2026-02-25 14:55:00,148.85,149.24,148.72,148.97,2579
2026-02-25 15:05:00,148.97,149.48,148.86,149.03,19335
2026-02-25 15:15:00,149.0,149.25,148.8,148.9,18062
2026-02-25 15:25:00,148.9,148.96,148.5,148.5,5559
2026-02-26 09:15:00,149.49,150.27,149.38,149.7,18041
2026-02-26 09:25:00,149.7,150.6,149.62,150.6,9220
2026-02-26 09:35:00,150.6,152.69,150.6,151.51,30826
2026-02-26 09:45:00,151.51,151.75,151.3,151.47,11247
2026-02-26 09:55:00,151.47,151.47,150.75,151.0,11635
2026-02-26 10:05:00,151.0,151.04,150.6,150.78,1615
2026-02-26 10:15:00,150.44,150.44,149.8,150.03,9408
2026-02-26 10:25:00,150.03,150.2,149.81,150.16,5372
2026-02-26 10:35:00,150.16,150.42,150.07,150.25,1318
2026-02-26 10:45:00,150.25,150.35,149.76,149.81,4926
2026-02-26 10:55:00,149.81,149.99,149.53,149.8,4258
2026-02-26 11:05:00,149.8,149.83,149.11,149.13,8758
2026-02-26 11:15:00,149.13,152.18,149.13,150.67,51383
2026-02-26 11:25:00,150.67,150.67,149.94,150.09,4902
2026-02-26 11:35:00,150.09,150.15,149.61,149.65,4285
2026-02-26 11:45:00,148.98,149.13,148.42,148.96,13636
2026-02-26 11:55:00,148.96,149.03,148.8,148.83,2034
2026-02-26 12:05:00,148.83,148.87,148.7,148.7,1926
2026-02-26 12:15:00,148.7,148.72,148.1,148.1,2385
2026-02-26 12:25:00,148.1,148.32,148.01,148.28,4493
2026-02-26 12:35:00,148.28,148.55,148.05,148.5,11028
2026-02-26 12:45:00,148.5,148.6,148.31,148.31,2526
2026-02-26 12:55:00,148.31,148.48,148.2,148.42,2924
2026-02-26 13:05:00,148.42,148.5,148.24,148.46,755
2026-02-26 13:15:00,148.46,148.48,148.27,148.43,1174
2026-02-26 13:25:00,148.43,148.45,148.2,148.36,1883
2026-02-26 13:35:00,148.36,148.68,148.36,148.58,2617
2026-02-26 13:45:00,148.68,148.68,148.51,148.51,571
2026-02-26 13:55:00,148.49,148.49,148.15,148.22,3048
2026-02-26 14:05:00,148.21,148.21,148.05,148.18,2500
2026-02-26 14:15:00,148.18,148.28,148.06,148.06,1983
2026-02-26 14:25:00,148.06,148.38,148.05,148.36,6711
2026-02-26 14:35:00,148.36,148.5,148.24,148.44,3251
2026-02-26 14:45:00,148.5,148.69,148.5,148.55,4346
2026-02-26 14:55:00,148.5,148.9,148.5,148.73,4095
2026-02-26 15:05:00,148.73,149.45,148.73,149.27,26062
2026-02-26 15:15:00,149.26,149.36,148.38,148.97,47528
2026-02-26 15:25:00,148.95,148.95,148.35,148.76,13802
2026-02-27 09:15:00,148.99,149.04,147.77,148.8,26803
2026-02-27 09:25:00,148.73,148.73,147.42,147.7,5773
2026-02-27 09:35:00,147.7,147.76,147.3,147.48,4641
2026-02-27 09:45:00,147.4,147.84,147.2,147.6,14866
2026-02-27 09:55:00,147.6,147.8,147.18,147.8,17728
2026-02-27 10:05:00,147.8,148.09,147.61,147.9,1789
2026-02-27 10:15:00,147.9,147.9,147.3,147.3,11177
2026-02-27 10:25:00,147.43,147.87,147.31,147.68,2780
2026-02-27 10:35:00,147.68,148.12,147.5,147.68,14374
2026-02-27 10:45:00,147.75,147.87,147.53,147.66,3798
2026-02-27 10:55:00,147.66,147.82,147.54,147.54,3863
2026-02-27 11:05:00,147.54,147.79,147.5,147.79,449
2026-02-27 11:15:00,147.75,147.83,147.42,147.49,2821
2026-02-27 11:25:00,147.49,147.55,147.4,147.4,2706
2026-02-27 11:35:00,147.4,147.4,147.18,147.25,1031
2026-02-27 11:45:00,147.28,147.48,147.15,147.27,2252
2026-02-27 11:55:00,147.27,147.31,147.05,147.05,1749
2026-02-27 12:05:00,147.05,147.16,147.0,147.0,3350
2026-02-27 12:15:00,147.0,147.58,147.0,147.13,3602
2026-02-27 12:25:00,147.13,147.54,147.13,147.32,2777
2026-02-27 12:35:00,147.32,147.49,147.32,147.44,322
2026-02-27 12:45:00,147.44,147.51,147.29,147.45,637
2026-02-27 12:55:00,147.45,147.45,147.29,147.29,176
2026-02-27 13:05:00,147.29,147.32,147.29,147.32,320
2026-02-27 13:15:00,147.32,147.32,147.01,147.2,3107
2026-02-27 13:25:00,147.2,147.32,147.2,147.3,195
2026-02-27 13:35:00,147.3,147.3,147.13,147.15,1303
2026-02-27 13:45:00,147.15,147.45,147.13,147.34,1571
2026-02-27 13:55:00,147.34,147.89,147.34,147.75,2706
2026-02-27 14:05:00,147.75,147.96,147.62,147.91,2389
2026-02-27 14:15:00,147.91,148.37,147.91,148.11,2818
2026-02-27 14:25:00,148.11,148.28,147.85,147.85,4160
2026-02-27 14:35:00,147.85,148.15,147.85,148.03,1487
2026-02-27 14:45:00,148.03,148.55,147.92,148.48,41293
2026-02-27 14:55:00,148.48,148.48,147.13,147.13,19181
2026-02-27 15:05:00,147.13,147.85,147.13,147.7,19134
2026-02-27 15:15:00,147.7,148.05,147.4,147.4,20443
2026-02-27 15:25:00,147.48,147.5,146.01,146.14,26410
2026-03-02 09:15:00,142.0,144.0,140.6,142.03,122983
2026-03-02 09:25:00,142.03,143.04,141.79,142.75,52061
2026-03-02 09:35:00,142.75,142.99,142.22,142.99,38647
2026-03-02 09:45:00,142.99,143.92,142.06,142.82,35828
2026-03-02 09:55:00,142.82,143.19,142.24,142.24,15194
2026-03-02 10:05:00,142.24,142.65,142.09,142.4,9738
2026-03-02 10:15:00,142.41,142.75,142.21,142.75,6310
2026-03-02 10:25:00,142.75,142.9,142.58,142.71,3775
2026-03-02 10:35:00,142.71,142.74,141.72,141.78,11245
2026-03-02 10:45:00,141.78,142.28,141.75,141.96,31292
2026-03-02 10:55:00,141.9,142.61,141.9,142.35,6021
2026-03-02 11:05:00,142.35,142.5,142.15,142.3,19485
2026-03-02 11:15:00,142.29,142.8,142.0,142.8,27258
2026-03-02 11:25:00,142.8,142.8,142.17,142.36,10955
2026-03-02 11:35:00,142.36,142.47,142.25,142.46,4125
2026-03-02 11:45:00,142.46,142.64,142.17,142.18,5505
2026-03-02 11:55:00,142.18,142.45,142.01,142.16,8694
2026-03-02 12:05:00,142.16,142.68,142.14,142.46,2782
2026-03-02 12:15:00,142.46,142.57,142.31,142.31,9169
2026-03-02 12:25:00,142.23,142.31,142.05,142.21,5640
2026-03-02 12:35:00,142.21,142.21,141.41,141.41,17556
2026-03-02 12:45:00,141.41,141.86,141.17,141.86,8038
2026-03-02 12:55:00,141.86,142.0,141.31,141.57,20332
2026-03-02 13:05:00,141.57,141.74,141.5,141.55,7414
2026-03-02 13:15:00,141.55,141.72,141.55,141.57,1966
2026-03-02 13:25:00,141.64,141.8,141.56,141.66,6062
2026-03-02 13:35:00,141.66,141.78,141.5,141.51,4834
2026-03-02 13:45:00,141.63,141.72,141.14,141.34,9729
2026-03-02 13:55:00,141.34,142.1,141.07,141.6,23850
2026-03-02 14:05:00,141.6,142.26,141.6,142.08,5528
2026-03-02 14:15:00,142.08,142.45,142.08,142.45,2685
2026-03-02 14:25:00,142.45,142.55,142.08,142.45,7771
2026-03-02 14:35:00,142.45,142.57,142.03,142.22,12624
2026-03-02 14:45:00,142.22,142.61,142.01,142.43,5312
2026-03-02 14:55:00,142.43,142.6,142.01,142.52,8609
2026-03-02 15:05:00,142.52,142.54,142.01,142.49,15411
2026-03-02 15:15:00,142.48,142.49,142.16,142.49,28158
2026-03-02 15:25:00,142.42,143.91,141.9,142.09,49661
2026-03-04 09:15:00,139.0,140.5,139.0,139.53,35385
2026-03-04 09:25:00,139.53,139.53,138.9,139.34,28955
2026-03-04 09:35:00,139.27,139.81,138.8,139.81,13763
2026-03-04 09:45:00,139.81,139.81,139.18,139.34,5745
2026-03-04 09:55:00,139.34,139.42,139.0,139.36,8288
2026-03-04 10:05:00,139.36,140.69,139.32,140.4,9090
2026-03-04 10:15:00,140.4,140.4,139.55,139.83,4844
2026-03-04 10:25:00,139.83,139.99,139.51,139.82,2819
2026-03-04 10:35:00,139.82,139.82,139.31,139.42,2289
2026-03-04 10:45:00,139.44,139.66,139.11,139.19,10486
2026-03-04 10:55:00,139.19,139.19,138.45,138.65,8894
2026-03-04 11:05:00,138.65,139.09,138.05,138.6,19328
2026-03-04 11:15:00,138.69,138.79,138.2,138.35,5817
2026-03-04 11:25:00,138.35,138.68,138.01,138.06,5792
2026-03-04 11:35:00,138.06,138.35,138.05,138.1,2399
2026-03-04 11:45:00,138.1,138.25,137.5,137.62,20600
2026-03-04 11:55:00,137.62,137.79,137.53,137.74,3249
2026-03-04 12:05:00,137.57,137.74,137.26,137.36,5484
2026-03-04 12:15:00,137.36,137.45,137.06,137.3,9709
2026-03-04 12:25:00,137.3,137.4,136.3,136.86,19699
2026-03-04 12:35:00,136.86,137.22,136.73,137.21,3544
2026-03-04 12:45:00,137.21,137.83,137.11,137.72,22258
2026-03-04 12:55:00,137.72,137.95,137.62,137.88,3163
2026-03-04 13:05:00,137.88,138.18,137.79,138.1,2267
2026-03-04 13:15:00,138.02,138.09,137.72,137.95,2960
2026-03-04 13:25:00,137.95,138.15,137.85,138.0,2727
2026-03-04 13:35:00,138.0,138.0,137.52,137.79,4473
2026-03-04 13:45:00,137.79,137.92,137.58,137.59,3020
2026-03-04 13:55:00,137.59,137.86,137.59,137.8,879
2026-03-04 14:05:00,137.8,138.35,137.7,138.35,4575
2026-03-04 14:15:00,138.35,138.35,138.11,138.11,3123
2026-03-04 14:25:00,138.11,138.2,137.92,138.08,4269
2026-03-04 14:35:00,138.06,138.31,137.82,138.3,11798
2026-03-04 14:45:00,138.18,138.38,138.0,138.0,9693
2026-03-04 14:55:00,138.0,138.36,137.45,137.57,9645
2026-03-04 15:05:00,137.6,137.61,137.4,137.6,7409
2026-03-04 15:15:00,137.6,137.65,137.07,137.45,26465
2026-03-04 15:25:00,137.45,138.6,137.31,137.89,30814
2026-03-05 09:15:00,138.58,140.8,138.47,140.23,41070
2026-03-05 09:25:00,140.35,140.35,139.52,139.65,14066
2026-03-05 09:35:00,139.44,139.53,139.0,139.14,7363
2026-03-05 09:45:00,139.14,139.44,139.0,139.33,10787
2026-03-05 09:55:00,139.38,139.7,139.11,139.11,15840
2026-03-05 10:05:00,139.11,139.27,139.01,139.07,1571
2026-03-05 10:15:00,139.07,139.28,138.64,139.2,7887
2026-03-05 10:25:00,139.2,139.2,139.0,139.0,4291
2026-03-05 10:35:00,139.0,139.47,139.0,139.47,2125
2026-03-05 10:45:00,139.47,139.5,139.3,139.3,1120
2026-03-05 10:55:00,139.3,139.3,139.03,139.2,1211
2026-03-05 11:05:00,139.2,139.43,139.1,139.11,3084
2026-03-05 11:15:00,139.11,139.11,138.35,138.36,16993
2026-03-05 11:25:00,138.36,138.4,137.9,138.11,5534
2026-03-05 11:35:00,138.11,138.17,138.0,138.01,933
2026-03-05 11:45:00,138.01,138.03,137.86,138.0,3227
2026-03-05 11:55:00,138.0,138.0,137.65,137.71,1931
2026-03-05 12:05:00,137.71,138.06,137.71,137.91,6419
2026-03-05 12:15:00,137.91,138.2,137.9,137.98,4105
2026-03-05 12:25:00,137.98,138.41,137.98,138.24,1479
2026-03-05 12:35:00,138.24,138.28,138.13,138.28,1692
2026-03-05 12:45:00,138.28,138.35,138.0,138.19,1998
2026-03-05 12:55:00,138.35,138.85,138.35,138.4,1570
2026-03-05 13:05:00,138.4,138.5,138.35,138.35,334
2026-03-05 13:15:00,138.35,138.57,138.3,138.57,1324
2026-03-05 13:25:00,138.57,138.77,138.28,138.34,2722
2026-03-05 13:35:00,138.34,138.6,138.12,138.12,1419
2026-03-05 13:45:00,138.17,138.18,137.6,137.6,10927
2026-03-05 13:55:00,137.6,137.85,137.6,137.73,2871
2026-03-05 14:05:00,137.73,137.8,137.7,137.7,555
2026-03-05 14:15:00,137.7,137.94,137.7,137.94,2305
2026-03-05 14:25:00,137.94,138.05,137.65,137.72,2164
2026-03-05 14:35:00,137.72,138.58,137.66,138.48,13531
2026-03-05 14:45:00,138.48,139.69,138.48,139.27,7482
2026-03-05 14:55:00,139.27,139.86,139.1,139.7,14293
2026-03-05 15:05:00,139.7,139.89,139.35,139.75,12399
2026-03-05 15:15:00,139.72,140.0,139.35,139.49,25886
2026-03-05 15:25:00,139.49,139.99,138.71,139.0,24577
2026-03-06 09:15:00,139.0,139.0,138.0,138.72,16992
2026-03-06 09:25:00,138.72,139.49,138.72,139.11,11879
2026-03-06 09:35:00,139.11,139.73,138.85,139.45,16521
2026-03-06 09:45:00,139.43,140.19,139.43,140.11,12235
2026-03-06 09:55:00,140.11,140.61,139.9,140.59,31828
2026-03-06 10:05:00,140.62,141.95,140.6,141.21,94466
2026-03-06 10:15:00,141.21,141.21,140.56,140.74,5416
2026-03-06 10:25:00,140.74,140.74,140.43,140.44,2311
2026-03-06 10:35:00,140.44,140.44,140.0,140.26,2783
2026-03-06 10:45:00,140.26,140.31,139.61,139.61,6901
2026-03-06 10:55:00,139.82,140.15,139.62,139.62,5367
2026-03-06 11:05:00,139.62,139.85,139.2,139.62,6174
2026-03-06 11:15:00,139.62,140.07,139.62,139.7,25185
2026-03-06 11:25:00,139.7,139.7,139.11,139.58,7228
2026-03-06 11:35:00,139.58,139.91,139.58,139.62,1331
2026-03-06 11:45:00,139.62,139.88,139.57,139.83,2630
2026-03-06 11:55:00,139.83,139.83,139.4,139.41,17185
2026-03-06 12:05:00,139.39,139.44,139.21,139.4,8515
2026-03-06 12:15:00,139.4,139.44,139.35,139.44,1225
2026-03-06 12:25:00,139.25,139.73,139.25,139.62,1946
2026-03-06 12:35:00,139.62,139.62,139.48,139.6,771
2026-03-06 12:45:00,139.6,139.61,139.4,139.4,779
2026-03-06 12:55:00,139.4,139.8,139.4,139.77,3978
2026-03-06 13:05:00,139.77,139.8,139.67,139.78,465
2026-03-06 13:15:00,139.78,139.8,139.53,139.74,1205
2026-03-06 13:25:00,139.74,139.74,138.87,139.17,16431
2026-03-06 13:35:00,139.17,139.36,139.04,139.04,1435
2026-03-06 13:45:00,139.04,139.25,138.51,138.95,25734
2026-03-06 13:55:00,138.95,139.24,138.8,139.11,3475
2026-03-06 14:05:00,139.11,139.15,138.85,139.0,1932
2026-03-06 14:15:00,139.0,139.29,138.92,139.19,6086
2026-03-06 14:25:00,139.19,139.3,139.05,139.27,1526
2026-03-06 14:35:00,139.27,139.32,139.06,139.09,3369
2026-03-06 14:45:00,139.09,139.37,138.6,138.65,30986
2026-03-06 14:55:00,138.82,139.23,138.72,138.73,1683
2026-03-06 15:05:00,138.72,138.99,138.5,138.55,19145
2026-03-06 15:15:00,138.54,138.7,138.2,138.7,20213
2026-03-06 15:25:00,138.7,139.0,138.51,138.8,9607
2026-03-09 09:15:00,137.3,137.3,133.0,133.0,35875
2026-03-09 09:25:00,133.0,133.39,131.9,132.82,48169
2026-03-09 09:35:00,132.82,133.52,132.39,132.8,14228
2026-03-09 09:45:00,132.8,133.07,132.0,132.11,19576
2026-03-09 09:55:00,132.12,133.23,132.11,132.61,10355
2026-03-09 10:05:00,132.61,133.4,132.61,133.12,8283
2026-03-09 10:15:00,133.12,133.96,133.06,133.16,14295
2026-03-09 10:25:00,133.16,133.58,133.0,133.16,10850
2026-03-09 10:35:00,133.16,133.26,133.0,133.12,11488
2026-03-09 10:45:00,133.12,133.67,132.82,133.59,19366
2026-03-09 10:55:00,133.59,134.04,133.31,133.39,7585
2026-03-09 11:05:00,133.39,133.44,132.82,133.13,40700
2026-03-09 11:15:00,133.13,133.49,132.96,133.43,5442
2026-03-09 11:25:00,133.43,134.03,133.29,133.8,19332
2026-03-09 11:35:00,133.8,134.13,133.65,133.79,3100
2026-03-09 11:45:00,133.79,134.09,133.4,133.4,16067
2026-03-09 11:55:00,133.4,133.5,132.98,132.98,24131
2026-03-09 12:05:00,132.98,133.15,132.9,132.9,4764
2026-03-09 12:15:00,132.9,133.1,132.9,132.9,1886
2026-03-09 12:25:00,132.9,133.23,132.9,133.16,3129
2026-03-09 12:35:00,133.08,133.48,133.02,133.4,2858
2026-03-09 12:45:00,133.4,133.69,133.22,133.69,4974
2026-03-09 12:55:00,133.69,134.02,133.29,133.89,14047
2026-03-09 13:05:00,133.89,133.97,133.58,133.6,2605
2026-03-09 13:15:00,133.6,133.69,133.34,133.34,4561
2026-03-09 13:25:00,133.34,133.83,133.31,133.78,2792
2026-03-09 13:35:00,133.75,133.83,133.5,133.83,1147
2026-03-09 13:45:00,133.83,133.88,133.5,133.64,3729
2026-03-09 13:55:00,133.64,133.88,133.51,133.82,2539
2026-03-09 14:05:00,133.9,134.0,133.61,133.61,8817
2026-03-09 14:15:00,133.61,133.85,133.55,133.76,1844
2026-03-09 14:25:00,133.76,133.76,133.5,133.6,1337
2026-03-09 14:35:00,133.6,133.85,133.39,133.78,3111
2026-03-09 14:45:00,133.8,134.5,133.8,134.33,17853
2026-03-09 14:55:00,134.33,134.8,134.15,134.59,17195
2026-03-09 15:05:00,134.44,135.31,134.17,135.3,38240
2026-03-09 15:15:00,135.3,135.45,134.53,134.95,31973
2026-03-09 15:25:00,134.9,135.0,134.11,134.48,18625
2026-03-10 09:15:00,136.1,136.79,135.44,136.11,18945
2026-03-10 09:25:00,136.11,136.4,135.32,135.73,24945
2026-03-10 09:35:00,135.6,136.19,135.05,135.83,23467
2026-03-10 09:45:00,135.83,136.16,135.76,135.87,2939
2026-03-10 09:55:00,135.87,135.89,135.54,135.86,4945
2026-03-10 10:05:00,135.86,136.0,135.56,135.85,4177
2026-03-10 10:15:00,135.85,136.48,135.85,136.21,4671
2026-03-10 10:25:00,136.21,136.52,136.2,136.52,4140
2026-03-10 10:35:00,136.52,137.32,136.11,137.32,5321
2026-03-10 10:45:00,137.32,137.86,137.32,137.47,7647
2026-03-10 10:55:00,137.47,137.72,137.3,137.31,11816
2026-03-10 11:05:00,137.31,137.35,136.63,136.71,11732
2026-03-10 11:15:00,136.71,137.05,136.71,136.99,5331
2026-03-10 11:25:00,136.99,137.29,136.81,137.18,4054
2026-03-10 11:35:00,137.18,137.28,137.0,137.24,1926
2026-03-10 11:45:00,137.24,137.32,136.86,137.21,4850
2026-03-10 11:55:00,137.21,137.3,137.11,137.23,1479
2026-03-10 12:05:00,137.23,137.29,137.06,137.06,858
2026-03-10 12:15:00,137.06,137.27,136.76,136.94,1621
2026-03-10 12:25:00,136.94,137.39,136.94,137.27,5129
2026-03-10 12:35:00,137.27,137.7,137.27,137.63,6541
2026-03-10 12:45:00,137.63,137.88,137.63,137.82,5526
2026-03-10 12:55:00,137.82,138.26,137.68,138.05,3809
2026-03-10 13:05:00,138.05,138.19,137.81,137.96,5423
2026-03-10 13:15:00,137.96,138.18,137.78,137.84,11499
2026-03-10 13:25:00,137.84,137.99,137.5,137.97,3109
2026-03-10 13:35:00,137.97,138.47,137.89,138.14,3762
2026-03-10 13:45:00,138.14,138.49,137.74,138.4,5484
2026-03-10 13:55:00,138.4,138.4,138.0,138.0,2283
2026-03-10 14:05:00,138.0,138.89,138.0,138.89,11931
2026-03-10 14:15:00,138.89,138.9,138.29,138.55,7361
2026-03-10 14:25:00,138.57,138.57,137.41,137.6,27226
2026-03-10 14:35:00,137.6,137.92,137.52,137.71,5518
2026-03-10 14:45:00,137.85,138.6,137.85,138.47,27132
2026-03-10 14:55:00,138.42,138.63,137.44,137.61,12446
2026-03-10 15:05:00,137.73,137.87,137.45,137.86,120408
2026-03-10 15:15:00,137.85,138.21,137.63,138.14,14972
2026-03-10 15:25:00,138.14,138.68,137.51,137.99,11578
2026-03-11 09:15:00,138.51,138.95,137.02,138.63,14738
2026-03-11 09:25:00,138.75,139.08,138.15,138.31,19478
2026-03-11 09:35:00,138.31,138.38,138.03,138.37,5706
2026-03-11 09:45:00,138.37,138.8,138.21,138.53,6160
2026-03-11 09:55:00,138.53,138.74,138.03,138.67,7395
2026-03-11 10:05:00,138.61,138.61,138.25,138.29,2621
2026-03-11 10:15:00,138.29,138.4,138.06,138.4,1217
2026-03-11 10:25:00,138.4,138.49,137.72,137.9,7640
2026-03-11 10:35:00,137.9,137.92,137.54,137.66,7265
2026-03-11 10:45:00,137.65,138.79,137.65,138.67,25359
2026-03-11 10:55:00,138.56,138.99,138.56,138.9,13732
2026-03-11 11:05:00,138.92,138.92,138.58,138.58,4343
2026-03-11 11:15:00,138.58,138.86,138.14,138.2,6768
2026-03-11 11:25:00,138.2,138.64,138.01,138.34,8944
2026-03-11 11:35:00,138.34,138.49,138.15,138.19,5311
2026-03-11 11:45:00,138.19,138.33,138.1,138.3,910
2026-03-11 11:55:00,138.3,138.3,138.0,138.26,14872
2026-03-11 12:05:00,138.26,138.3,137.5,138.12,24430
2026-03-11 12:15:00,138.12,138.33,138.1,138.25,1258
2026-03-11 12:25:00,138.25,138.25,137.8,137.89,16420
2026-03-11 12:35:00,137.89,137.89,137.52,137.76,2259
2026-03-11 12:45:00,137.76,137.92,137.6,137.6,735
2026-03-11 12:55:00,137.6,137.7,137.54,137.64,3190
2026-03-11 13:05:00,137.64,137.83,137.25,137.27,9067
2026-03-11 13:15:00,137.27,137.28,137.1,137.28,1009
2026-03-11 13:25:00,137.28,137.64,137.28,137.4,3415
2026-03-11 13:35:00,137.4,137.4,137.2,137.3,2184
2026-03-11 13:45:00,137.3,137.33,137.1,137.28,7450
2026-03-11 13:55:00,137.28,137.53,137.0,137.53,10505
2026-03-11 14:05:00,137.53,137.53,137.21,137.37,1856
2026-03-11 14:15:00,137.35,137.38,137.07,137.2,13965
2026-03-11 14:25:00,137.2,137.6,137.11,137.35,2374
2026-03-11 14:35:00,137.35,137.49,137.2,137.22,1573
2026-03-11 14:45:00,137.19,137.48,137.11,137.4,8609
2026-03-11 14:55:00,137.45,137.45,137.05,137.05,2505
2026-03-11 15:05:00,137.18,137.18,136.7,136.74,32846
2026-03-11 15:15:00,136.65,136.69,136.0,136.43,23352
2026-03-11 15:25:00,136.43,137.2,136.33,136.55,25124
2026-03-12 09:15:00,135.76,136.02,133.12,133.38,25780
2026-03-12 09:25:00,133.56,134.24,133.26,133.63,22449
2026-03-12 09:35:00,133.63,134.5,133.29,134.5,11138
2026-03-12 09:45:00,134.5,134.65,134.23,134.4,11899
2026-03-12 09:55:00,134.4,135.45,134.32,135.4,23850
2026-03-12 10:05:00,135.4,135.4,134.64,134.74,5632
2026-03-12 10:15:00,134.74,134.74,134.24,134.24,3770
2026-03-12 10:25:00,134.24,135.31,134.24,135.2,8927
2026-03-12 10:35:00,135.2,135.8,135.16,135.46,18383
2026-03-12 10:45:00,135.46,136.14,135.44,136.0,10020
2026-03-12 10:55:00,135.94,137.24,135.82,137.24,11845
2026-03-12 11:05:00,137.24,137.5,136.68,137.1,37319
2026-03-12 11:15:00,137.1,138.19,136.89,137.01,53416
2026-03-12 11:25:00,137.13,137.23,136.9,137.13,2118
2026-03-12 11:35:00,137.13,137.95,136.97,137.66,9366
2026-03-12 11:45:00,137.66,137.84,137.21,137.84,28059
2026-03-12 11:55:00,137.84,138.07,137.75,137.75,7975
2026-03-12 12:05:00,137.75,138.2,137.43,138.2,14520
2026-03-12 12:15:00,138.2,138.54,138.03,138.43,10466
2026-03-12 12:25:00,138.43,138.79,138.32,138.34,6080
2026-03-12 12:35:00,138.34,138.73,138.2,138.73,4634
2026-03-12 12:45:00,138.68,138.96,138.6,138.75,5936
2026-03-12 12:55:00,138.75,138.77,138.17,138.32,9311
2026-03-12 13:05:00,138.32,138.49,137.63,138.48,7723
2026-03-12 13:15:00,138.48,138.99,138.48,138.87,2122
2026-03-12 13:25:00,138.87,139.24,138.87,139.12,11260
2026-03-12 13:35:00,139.12,139.59,138.85,139.0,9267
2026-03-12 13:45:00,139.0,139.22,138.44,138.65,6585
2026-03-12 13:55:00,138.65,138.87,138.4,138.77,2319
2026-03-12 14:05:00,138.77,138.92,138.03,138.6,12370
2026-03-12 14:15:00,138.6,138.71,138.26,138.46,1682
2026-03-12 14:25:00,138.46,138.63,138.04,138.47,3093
2026-03-12 14:35:00,138.47,138.5,137.74,137.9,3655
2026-03-12 14:45:00,137.9,137.92,137.26,137.59,3721
2026-03-12 14:55:00,137.59,138.0,137.5,137.98,25431
2026-03-12 15:05:00,137.98,138.33,137.91,138.04,8494
2026-03-12 15:15:00,138.04,138.14,137.51,137.51,15979
2026-03-12 15:25:00,137.51,138.0,137.51,137.79,7800
2026-03-13 09:15:00,137.0,137.52,136.19,137.24,12438
2026-03-13 09:25:00,137.24,138.62,137.05,138.41,16074
2026-03-13 09:35:00,138.33,138.69,137.74,137.86,13269
2026-03-13 09:45:00,137.86,137.86,136.59,137.17,17415
2026-03-13 09:55:00,137.17,137.22,136.3,136.5,19330
2026-03-13 10:05:00,136.5,136.56,136.11,136.36,18806
2026-03-13 10:15:00,136.36,136.53,136.01,136.42,13901
2026-03-13 10:25:00,136.42,137.29,136.29,136.34,8251
2026-03-13 10:35:00,136.34,136.35,136.07,136.17,2717
2026-03-13 10:45:00,136.17,137.09,136.0,136.8,13895
2026-03-13 10:55:00,136.8,136.84,136.5,136.5,473
2026-03-13 11:05:00,136.6,136.95,136.51,136.77,1628
2026-03-13 11:15:00,136.77,136.77,136.4,136.4,9423
2026-03-13 11:25:00,136.5,137.48,136.5,136.95,6732
2026-03-13 11:35:00,137.1,137.5,137.05,137.24,2548
2026-03-13 11:45:00,137.24,137.27,136.86,137.0,2921
2026-03-13 11:55:00,137.0,137.0,136.41,136.58,4791
2026-03-13 12:05:00,136.58,136.79,136.56,136.71,1133
2026-03-13 12:15:00,136.71,136.91,136.19,136.28,5236
2026-03-13 12:25:00,136.28,136.41,135.7,135.76,16204
2026-03-13 12:35:00,135.76,136.16,135.76,136.07,2835
2026-03-13 12:45:00,136.07,136.31,135.92,136.19,6387
2026-03-13 12:55:00,136.19,136.2,135.82,136.04,4006
2026-03-13 13:05:00,136.04,136.04,135.21,135.26,6226
2026-03-13 13:15:00,135.29,135.5,135.06,135.06,3504
2026-03-13 13:25:00,135.07,135.49,135.0,135.27,3103
2026-03-13 13:35:00,135.27,135.43,134.72,135.24,14434
2026-03-13 13:45:00,135.24,135.33,135.0,135.05,21134
2026-03-13 13:55:00,135.05,135.25,134.71,135.13,11274
2026-03-13 14:05:00,135.13,135.42,134.92,135.39,2662
2026-03-13 14:15:00,135.39,135.5,135.13,135.29,558
2026-03-13 14:25:00,135.29,135.6,135.29,135.52,5464
2026-03-13 14:35:00,135.52,135.85,135.2,135.42,12533
2026-03-13 14:45:00,135.55,135.55,135.07,135.19,6465
2026-03-13 14:55:00,135.19,135.38,134.48,134.48,8345
2026-03-13 15:05:00,134.48,134.67,134.3,134.64,13770
2026-03-13 15:15:00,134.51,135.0,134.5,134.99,28990
2026-03-13 15:25:00,134.99,135.0,134.5,134.51,13837
2026-03-16 09:15:00,134.26,134.26,132.08,132.15,26292
2026-03-16 09:25:00,132.15,132.84,132.01,132.58,11768
2026-03-16 09:35:00,132.69,134.1,132.62,133.45,21610
2026-03-16 09:45:00,133.45,134.0,133.39,133.96,8496
2026-03-16 09:55:00,133.96,134.44,133.25,133.77,22373
2026-03-16 10:05:00,133.77,134.06,133.68,133.76,5043
2026-03-16 10:15:00,133.67,133.7,132.0,132.25,17245
2026-03-16 10:25:00,132.25,132.35,131.39,131.48,13832
2026-03-16 10:35:00,131.48,132.37,131.48,132.01,5357
2026-03-16 10:45:00,132.01,132.08,131.25,131.25,13442
2026-03-16 10:55:00,131.25,131.72,130.88,131.71,11640
2026-03-16 11:05:00,131.71,132.22,131.61,131.83,10045
2026-03-16 11:15:00,131.83,132.45,131.81,132.27,11998
2026-03-16 11:25:00,132.27,132.6,131.88,132.46,25625
2026-03-16 11:35:00,132.46,132.49,132.01,132.23,4728
2026-03-16 11:45:00,132.23,132.25,131.91,132.25,4336
2026-03-16 11:55:00,132.25,132.45,132.06,132.12,3920
2026-03-16 12:05:00,132.12,132.64,132.12,132.5,2441
2026-03-16 12:15:00,132.5,132.69,132.32,132.43,2234
2026-03-16 12:25:00,132.65,132.65,131.86,131.88,3359
2026-03-16 12:35:00,131.88,132.16,131.65,131.71,2923
2026-03-16 12:45:00,131.71,131.73,131.32,131.61,14465
2026-03-16 12:55:00,131.61,131.91,131.17,131.26,35076
2026-03-16 13:05:00,131.26,131.52,130.97,131.31,5460
2026-03-16 13:15:00,131.31,131.45,131.15,131.32,3658
2026-03-16 13:25:00,131.32,131.35,130.99,131.03,4071
2026-03-16 13:35:00,131.03,131.37,131.03,131.25,2625
2026-03-16 13:45:00,131.25,131.33,130.89,131.07,7087
2026-03-16 13:55:00,131.02,131.2,130.7,130.87,5621
2026-03-16 14:05:00,130.87,131.34,130.79,131.04,8813
2026-03-16 14:15:00,131.04,131.76,130.94,131.39,3145
2026-03-16 14:25:00,131.57,132.51,131.54,132.39,12745
2026-03-16 14:35:00,132.39,133.33,132.34,133.16,50727
2026-03-16 14:45:00,133.16,133.84,133.0,133.6,8673
2026-03-16 14:55:00,133.6,133.6,131.99,132.19,21022
2026-03-16 15:05:00,132.12,132.59,132.0,132.2,24071
2026-03-16 15:15:00,132.2,132.48,131.8,132.2,18512
2026-03-16 15:25:00,132.19,132.38,131.76,132.38,12100
2026-03-17 09:15:00,132.21,133.19,131.6,133.02,31233
2026-03-17 09:25:00,133.02,133.05,132.53,132.53,7278
2026-03-17 09:35:00,132.53,133.3,132.53,132.85,5898
2026-03-17 09:45:00,132.85,132.93,132.57,132.68,2874
2026-03-17 09:55:00,132.68,132.99,132.15,132.97,7802
2026-03-17 10:05:00,132.97,133.2,132.83,133.07,7030
2026-03-17 10:15:00,133.07,133.43,132.98,133.25,5768
2026-03-17 10:25:00,133.18,133.54,132.51,132.73,10083
2026-03-17 10:35:00,132.61,132.62,132.26,132.44,4822
2026-03-17 10:45:00,132.44,133.15,132.44,133.12,10261
2026-03-17 10:55:00,133.12,133.29,132.82,133.0,10963
2026-03-17 11:05:00,133.0,133.11,132.57,132.74,4182
2026-03-17 11:15:00,132.74,132.83,132.55,132.56,2196
2026-03-17 11:25:00,132.56,133.08,132.56,132.83,14911
2026-03-17 11:35:00,132.83,133.37,132.8,133.25,4781
2026-03-17 11:45:00,133.25,133.25,132.96,133.06,3034
2026-03-17 11:55:00,133.06,133.33,132.9,133.33,7788
2026-03-17 12:05:00,133.33,133.6,133.17,133.49,11297
2026-03-17 12:15:00,133.49,133.49,133.05,133.21,2563
2026-03-17 12:25:00,133.21,133.29,133.0,133.25,2803
2026-03-17 12:35:00,133.25,133.76,133.0,133.47,7494
2026-03-17 12:45:00,133.47,133.49,133.28,133.36,1931
2026-03-17 12:55:00,133.36,133.61,133.32,133.5,2732
2026-03-17 13:05:00,133.5,133.68,133.29,133.6,6620
2026-03-17 13:15:00,133.6,133.9,133.22,133.35,9306
2026-03-17 13:25:00,133.35,133.66,133.22,133.57,987
2026-03-17 13:35:00,133.57,133.57,132.96,132.96,7528
2026-03-17 13:45:00,132.96,133.18,132.86,133.15,2355
2026-03-17 13:55:00,133.15,133.15,132.93,133.14,2070
2026-03-17 14:05:00,133.14,133.27,132.91,132.91,4632
2026-03-17 14:15:00,132.91,133.2,132.88,133.03,7089
2026-03-17 14:25:00,133.03,133.18,132.8,132.96,4765
2026-03-17 14:35:00,132.96,133.17,132.84,133.01,5238
2026-03-17 14:45:00,133.01,133.3,132.91,133.19,3470
2026-03-17 14:55:00,133.19,133.69,133.12,133.22,7477
2026-03-17 15:05:00,133.22,133.42,133.01,133.15,10354
2026-03-17 15:15:00,133.15,133.6,133.0,133.6,33121
2026-03-17 15:25:00,133.6,133.6,133.26,133.41,5346
2026-03-18 09:15:00,134.0,136.8,133.39,134.69,187476
2026-03-18 09:25:00,134.65,135.11,133.23,134.93,66581
2026-03-18 09:35:00,134.73,135.72,134.66,135.38,37982
2026-03-18 09:45:00,135.38,135.65,135.11,135.23,7383
2026-03-18 09:55:00,135.12,135.12,134.23,134.3,10779
2026-03-18 10:05:00,134.3,134.62,134.04,134.29,18484
2026-03-18 10:15:00,134.29,134.51,133.96,134.32,41651
2026-03-18 10:25:00,134.32,134.47,134.01,134.3,4403
2026-03-18 10:35:00,134.3,134.3,134.03,134.25,3658
2026-03-18 10:45:00,134.25,135.34,134.16,134.87,36687
2026-03-18 10:55:00,134.87,135.2,134.4,134.75,12170
2026-03-18 11:05:00,134.75,134.75,134.37,134.65,6504
2026-03-18 11:15:00,134.65,134.73,134.56,134.58,3369
2026-03-18 11:25:00,134.58,134.89,134.5,134.76,8737
2026-03-18 11:35:00,134.76,134.99,134.69,134.9,3366
2026-03-18 11:45:00,134.83,134.98,134.5,134.69,5111
2026-03-18 11:55:00,134.69,134.8,134.3,134.38,5911
2026-03-18 12:05:00,134.38,134.74,134.38,134.42,5885
2026-03-18 12:15:00,134.42,134.52,134.28,134.46,1874
2026-03-18 12:25:00,134.46,134.54,134.3,134.31,2761
2026-03-18 12:35:00,134.31,134.47,134.3,134.41,1159
2026-03-18 12:45:00,134.41,134.85,134.4,134.7,2840
2026-03-18 12:55:00,134.7,135.07,134.7,135.01,4193
2026-03-18 13:05:00,135.09,135.48,135.09,135.45,7193
2026-03-18 13:15:00,135.45,135.8,135.26,135.8,6715
2026-03-18 13:25:00,135.8,135.96,135.6,135.86,9167
2026-03-18 13:35:00,135.85,135.94,135.0,135.88,42957
2026-03-18 13:45:00,135.88,135.93,135.38,135.7,10449
2026-03-18 13:55:00,135.59,135.59,135.0,135.0,28915
2026-03-18 14:05:00,135.0,135.27,134.8,134.83,4703
2026-03-18 14:15:00,134.83,135.27,134.83,135.19,1347
2026-03-18 14:25:00,135.19,135.67,134.8,134.8,27258
2026-03-18 14:35:00,134.8,134.8,134.34,134.43,6375
2026-03-18 14:45:00,134.41,134.62,134.11,134.48,15070
2026-03-18 14:55:00,134.48,134.72,134.19,134.57,13838
2026-03-18 15:05:00,134.56,134.56,134.12,134.29,22401
2026-03-18 15:15:00,134.29,135.35,134.19,134.66,57248
2026-03-18 15:25:00,134.66,134.84,134.42,134.8,26881
2026-03-19 09:15:00,132.1,133.0,131.5,132.7,34763
2026-03-19 09:25:00,132.6,132.9,131.65,131.8,17511
2026-03-19 09:35:00,131.8,132.11,131.62,132.06,8141
2026-03-19 09:45:00,132.06,132.06,131.55,131.72,11616
2026-03-19 09:55:00,131.72,131.96,131.55,131.91,6751
2026-03-19 10:05:00,131.89,132.14,131.73,132.05,10529
2026-03-19 10:15:00,132.05,132.14,131.8,132.14,5420
2026-03-19 10:25:00,132.16,132.63,132.16,132.63,2668
2026-03-19 10:35:00,132.63,132.89,132.52,132.58,883
2026-03-19 10:45:00,132.58,132.67,132.1,132.1,12058
2026-03-19 10:55:00,132.1,132.46,132.1,132.26,1805
2026-03-19 11:05:00,132.26,132.41,131.96,132.17,14853
2026-03-19 11:15:00,132.17,132.17,131.9,132.03,3619
2026-03-19 11:25:00,132.03,132.16,131.92,132.13,2464
2026-03-19 11:35:00,132.13,132.3,132.05,132.21,1619
2026-03-19 11:45:00,132.21,132.55,132.11,132.49,825
2026-03-19 11:55:00,132.49,132.49,132.03,132.03,2074
2026-03-19 12:05:00,132.03,132.09,131.95,132.09,373
2026-03-19 12:15:00,132.09,132.49,131.76,131.88,5399
2026-03-19 12:25:00,131.88,132.11,131.82,132.11,2304
2026-03-19 12:35:00,132.11,132.11,131.6,131.76,8190
2026-03-19 12:45:00,131.76,132.07,131.71,132.0,765
2026-03-19 12:55:00,132.0,132.31,131.8,131.8,5468
2026-03-19 13:05:00,131.8,131.93,131.67,131.8,1311
2026-03-19 13:15:00,131.8,131.81,131.6,131.64,3952
2026-03-19 13:25:00,131.64,131.64,131.15,131.33,6278
2026-03-19 13:35:00,131.33,131.37,130.67,131.03,15038
2026-03-19 13:45:00,131.03,131.16,130.81,130.82,1781
2026-03-19 13:55:00,130.82,131.13,130.7,130.83,3401
2026-03-19 14:05:00,130.83,130.9,130.25,130.5,9111
2026-03-19 14:15:00,130.5,130.64,130.34,130.54,7159
2026-03-19 14:25:00,130.56,130.72,130.26,130.55,6919
2026-03-19 14:35:00,130.55,130.78,130.31,130.62,16990
2026-03-19 14:45:00,130.62,130.8,129.6,129.6,24871
2026-03-19 14:55:00,129.6,130.04,129.4,129.8,9359
2026-03-19 15:05:00,129.8,129.98,129.52,129.98,14963
2026-03-19 15:15:00,129.98,130.59,129.9,130.37,20929
2026-03-19 15:25:00,130.4,130.46,129.6,130.3,11942
2026-03-20 09:15:00,130.48,132.47,130.27,132.29,30985
2026-03-20 09:25:00,132.29,132.9,132.02,132.78,29037
2026-03-20 09:35:00,132.75,132.75,131.82,132.0,7817
2026-03-20 09:45:00,132.0,132.97,131.82,132.72,14255
2026-03-20 09:55:00,132.72,132.72,132.35,132.37,5846
2026-03-20 10:05:00,132.38,132.5,132.03,132.29,5165
2026-03-20 10:15:00,132.29,132.38,131.84,132.07,3110
2026-03-20 10:25:00,132.07,133.44,132.07,132.9,12709
2026-03-20 10:35:00,132.9,132.99,132.56,132.56,3458
2026-03-20 10:45:00,132.56,132.99,132.56,132.87,5354
2026-03-20 10:55:00,132.87,132.93,132.7,132.7,2940
2026-03-20 11:05:00,132.4,132.74,132.29,132.63,12694
2026-03-20 11:15:00,132.77,133.54,132.68,133.17,21875
2026-03-20 11:25:00,133.17,133.29,133.04,133.14,3155
2026-03-20 11:35:00,133.14,133.14,132.76,132.76,3730
2026-03-20 11:45:00,132.76,132.95,132.41,132.41,3872
2026-03-20 11:55:00,132.41,132.44,132.05,132.24,9752
2026-03-20 12:05:00,132.24,132.41,131.91,132.41,13634
2026-03-20 12:15:00,132.41,132.41,131.01,131.79,150925
2026-03-20 12:25:00,131.79,132.08,131.58,131.87,16646
2026-03-20 12:35:00,131.87,132.23,131.86,132.15,3642
2026-03-20 12:45:00,132.15,132.53,132.03,132.42,7046
2026-03-20 12:55:00,132.42,132.42,131.64,131.88,12990
2026-03-20 13:05:00,131.88,132.12,131.82,131.9,2504
2026-03-20 13:15:00,131.9,132.3,131.9,132.18,3681
2026-03-20 13:25:00,132.18,132.71,132.08,132.19,24639
2026-03-20 13:35:00,132.19,132.36,131.84,132.07,12546
2026-03-20 13:45:00,132.07,132.09,131.78,131.86,3292
2026-03-20 13:55:00,131.86,132.05,131.55,131.85,7396
2026-03-20 14:05:00,131.85,131.99,131.5,131.61,6035
2026-03-20 14:15:00,131.61,131.68,131.44,131.58,4284
2026-03-20 14:25:00,131.51,131.57,131.31,131.46,4559
2026-03-20 14:35:00,131.46,131.5,131.22,131.34,4581
2026-03-20 14:45:00,131.34,131.5,131.1,131.12,64011
2026-03-20 14:55:00,131.12,132.13,131.0,132.1,114270
2026-03-20 15:05:00,132.18,133.21,132.08,133.09,149760
2026-03-20 15:15:00,133.07,133.17,132.43,132.55,122629
2026-03-20 15:25:00,132.56,133.2,132.15,132.78,47650
2026-03-23 09:15:00,131.55,131.55,127.82,128.2,40622
2026-03-23 09:25:00,128.19,128.88,128.1,128.25,18985
2026-03-23 09:35:00,128.18,128.69,128.18,128.67,14474
2026-03-23 09:45:00,128.67,128.67,127.46,127.59,15497
2026-03-23 09:55:00,127.59,127.59,126.47,126.69,17006
2026-03-23 10:05:00,126.69,126.79,125.7,125.84,21471
2026-03-23 10:15:00,125.84,126.08,125.28,125.41,18350
2026-03-23 10:25:00,125.41,125.57,125.2,125.51,16941
2026-03-23 10:35:00,125.51,126.23,125.3,125.48,7300
2026-03-23 10:45:00,125.48,125.56,125.3,125.52,6677
2026-03-23 10:55:00,125.52,125.62,125.2,125.45,6476
2026-03-23 11:05:00,125.45,125.9,124.64,124.96,18161
2026-03-23 11:15:00,124.96,125.1,124.2,124.26,232117
2026-03-23 11:25:00,124.19,124.82,124.03,124.66,7742
2026-03-23 11:35:00,124.66,125.45,124.48,124.48,14120
2026-03-23 11:45:00,124.48,125.06,124.48,124.89,2123
2026-03-23 11:55:00,124.89,125.0,124.54,124.84,7454
2026-03-23 12:05:00,124.8,125.4,124.7,125.04,9561
2026-03-23 12:15:00,125.1,125.17,124.8,124.89,4360
2026-03-23 12:25:00,124.87,125.77,124.8,125.44,4115
2026-03-23 12:35:00,125.44,125.44,124.77,125.15,6710
2026-03-23 12:45:00,125.15,125.49,125.01,125.33,4517
2026-03-23 12:55:00,125.33,125.49,125.0,125.0,6895
2026-03-23 13:05:00,125.0,125.27,124.8,125.01,1586
2026-03-23 13:15:00,125.01,125.44,125.0,125.24,2302
2026-03-23 13:25:00,125.24,125.36,124.8,125.36,7680
2026-03-23 13:35:00,125.35,125.49,125.0,125.32,3309
2026-03-23 13:45:00,125.32,125.51,125.14,125.47,4149
2026-03-23 13:55:00,125.47,125.89,125.29,125.8,3975
2026-03-23 14:05:00,125.95,125.97,125.41,125.55,5136
2026-03-23 14:15:00,125.55,125.92,125.41,125.6,6360
2026-03-23 14:25:00,125.6,125.6,125.0,125.02,6559
2026-03-23 14:35:00,125.02,125.4,124.8,125.21,5904
2026-03-23 14:45:00,125.24,125.29,124.73,124.73,2122
2026-03-23 14:55:00,124.73,124.9,124.3,124.39,13212
2026-03-23 15:05:00,124.39,125.02,124.22,124.79,24430
2026-03-23 15:15:00,124.81,125.4,124.2,124.53,33113
2026-03-23 15:25:00,124.33,124.6,124.0,124.1,12938
2026-03-24 09:15:00,127.48,128.0,124.22,125.25,69514
2026-03-24 09:25:00,125.25,126.24,125.23,125.75,35948
2026-03-24 09:35:00,125.75,126.2,124.82,124.83,23466
2026-03-24 09:45:00,124.83,124.83,123.84,124.18,25943
2026-03-24 09:55:00,124.2,124.7,123.71,123.71,14339
2026-03-24 10:05:00,123.8,124.25,123.54,124.25,221457
2026-03-24 10:15:00,124.08,124.55,123.57,124.0,132896
2026-03-24 10:25:00,124.0,124.0,123.0,123.0,9411
2026-03-24 10:35:00,123.0,123.08,121.25,121.96,52588
2026-03-24 10:45:00,122.0,122.58,121.64,122.0,23885
2026-03-24 10:55:00,122.0,122.1,121.7,122.09,12573
2026-03-24 11:05:00,122.09,122.38,122.07,122.3,16546
2026-03-24 11:15:00,122.3,122.9,122.2,122.2,13384
2026-03-24 11:25:00,122.2,122.52,121.98,122.52,13906
2026-03-24 11:35:00,122.52,123.09,122.52,122.86,7261
2026-03-24 11:45:00,122.86,123.21,122.81,122.87,4478
2026-03-24 11:55:00,122.87,123.32,122.75,123.0,19146
2026-03-24 12:05:00,123.0,123.16,122.8,122.86,5822
2026-03-24 12:15:00,122.86,124.2,122.86,124.2,12903
2026-03-24 12:25:00,124.3,124.64,123.41,123.91,25187
2026-03-24 12:35:00,123.99,125.37,123.94,124.92,32481
2026-03-24 12:45:00,124.92,125.45,124.83,125.34,14640
2026-03-24 12:55:00,125.34,125.34,124.25,125.0,45770
2026-03-24 13:05:00,125.0,125.26,124.6,124.7,24517
2026-03-24 13:15:00,124.7,125.09,124.46,124.83,5327
2026-03-24 13:25:00,124.83,125.25,124.81,125.11,6561
2026-03-24 13:35:00,125.11,125.24,124.88,125.11,6474
2026-03-24 13:45:00,125.11,125.24,124.08,124.51,24055
2026-03-24 13:55:00,124.51,125.02,124.49,124.73,8973
2026-03-24 14:05:00,124.73,124.93,124.6,124.78,7636
2026-03-24 14:15:00,124.78,124.92,124.26,124.43,7717
2026-03-24 14:25:00,124.43,124.65,124.42,124.55,4678
2026-03-24 14:35:00,124.6,124.6,123.96,123.96,21837
2026-03-24 14:45:00,123.96,124.17,123.72,123.93,8735
2026-03-24 14:55:00,123.93,124.32,123.28,123.63,90941
2026-03-24 15:05:00,123.71,124.84,123.71,124.57,63623
2026-03-24 15:15:00,124.57,125.8,124.09,124.85,243715
2026-03-24 15:25:00,124.85,125.22,123.27,124.6,236373
2026-03-25 09:15:00,125.1,128.0,124.7,127.46,78874
2026-03-25 09:25:00,127.46,128.66,127.42,128.55,61598
2026-03-25 09:35:00,128.53,128.72,127.65,128.2,37120
2026-03-25 09:45:00,128.25,128.9,128.24,128.5,22978
2026-03-25 09:55:00,128.5,128.6,127.9,127.9,13962
2026-03-25 10:05:00,128.02,128.59,127.66,128.49,25686
2026-03-25 10:15:00,128.49,128.6,127.88,127.99,36405
2026-03-25 10:25:00,127.99,128.42,127.85,128.17,14295
2026-03-25 10:35:00,128.17,128.87,128.12,128.76,8881
2026-03-25 10:45:00,128.76,128.78,128.57,128.64,5910
2026-03-25 10:55:00,128.64,128.75,128.36,128.6,6390
2026-03-25 11:05:00,128.6,128.84,128.58,128.78,4966
2026-03-25 11:15:00,128.78,128.78,127.94,127.96,13999
2026-03-25 11:25:00,127.96,128.25,127.77,128.13,17957
2026-03-25 11:35:00,128.14,128.23,127.69,127.75,8235
2026-03-25 11:45:00,127.7,128.2,127.65,128.09,22554
2026-03-25 11:55:00,128.09,128.12,127.37,127.62,9686
2026-03-25 12:05:00,127.62,128.06,127.62,128.06,4883
2026-03-25 12:15:00,128.06,128.12,127.8,128.07,9270
2026-03-25 12:25:00,128.07,128.07,127.64,127.87,13851
2026-03-25 12:35:00,127.87,128.1,127.78,128.1,25547
2026-03-25 12:45:00,128.1,128.3,127.77,128.28,12773
2026-03-25 12:55:00,128.28,128.48,128.05,128.11,8286
2026-03-25 13:05:00,128.11,128.74,128.02,128.55,37903
2026-03-25 13:15:00,128.5,128.65,128.21,128.22,48806
2026-03-25 13:25:00,128.22,128.37,128.01,128.24,3917
2026-03-25 13:35:00,128.24,128.39,128.15,128.34,3313
2026-03-25 13:45:00,128.34,128.76,128.28,128.6,16583
2026-03-25 13:55:00,128.6,128.75,128.5,128.6,86051
2026-03-25 14:05:00,128.6,128.74,128.1,128.61,19118
2026-03-25 14:15:00,128.61,128.78,128.16,128.32,21776
2026-03-25 14:25:00,128.2,128.74,128.2,128.54,13729
2026-03-25 14:35:00,128.54,128.84,128.21,128.6,19921
2026-03-25 14:45:00,128.6,128.9,128.37,128.62,13376
2026-03-25 14:55:00,128.62,128.64,128.2,128.42,7296
2026-03-25 15:05:00,128.42,128.55,128.03,128.03,20661
2026-03-25 15:15:00,128.03,128.54,127.76,128.19,48519
2026-03-25 15:25:00,128.33,128.68,128.01,128.02,28754
2026-03-27 09:15:00,126.36,127.37,125.22,125.5,54665
2026-03-27 09:25:00,125.5,126.54,125.5,126.39,21609
2026-03-27 09:35:00,126.31,126.31,125.55,125.55,12422
2026-03-27 09:45:00,125.62,125.76,125.5,125.5,18139
2026-03-27 09:55:00,125.5,125.5,124.92,125.09,17554
2026-03-27 10:05:00,125.09,125.09,124.4,124.51,9639
2026-03-27 10:15:00,124.51,124.51,124.15,124.24,16938
2026-03-27 10:25:00,124.31,124.76,124.25,124.25,28412
2026-03-27 10:35:00,124.25,124.25,123.86,124.25,11548
2026-03-27 10:45:00,124.25,124.25,123.5,123.76,21667
2026-03-27 10:55:00,123.76,124.25,123.76,123.93,4827
2026-03-27 11:05:00,123.92,124.24,123.72,124.0,3383
2026-03-27 11:15:00,124.0,124.0,123.63,123.7,4070
2026-03-27 11:25:00,123.7,124.12,123.5,123.91,15237
2026-03-27 11:35:00,123.91,124.02,123.6,123.72,6117
2026-03-27 11:45:00,123.72,123.92,123.61,123.88,6002
2026-03-27 11:55:00,123.88,123.9,123.5,123.78,11765
2026-03-27 12:05:00,123.78,124.0,123.77,123.99,1924
2026-03-27 12:15:00,123.99,123.99,123.3,123.89,20893
2026-03-27 12:25:00,123.89,124.22,123.89,123.9,9553
2026-03-27 12:35:00,123.9,123.98,123.43,123.86,6851
2026-03-27 12:45:00,123.86,123.9,123.63,123.68,3261
2026-03-27 12:55:00,123.68,124.74,123.68,123.95,126509
2026-03-27 13:05:00,123.91,124.28,123.79,124.21,4279
2026-03-27 13:15:00,124.21,124.55,124.14,124.39,8318
2026-03-27 13:25:00,124.39,124.44,123.57,123.95,12491
2026-03-27 13:35:00,123.92,124.23,123.82,124.1,10409
2026-03-27 13:45:00,124.1,124.25,123.75,123.8,15495
2026-03-27 13:55:00,123.8,123.94,123.5,123.88,41889
2026-03-27 14:05:00,123.88,123.94,123.57,123.7,11985
2026-03-27 14:15:00,123.7,123.73,122.71,122.76,62733
2026-03-27 14:25:00,122.86,122.94,122.31,122.5,14265
2026-03-27 14:35:00,122.5,122.73,122.3,122.47,20728
2026-03-27 14:45:00,122.47,122.61,122.12,122.4,19265
2026-03-27 14:55:00,122.33,122.4,121.46,121.75,40181
2026-03-27 15:05:00,121.8,122.0,121.2,121.79,81043
2026-03-27 15:15:00,121.79,122.31,121.68,122.31,81823
2026-03-27 15:25:00,122.2,122.4,121.52,121.8,26703
2026-03-30 09:15:00,120.0,120.89,118.32,119.42,78311
2026-03-30 09:25:00,119.42,120.95,119.42,120.8,31329
2026-03-30 09:35:00,120.8,121.2,120.11,121.2,22964
2026-03-30 09:45:00,121.25,121.56,120.38,120.54,14974
2026-03-30 09:55:00,120.54,120.75,120.15,120.23,6043
2026-03-30 10:05:00,120.23,120.23,118.77,119.19,37313
2026-03-30 10:15:00,119.19,119.27,118.59,118.66,9900
2026-03-30 10:25:00,118.66,118.86,118.4,118.7,13676
2026-03-30 10:35:00,118.7,119.23,118.56,118.69,6131
2026-03-30 10:45:00,118.69,118.8,118.45,118.49,4318
2026-03-30 10:55:00,118.49,118.66,118.36,118.41,4639
2026-03-30 11:05:00,118.41,118.6,117.2,118.28,44210
2026-03-30 11:15:00,118.28,118.75,118.07,118.07,14502
2026-03-30 11:25:00,117.97,118.46,117.53,118.2,23800
2026-03-30 11:35:00,118.2,118.59,117.99,118.06,10097
2026-03-30 11:45:00,118.0,118.31,117.77,118.31,6503
2026-03-30 11:55:00,118.31,119.45,118.17,118.98,28368
2026-03-30 12:05:00,118.98,119.37,118.6,118.92,17433
2026-03-30 12:15:00,118.92,119.15,118.7,118.89,7022
2026-03-30 12:25:00,118.89,118.89,118.47,118.87,7795
2026-03-30 12:35:00,118.87,119.24,118.7,118.84,3689
2026-03-30 12:45:00,118.84,118.89,118.33,118.54,8077
2026-03-30 12:55:00,118.55,118.68,118.32,118.64,12894
2026-03-30 13:05:00,118.64,118.75,118.05,118.2,6704
2026-03-30 13:15:00,118.2,118.47,118.1,118.2,7787
2026-03-30 13:25:00,118.2,118.2,117.87,118.0,7557
2026-03-30 13:35:00,118.0,118.87,117.68,118.83,30041
2026-03-30 13:45:00,118.77,118.91,118.19,118.2,9476
2026-03-30 13:55:00,118.2,118.56,118.09,118.56,4619
2026-03-30 14:05:00,118.56,118.81,118.37,118.65,6089
2026-03-30 14:15:00,118.65,118.65,118.0,118.26,8147
2026-03-30 14:25:00,118.26,118.56,118.04,118.37,39383
2026-03-30 14:35:00,118.37,118.37,117.05,117.23,14108
2026-03-30 14:45:00,117.23,117.67,116.97,117.53,18447
2026-03-30 14:55:00,117.58,117.89,117.01,117.5,49090
2026-03-30 15:05:00,117.5,117.99,117.24,117.42,21960
2026-03-30 15:15:00,117.7,118.59,117.55,117.87,65091
2026-03-30 15:25:00,117.99,118.1,117.12,117.6,33319
2026-04-01 09:15:00,120.0,123.4,119.9,123.0,79260
2026-04-01 09:25:00,123.0,123.8,122.92,122.99,20759
2026-04-01 09:35:00,122.99,122.99,122.19,122.33,14109
2026-04-01 09:45:00,122.33,123.9,122.33,123.72,23166
2026-04-01 09:55:00,123.75,123.94,123.44,123.77,12857
2026-04-01 10:05:00,123.84,123.84,123.01,123.03,8205
2026-04-01 10:15:00,123.03,123.14,122.36,122.36,5737
2026-04-01 10:25:00,122.36,122.44,121.82,122.2,35716
2026-04-01 10:35:00,122.2,122.9,122.2,122.58,6890
2026-04-01 10:45:00,122.58,123.04,122.56,122.75,956
2026-04-01 10:55:00,122.65,122.75,122.27,122.44,3373
2026-04-01 11:05:00,122.44,122.63,122.14,122.15,3534
2026-04-01 11:15:00,122.17,122.52,122.06,122.33,4675
2026-04-01 11:25:00,122.33,122.92,122.29,122.91,2092
2026-04-01 11:35:00,122.91,123.13,122.91,123.04,2604
2026-04-01 11:45:00,123.04,123.05,122.09,122.22,3020
2026-04-01 11:55:00,122.22,123.3,122.2,123.23,8206
2026-04-01 12:05:00,123.23,123.74,123.11,123.55,4244
2026-04-01 12:15:00,123.55,123.64,123.38,123.46,9218
2026-04-01 12:25:00,123.46,124.19,123.46,123.99,9990
2026-04-01 12:35:00,123.99,124.37,123.79,124.15,18059
2026-04-01 12:45:00,124.25,124.55,123.91,124.29,13411
2026-04-01 12:55:00,124.29,124.32,124.06,124.23,14617
2026-04-01 13:05:00,124.23,124.23,123.77,123.92,6540
2026-04-01 13:15:00,123.92,123.98,123.11,123.16,11729
2026-04-01 13:25:00,123.16,123.43,123.02,123.43,14100
2026-04-01 13:35:00,123.43,123.65,122.31,122.69,49707
2026-04-01 13:45:00,122.69,123.25,122.69,123.25,1661
2026-04-01 13:55:00,123.25,123.53,122.74,123.0,9501
2026-04-01 14:05:00,123.0,123.26,122.75,123.26,37379
2026-04-01 14:15:00,123.26,123.38,123.02,123.23,3982
2026-04-01 14:25:00,123.23,123.98,123.23,123.63,45186
2026-04-01 14:35:00,123.63,123.63,122.93,122.93,6157
2026-04-01 14:45:00,123.02,123.02,122.56,122.65,6187
2026-04-01 14:55:00,122.78,123.83,122.77,123.73,4141
2026-04-01 15:05:00,123.73,123.99,123.29,123.66,17561
2026-04-01 15:15:00,123.73,123.84,123.49,123.63,21746
2026-04-01 15:25:00,123.63,123.9,123.51,123.9,11767
2026-04-02 09:15:00,121.0,121.0,118.57,119.32,87292
2026-04-02 09:25:00,119.32,119.32,118.9,119.0,12868
2026-04-02 09:35:00,119.0,119.4,118.84,119.28,4893
2026-04-02 09:45:00,119.28,119.96,119.09,119.1,13192
2026-04-02 09:55:00,119.1,119.42,118.73,118.79,11295
2026-04-02 10:05:00,118.79,119.29,118.5,119.13,11042
2026-04-02 10:15:00,118.9,118.94,118.27,118.32,11000
2026-04-02 10:25:00,118.32,118.76,118.28,118.42,5475
2026-04-02 10:35:00,118.42,118.92,118.4,118.89,10038
2026-04-02 10:45:00,118.89,119.31,118.6,119.1,4299
2026-04-02 10:55:00,119.1,119.48,118.83,119.43,10416
2026-04-02 11:05:00,119.43,119.44,119.0,119.0,4145
2026-04-02 11:15:00,119.07,119.33,119.07,119.1,2660
2026-04-02 11:25:00,119.1,119.91,119.1,119.45,6105
2026-04-02 11:35:00,119.46,119.99,119.45,119.8,12041
2026-04-02 11:45:00,119.66,120.25,119.64,120.23,10498
2026-04-02 11:55:00,120.22,120.66,120.15,120.22,6811
2026-04-02 12:05:00,120.22,120.37,119.94,120.25,3697
2026-04-02 12:15:00,120.5,120.83,119.6,120.04,12927
2026-04-02 12:25:00,120.04,120.37,119.95,120.34,2330
2026-04-02 12:35:00,120.32,120.81,120.17,120.76,9337
2026-04-02 12:45:00,120.76,121.17,120.61,120.92,9096
2026-04-02 12:55:00,120.92,121.45,120.89,121.22,4891
2026-04-02 13:05:00,121.22,121.31,120.88,121.3,9705
2026-04-02 13:15:00,121.31,121.86,121.28,121.8,7652
2026-04-02 13:25:00,121.8,122.23,121.69,121.89,11961
2026-04-02 13:35:00,121.89,122.37,121.82,122.22,7485
2026-04-02 13:45:00,122.24,122.75,122.03,122.61,11793
2026-04-02 13:55:00,122.61,122.86,122.24,122.6,8051
2026-04-02 14:05:00,122.6,123.18,122.39,123.01,8707
2026-04-02 14:15:00,123.12,123.37,122.71,122.92,8804
2026-04-02 14:25:00,123.02,123.33,122.81,123.06,18132
2026-04-02 14:35:00,123.06,123.07,121.79,121.79,5394
2026-04-02 14:45:00,121.79,122.06,121.55,122.06,3801
2026-04-02 14:55:00,122.06,123.16,122.03,123.14,13439
2026-04-02 15:05:00,123.14,123.7,123.06,123.38,9373
2026-04-02 15:15:00,123.38,123.66,123.04,123.44,26919
2026-04-02 15:25:00,123.31,123.5,122.73,123.5,14951
2026-04-06 09:15:00,123.5,124.95,121.3,122.1,38454
2026-04-06 09:25:00,122.29,124.42,122.0,124.29,61938
2026-04-06 09:35:00,124.29,124.84,123.31,123.74,21375
2026-04-06 09:45:00,123.74,124.28,122.63,122.63,13138
2026-04-06 09:55:00,122.64,123.02,122.36,122.7,3629
2026-04-06 10:05:00,122.68,123.31,122.49,123.31,3758
2026-04-06 10:15:00,123.31,123.8,122.98,123.7,4073
2026-04-06 10:25:00,123.7,123.86,123.31,123.77,3644
2026-04-06 10:35:00,123.84,124.45,123.59,123.72,37533
2026-04-06 10:45:00,123.72,124.44,123.56,124.13,26361
2026-04-06 10:55:00,124.13,124.57,122.76,123.26,73855
2026-04-06 11:05:00,123.26,123.28,122.47,122.74,3538
2026-04-06 11:15:00,122.74,123.09,122.71,122.87,7293
2026-04-06 11:25:00,122.81,122.98,122.73,122.79,1846
2026-04-06 11:35:00,122.79,123.56,122.79,123.41,18521
2026-04-06 11:45:00,123.41,124.0,123.41,124.0,10306
2026-04-06 11:55:00,124.0,124.07,123.6,123.68,4244
2026-04-06 12:05:00,123.68,123.99,123.68,123.68,3204
2026-04-06 12:15:00,123.68,123.78,123.5,123.65,2091
2026-04-06 12:25:00,123.65,123.99,123.65,123.65,3241
2026-04-06 12:35:00,123.65,123.65,123.02,123.18,2302
2026-04-06 12:45:00,123.18,123.93,123.08,123.63,8225
2026-04-06 12:55:00,123.63,124.0,123.55,123.55,8085
2026-04-06 13:05:00,123.55,124.45,123.48,124.25,7096
2026-04-06 13:15:00,124.25,124.25,123.61,123.9,29505
2026-04-06 13:25:00,123.9,123.9,123.46,123.66,8120
2026-04-06 13:35:00,123.66,123.89,123.4,123.47,11573
2026-04-06 13:45:00,123.47,123.79,123.41,123.79,1424
2026-04-06 13:55:00,123.79,124.0,123.56,124.0,6099
2026-04-06 14:05:00,124.0,124.46,123.95,124.12,10363
2026-04-06 14:15:00,124.12,124.12,123.44,123.9,49034
2026-04-06 14:25:00,123.9,123.9,123.5,123.85,3468
2026-04-06 14:35:00,123.85,123.85,123.45,123.57,3248
2026-04-06 14:45:00,123.57,123.81,123.16,123.16,7405
2026-04-06 14:55:00,123.16,123.65,123.15,123.54,14337
2026-04-06 15:05:00,123.61,124.35,123.61,124.18,33805
2026-04-06 15:15:00,124.17,124.34,123.15,123.9,39023
2026-04-06 15:25:00,123.9,124.15,123.41,123.9,25380
2026-04-07 09:15:00,123.93,124.9,122.6,124.54,29060
2026-04-07 09:25:00,124.31,124.74,123.99,124.02,9101
2026-04-07 09:35:00,124.02,124.02,122.65,122.71,15930
2026-04-07 09:45:00,122.71,123.28,122.53,123.07,9852
2026-04-07 09:55:00,123.07,123.35,122.92,123.35,2096
2026-04-07 10:05:00,123.4,123.4,123.09,123.19,1717
2026-04-07 10:15:00,123.19,123.55,123.05,123.52,2850
2026-04-07 10:25:00,123.52,124.27,123.42,124.0,8014
2026-04-07 10:35:00,123.96,124.44,123.82,124.24,10575
2026-04-07 10:45:00,124.24,124.64,123.72,123.72,7245
2026-04-07 10:55:00,123.72,123.79,123.32,123.38,13714
2026-04-07 11:05:00,123.34,123.46,123.2,123.33,5792
2026-04-07 11:15:00,123.33,123.53,123.3,123.4,2840
2026-04-07 11:25:00,123.4,123.94,123.4,123.77,3573
2026-04-07 11:35:00,123.77,123.8,123.31,123.67,744
2026-04-07 11:45:00,123.67,124.18,123.67,124.12,3288
2026-04-07 11:55:00,124.12,124.38,124.04,124.05,18318
2026-04-07 12:05:00,124.1,124.73,123.97,124.59,12852
2026-04-07 12:15:00,124.59,124.69,124.47,124.61,3720
2026-04-07 12:25:00,124.61,124.61,123.37,123.56,17490
2026-04-07 12:35:00,123.56,123.88,123.56,123.78,694
2026-04-07 12:45:00,123.78,123.98,123.78,123.8,3146
2026-04-07 12:55:00,123.8,123.99,123.75,123.75,1391
2026-04-07 13:05:00,123.75,123.84,123.4,123.84,18589
2026-04-07 13:15:00,123.84,123.91,123.61,123.7,4380
2026-04-07 13:25:00,123.7,123.86,123.54,123.86,3589
2026-04-07 13:35:00,123.86,124.0,123.75,124.0,24676
2026-04-07 13:45:00,124.0,124.15,123.7,124.0,16107
2026-04-07 13:55:00,124.0,124.08,123.7,123.86,7978
2026-04-07 14:05:00,123.86,123.87,123.75,123.75,1811
2026-04-07 14:15:00,123.75,123.9,123.4,123.57,20314
2026-04-07 14:25:00,123.57,123.8,123.54,123.65,11677
2026-04-07 14:35:00,123.65,123.77,123.63,123.77,6564
2026-04-07 14:45:00,123.77,123.9,123.77,123.88,2456
2026-04-07 14:55:00,123.95,124.74,123.95,124.74,46492
2026-04-07 15:05:00,124.76,124.78,124.16,124.48,22779
2026-04-07 15:15:00,124.36,124.46,123.67,124.15,25251
2026-04-07 15:25:00,124.15,124.5,123.8,124.5,15740
2026-04-08 09:15:00,128.0,131.37,126.99,129.17,100668
2026-04-08 09:25:00,129.17,129.3,127.81,128.9,66840
2026-04-08 09:35:00,129.0,129.89,128.82,129.65,18169
2026-04-08 09:45:00,129.79,130.66,129.31,129.68,76760
2026-04-08 09:55:00,129.66,129.86,129.01,129.11,29458
2026-04-08 10:05:00,129.11,129.92,129.11,129.79,16258
2026-04-08 10:15:00,129.79,130.29,129.39,130.07,14140
2026-04-08 10:25:00,130.07,130.99,129.83,130.96,14290
2026-04-08 10:35:00,130.96,131.2,130.61,130.82,25152
2026-04-08 10:45:00,130.82,131.4,130.62,131.1,40474
2026-04-08 10:55:00,131.1,131.1,130.67,130.88,12098
2026-04-08 11:05:00,130.98,131.15,130.51,130.52,24741
2026-04-08 11:15:00,130.42,130.8,130.39,130.56,18451
2026-04-08 11:25:00,130.56,130.95,130.14,130.14,33549
2026-04-08 11:35:00,130.14,130.25,129.72,129.78,41881
2026-04-08 11:45:00,129.78,130.25,129.5,129.75,30401
2026-04-08 11:55:00,129.75,130.39,129.69,130.22,10774
2026-04-08 12:05:00,130.22,130.38,129.99,130.38,3148
2026-04-08 12:15:00,130.38,130.58,130.36,130.53,1203
2026-04-08 12:25:00,130.53,130.53,129.91,129.98,2408
2026-04-08 12:35:00,129.98,130.23,129.9,130.08,2990
2026-04-08 12:45:00,130.08,130.16,130.03,130.16,654
2026-04-08 12:55:00,130.16,130.26,130.05,130.05,2330
2026-04-08 13:05:00,130.05,130.19,130.05,130.1,4301
2026-04-08 13:15:00,130.1,130.5,130.07,130.27,5621
2026-04-08 13:25:00,130.27,130.77,130.27,130.57,6601
2026-04-08 13:35:00,130.57,131.14,130.57,130.9,7159
2026-04-08 13:45:00,130.9,130.93,130.76,130.76,1189
2026-04-08 13:55:00,130.76,130.91,130.16,130.4,4913
2026-04-08 14:05:00,130.46,130.46,130.08,130.19,5809
2026-04-08 14:15:00,130.19,130.58,129.71,130.54,7942
2026-04-08 14:25:00,130.54,130.88,130.34,130.61,7133
2026-04-08 14:35:00,130.61,130.78,130.48,130.65,5779
2026-04-08 14:45:00,130.65,130.86,130.37,130.65,7898
2026-04-08 14:55:00,130.65,130.9,130.08,130.69,19615
2026-04-08 15:05:00,130.69,130.99,130.4,130.65,29526
2026-04-08 15:15:00,130.65,131.0,130.39,130.88,34234
2026-04-08 15:25:00,130.8,131.95,130.8,131.8,42191
2026-04-09 09:15:00,131.5,132.31,129.81,131.73,56625
2026-04-09 09:25:00,132.03,132.38,130.31,130.35,45780
2026-04-09 09:35:00,130.3,130.8,129.7,129.81,23927
2026-04-09 09:45:00,129.86,129.92,129.0,129.16,14508
2026-04-09 09:55:00,129.14,129.26,128.73,129.2,18923
2026-04-09 10:05:00,129.2,129.56,129.0,129.51,7521
2026-04-09 10:15:00,129.51,129.93,129.17,129.86,8316
2026-04-09 10:25:00,129.86,130.65,129.5,130.65,2950
2026-04-09 10:35:00,130.65,130.82,130.46,130.57,13256
2026-04-09 10:45:00,130.57,130.88,130.57,130.65,4492
2026-04-09 10:55:00,130.65,131.2,130.65,130.91,6633
2026-04-09 11:05:00,130.91,130.92,130.5,130.72,6074
2026-04-09 11:15:00,130.72,131.77,130.72,131.21,45214
2026-04-09 11:25:00,131.21,131.61,131.11,131.33,10080
2026-04-09 11:35:00,131.33,131.69,131.3,131.5,10532
2026-04-09 11:45:00,131.5,131.8,131.49,131.61,2747
2026-04-09 11:55:00,131.61,131.84,131.5,131.75,6506
2026-04-09 12:05:00,131.7,131.83,131.39,131.48,3592
2026-04-09 12:15:00,131.48,131.68,131.27,131.57,6948
2026-04-09 12:25:00,131.57,131.57,131.19,131.3,4746
2026-04-09 12:35:00,131.3,131.62,131.2,131.32,5995
2026-04-09 12:45:00,131.32,131.32,130.87,130.97,10115
2026-04-09 12:55:00,130.97,130.98,130.51,130.66,6132
2026-04-09 13:05:00,130.66,130.66,130.04,130.14,3712
2026-04-09 13:15:00,130.14,130.14,129.76,129.83,11523
2026-04-09 13:25:00,129.83,129.89,129.61,129.87,8612
2026-04-09 13:35:00,129.87,129.95,129.61,129.68,4642
2026-04-09 13:45:00,129.5,129.73,129.45,129.7,6456
2026-04-09 13:55:00,129.7,129.87,129.6,129.76,1077
2026-04-09 14:05:00,129.7,129.84,129.36,129.54,7336
2026-04-09 14:15:00,129.54,129.56,129.1,129.1,10334
2026-04-09 14:25:00,129.1,129.24,129.0,129.24,12912
2026-04-09 14:35:00,129.24,129.43,129.01,129.31,6630
2026-04-09 14:45:00,129.3,129.7,129.27,129.65,6884
2026-04-09 14:55:00,129.65,129.86,129.4,129.82,13788
2026-04-09 15:05:00,129.75,130.38,129.66,130.29,11052
2026-04-09 15:15:00,130.29,130.38,129.55,130.34,52268
2026-04-09 15:25:00,130.23,130.5,129.97,130.5,14464
2026-04-10 09:15:00,131.01,145.0,131.0,144.78,2336491
2026-04-10 09:25:00,144.71,145.9,143.61,144.7,4352668
2026-04-10 09:35:00,144.75,149.2,144.5,148.73,7043246
2026-04-10 09:45:00,148.71,148.99,147.26,147.7,3731241
2026-04-10 09:55:00,147.8,148.85,147.5,148.74,2352239
2026-04-10 10:05:00,148.67,149.2,147.52,147.93,3220706
2026-04-10 10:15:00,147.95,149.7,147.64,148.9,2242166
2026-04-10 10:25:00,148.9,150.47,148.43,148.55,3362554
2026-04-10 10:35:00,148.55,149.39,148.2,148.87,1931092
2026-04-10 10:45:00,148.87,153.0,148.84,151.68,5046280
2026-04-10 10:55:00,151.6,151.97,150.45,150.85,1734248
2026-04-10 11:05:00,150.85,152.0,150.85,151.5,1293539
2026-04-10 11:15:00,151.5,152.4,151.5,151.75,1398698
2026-04-10 11:25:00,151.76,152.6,151.72,152.34,1300185
2026-04-10 11:35:00,152.3,152.49,151.75,152.0,776360
2026-04-10 11:45:00,152.0,152.1,150.5,151.7,1356604
2026-04-10 11:55:00,151.7,151.96,151.41,151.6,581389
2026-04-10 12:05:00,151.6,152.9,151.19,152.26,1172063
2026-04-10 12:15:00,152.11,152.26,151.55,151.8,602551
2026-04-10 12:25:00,151.8,152.38,151.73,152.29,449732
2026-04-10 12:35:00,152.31,152.5,151.65,152.04,735726
2026-04-10 12:45:00,152.11,152.44,152.01,152.3,396621
2026-04-10 12:55:00,152.3,152.42,152.0,152.31,426010
2026-04-10 13:05:00,152.4,155.92,152.31,155.4,16527755
2026-04-10 13:15:00,155.36,155.6,153.62,154.49,1306571
2026-04-10 13:25:00,154.49,154.75,153.73,154.15,462527
2026-04-10 13:35:00,154.09,154.15,153.58,153.61,296785
2026-04-10 13:45:00,153.69,154.95,153.33,154.85,736847
2026-04-10 13:55:00,154.85,155.92,154.68,155.1,4215016
2026-04-10 14:05:00,155.1,155.74,154.21,154.62,705326
2026-04-10 14:15:00,154.86,154.86,153.24,153.53,803782
2026-04-10 14:25:00,153.53,154.29,153.5,154.09,414074
2026-04-10 14:35:00,154.0,154.48,153.81,154.32,289392
2026-04-10 14:45:00,154.32,154.75,154.11,154.34,280550
2026-04-10 14:55:00,154.43,155.92,154.0,155.25,1561272
2026-04-10 15:05:00,155.45,155.92,155.38,155.92,546424
2026-04-10 15:15:00,155.92,155.92,155.92,155.92,76011
2026-04-10 15:25:00,155.92,155.92,155.92,155.92,11637
2026-04-13 09:15:00,150.0,153.9,148.7,151.89,2060148
2026-04-13 09:25:00,151.77,152.4,150.13,151.86,605241
2026-04-13 09:35:00,151.84,151.93,149.5,150.37,589129
2026-04-13 09:45:00,150.5,151.46,149.97,150.85,216156
2026-04-13 09:55:00,150.95,151.25,150.21,150.43,152333
2026-04-13 10:05:00,150.56,150.98,150.1,150.19,134065
2026-04-13 10:15:00,150.24,151.48,149.6,150.92,214118
2026-04-13 10:25:00,150.9,151.3,150.75,150.9,54441
2026-04-13 10:35:00,150.9,151.9,150.45,151.73,123440
2026-04-13 10:45:00,151.75,151.85,151.0,151.24,80559
2026-04-13 10:55:00,151.24,151.24,150.52,150.68,77352
2026-04-13 11:05:00,150.68,151.12,150.6,150.67,49124
2026-04-13 11:15:00,150.68,150.72,150.35,150.36,58864
2026-04-13 11:25:00,150.33,151.1,150.33,151.03,86333
2026-04-13 11:35:00,151.1,153.21,151.03,151.3,393419
2026-04-13 11:45:00,151.3,151.65,151.03,151.61,60788
2026-04-13 11:55:00,151.61,151.61,151.01,151.18,48024
2026-04-13 12:05:00,151.29,151.74,151.19,151.61,23342
2026-04-13 12:15:00,151.61,151.69,150.78,151.11,91620
2026-04-13 12:25:00,151.11,153.89,151.11,152.3,431583
2026-04-13 12:35:00,152.4,152.63,152.0,152.31,84190
2026-04-13 12:45:00,152.4,152.73,152.27,152.38,54265
2026-04-13 12:55:00,152.41,153.8,151.55,153.65,176508
2026-04-13 13:05:00,153.65,154.7,153.42,154.07,622713
2026-04-13 13:15:00,154.19,155.45,153.5,153.7,475428
2026-04-13 13:25:00,153.7,154.43,153.25,154.08,114666
2026-04-13 13:35:00,154.08,154.08,153.25,153.75,89200
2026-04-13 13:45:00,153.8,154.0,153.42,153.87,69083
2026-04-13 13:55:00,153.87,154.42,153.7,154.29,85319
2026-04-13 14:05:00,154.29,154.78,153.51,154.6,149486
2026-04-13 14:15:00,154.51,154.75,154.0,154.02,160160
2026-04-13 14:25:00,154.05,155.6,154.05,154.99,212954
2026-04-13 14:35:00,154.99,156.63,154.61,156.12,422964
2026-04-13 14:45:00,156.25,162.32,156.1,161.36,2195873
2026-04-13 14:55:00,161.32,172.55,160.66,170.53,7404203
2026-04-13 15:05:00,170.48,175.64,169.51,170.65,6601334
2026-04-13 15:15:00,170.5,174.0,169.64,172.9,4023071
2026-04-13 15:25:00,172.9,172.9,168.21,170.0,686862
2026-04-15 09:15:00,169.6,171.67,166.45,166.65,2004207
2026-04-15 09:25:00,166.77,167.55,164.76,166.41,1102278
2026-04-15 09:35:00,166.35,167.99,166.29,166.75,441609
2026-04-15 09:45:00,166.75,167.03,166.0,166.12,313329
2026-04-15 09:55:00,166.12,166.44,165.23,165.75,414957
2026-04-15 10:05:00,165.68,166.38,165.61,166.02,240234
2026-04-15 10:15:00,166.08,166.72,166.0,166.09,188566
2026-04-15 10:25:00,166.09,166.7,165.65,166.2,173056
2026-04-15 10:35:00,166.11,166.2,165.24,165.71,170795
2026-04-15 10:45:00,165.71,166.15,164.59,165.37,329344
2026-04-15 10:55:00,165.37,165.6,165.14,165.51,84055
2026-04-15 11:05:00,165.51,165.51,165.0,165.08,74548
2026-04-15 11:15:00,165.0,165.51,165.0,165.25,119468
2026-04-15 11:25:00,165.25,166.02,165.0,165.31,149977
2026-04-15 11:35:00,165.23,165.5,165.12,165.18,74675
2026-04-15 11:45:00,165.25,165.25,164.77,165.07,186458
2026-04-15 11:55:00,165.01,165.07,164.7,164.75,83709
2026-04-15 12:05:00,164.75,164.96,164.01,164.64,275987
2026-04-15 12:15:00,164.64,164.87,164.5,164.84,133956
2026-04-15 12:25:00,164.84,164.95,164.63,164.91,47453
2026-04-15 12:35:00,164.89,165.48,164.81,165.4,116829
2026-04-15 12:45:00,165.35,165.45,165.01,165.09,88059
2026-04-15 12:55:00,165.13,165.15,164.9,164.95,35036
2026-04-15 13:05:00,165.0,165.29,164.84,165.2,92904
2026-04-15 13:15:00,165.2,165.4,164.85,164.9,195607
2026-04-15 13:25:00,164.9,165.14,164.9,165.06,24975
2026-04-15 13:35:00,165.06,165.11,164.85,165.06,95023
2026-04-15 13:45:00,164.99,165.3,164.87,165.23,107520
2026-04-15 13:55:00,165.23,165.46,165.07,165.16,115953
2026-04-15 14:05:00,165.16,165.6,165.09,165.4,117814
2026-04-15 14:15:00,165.4,170.86,165.15,170.63,1727851
2026-04-15 14:25:00,170.71,173.33,169.51,172.1,2204784
2026-04-15 14:35:00,172.1,176.49,171.61,176.04,1822249
2026-04-15 14:45:00,176.23,180.4,176.16,178.34,3764966
2026-04-15 14:55:00,178.15,178.35,172.24,172.54,2760636
2026-04-15 15:05:00,172.58,175.0,171.31,173.99,2188729
2026-04-15 15:15:00,173.87,174.2,171.73,171.97,1313766
2026-04-15 15:25:00,171.97,172.47,165.52,167.9,1315886
2026-04-16 09:15:00,168.7,171.39,168.0,169.76,815996
2026-04-16 09:25:00,169.8,169.81,169.0,169.22,262744
2026-04-16 09:35:00,169.23,169.67,168.7,169.05,209338
2026-04-16 09:45:00,169.07,169.07,168.7,168.98,139883
2026-04-16 09:55:00,168.99,170.4,168.61,170.24,262701
2026-04-16 10:05:00,170.35,174.36,170.35,172.46,1075387
2026-04-16 10:15:00,172.54,172.7,171.01,171.31,213984
2026-04-16 10:25:00,171.31,172.04,170.51,171.17,154626
2026-04-16 10:35:00,171.17,172.43,170.9,172.29,66508
2026-04-16 10:45:00,172.5,174.5,171.12,171.7,563994
2026-04-16 10:55:00,171.7,171.88,169.67,170.43,290056
2026-04-16 11:05:00,170.41,170.84,170.28,170.3,55424
2026-04-16 11:15:00,170.44,170.94,170.21,170.62,56580
2026-04-16 11:25:00,170.62,170.93,170.51,170.6,37067
2026-04-16 11:35:00,170.6,170.75,169.48,170.05,121069
2026-04-16 11:45:00,170.08,171.0,169.48,170.84,107653
2026-04-16 11:55:00,170.84,171.44,170.11,170.39,143295
2026-04-16 12:05:00,170.39,171.25,170.27,171.0,40040
2026-04-16 12:15:00,171.0,171.72,170.7,171.2,70080
2026-04-16 12:25:00,171.2,171.46,170.65,170.8,37736
2026-04-16 12:35:00,170.65,171.0,170.2,170.6,89315
2026-04-16 12:45:00,170.6,171.67,170.42,171.51,66082
2026-04-16 12:55:00,171.58,171.77,171.05,171.28,54859
2026-04-16 13:05:00,171.28,171.56,171.05,171.26,34391
2026-04-16 13:15:00,171.58,174.38,171.12,172.82,460475
2026-04-16 13:25:00,172.64,173.24,172.17,172.26,91084
2026-04-16 13:35:00,172.26,172.42,171.55,172.26,109930
2026-04-16 13:45:00,172.26,173.6,172.01,172.6,148464
2026-04-16 13:55:00,172.6,173.04,172.3,172.45,91358
2026-04-16 14:05:00,172.45,172.9,172.13,172.76,57771
2026-04-16 14:15:00,172.64,172.9,172.31,172.75,50103
2026-04-16 14:25:00,172.6,173.36,172.5,172.6,135403
2026-04-16 14:35:00,172.6,172.82,170.33,171.39,298069
2026-04-16 14:45:00,171.48,172.33,171.33,172.14,96700
2026-04-16 14:55:00,172.14,172.14,170.49,171.53,202217
2026-04-16 15:05:00,171.56,171.71,170.87,171.0,167983
2026-04-16 15:15:00,170.91,171.16,168.41,169.36,447394
2026-04-16 15:25:00,169.28,169.28,168.0,168.9,184189
2026-04-17 09:15:00,169.91,171.23,168.5,168.6,352845
2026-04-17 09:25:00,168.55,169.03,168.05,168.42,198121
2026-04-17 09:35:00,168.42,168.54,167.74,168.03,122485
2026-04-17 09:45:00,168.03,168.67,168.0,168.27,47198
2026-04-17 09:55:00,168.36,168.62,167.99,168.4,54280
2026-04-17 10:05:00,168.47,168.88,168.39,168.47,54700
2026-04-17 10:15:00,168.4,168.83,168.13,168.71,33582
2026-04-17 10:25:00,168.7,168.82,168.34,168.61,29822
2026-04-17 10:35:00,168.61,168.8,168.03,168.3,42857
2026-04-17 10:45:00,168.3,168.69,168.17,168.65,25669
2026-04-17 10:55:00,168.65,168.8,168.21,168.41,22815
2026-04-17 11:05:00,168.41,168.56,168.22,168.48,35100
2026-04-17 11:15:00,168.32,168.5,168.21,168.42,12878
2026-04-17 11:25:00,168.28,168.46,168.24,168.26,9868
2026-04-17 11:35:00,168.22,168.42,168.1,168.11,18408
2026-04-17 11:45:00,168.1,168.26,167.8,168.16,51011
2026-04-17 11:55:00,168.16,168.42,167.92,168.24,15054
2026-04-17 12:05:00,168.24,168.45,168.15,168.31,8607
2026-04-17 12:15:00,168.31,168.45,168.03,168.32,41044
2026-04-17 12:25:00,168.32,168.39,168.09,168.3,11055
2026-04-17 12:35:00,168.3,168.55,168.15,168.25,19709
2026-04-17 12:45:00,168.25,168.6,168.11,168.3,19651
2026-04-17 12:55:00,168.3,168.52,168.12,168.28,11501
2026-04-17 13:05:00,168.28,168.7,168.28,168.55,38090
2026-04-17 13:15:00,168.55,168.62,168.5,168.5,7512
2026-04-17 13:25:00,168.59,168.67,168.36,168.57,23107
2026-04-17 13:35:00,168.57,169.34,168.57,169.12,104457
2026-04-17 13:45:00,169.12,169.32,168.59,168.61,82145
2026-04-17 13:55:00,168.61,169.2,168.61,169.08,39673
2026-04-17 14:05:00,169.08,169.09,168.58,168.85,49673
2026-04-17 14:15:00,168.85,169.0,168.27,168.42,29773
2026-04-17 14:25:00,168.42,168.58,167.41,167.94,69612
2026-04-17 14:35:00,167.94,167.94,167.61,167.8,75631
2026-04-17 14:45:00,167.72,168.37,167.61,168.04,69271
2026-04-17 14:55:00,168.04,168.04,167.75,167.92,38710
2026-04-17 15:05:00,167.81,168.08,167.1,167.59,217047
2026-04-17 15:15:00,167.51,167.74,167.0,167.1,133302
2026-04-17 15:25:00,167.09,167.09,166.5,166.64,103111
2026-04-20 09:15:00,166.54,167.14,164.13,166.69,185486
2026-04-20 09:25:00,166.69,166.8,165.26,165.32,66537
2026-04-20 09:35:00,165.32,165.73,165.09,165.11,50712
2026-04-20 09:45:00,165.15,165.99,165.15,165.99,24496
2026-04-20 09:55:00,165.95,166.36,165.64,166.23,24930
2026-04-20 10:05:00,166.23,166.5,165.8,165.86,29169
2026-04-20 10:15:00,165.86,166.0,165.72,166.0,7248
2026-04-20 10:25:00,166.0,168.2,166.0,168.2,67159
2026-04-20 10:35:00,168.41,168.95,167.29,167.3,193842
2026-04-20 10:45:00,167.3,167.53,166.89,166.91,27729
2026-04-20 10:55:00,166.91,167.2,166.8,167.02,17965
2026-04-20 11:05:00,167.02,167.24,166.86,166.86,24976
2026-04-20 11:15:00,166.86,167.26,166.76,167.24,5904
2026-04-20 11:25:00,167.24,167.24,166.0,166.65,31889
2026-04-20 11:35:00,166.69,166.69,166.15,166.3,16478
2026-04-20 11:45:00,166.46,166.7,166.04,166.18,11457
2026-04-20 11:55:00,166.18,166.2,166.0,166.1,5717
2026-04-20 12:05:00,166.1,166.1,165.54,165.74,27064
2026-04-20 12:15:00,165.74,166.05,165.6,165.9,3636
2026-04-20 12:25:00,165.9,166.12,165.78,166.0,4581
2026-04-20 12:35:00,166.0,166.11,165.61,165.61,10375
2026-04-20 12:45:00,165.61,165.99,165.31,165.86,15727
2026-04-20 12:55:00,165.86,166.0,165.42,165.54,5230
2026-04-20 13:05:00,165.54,165.84,165.47,165.61,8351
2026-04-20 13:15:00,165.61,165.61,165.03,165.31,22401
2026-04-20 13:25:00,165.31,165.31,164.64,164.77,46033
2026-04-20 13:35:00,164.77,165.05,164.5,164.91,19384
2026-04-20 13:45:00,164.91,165.02,164.76,164.83,4349
2026-04-20 13:55:00,164.83,165.0,164.79,164.97,4122
2026-04-20 14:05:00,164.97,165.07,164.76,164.77,5578
2026-04-20 14:15:00,164.77,164.98,164.61,164.77,8641
2026-04-20 14:25:00,164.77,164.99,164.6,164.9,5252
2026-04-20 14:35:00,165.0,165.45,164.9,165.3,22645
2026-04-20 14:45:00,165.3,165.37,165.07,165.12,13861
2026-04-20 14:55:00,165.15,165.4,165.0,165.15,22057
2026-04-20 15:05:00,165.15,166.41,165.15,165.44,112054
2026-04-20 15:15:00,165.52,165.56,164.1,164.14,85845
2026-04-20 15:25:00,164.15,164.15,163.5,164.0,53520
2026-04-21 09:15:00,165.0,165.77,164.21,164.75,129243
2026-04-21 09:25:00,164.75,165.25,164.5,164.61,75094
2026-04-21 09:35:00,164.6,165.23,164.46,164.75,38773
2026-04-21 09:45:00,164.75,165.0,164.51,164.58,20189
2026-04-21 09:55:00,164.58,164.91,164.5,164.51,20137
2026-04-21 10:05:00,164.51,165.3,164.5,165.3,26896
2026-04-21 10:15:00,165.3,165.38,165.03,165.38,13021
2026-04-21 10:25:00,165.38,166.3,165.25,165.9,58494
2026-04-21 10:35:00,165.9,165.9,165.26,165.29,25719
2026-04-21 10:45:00,165.29,165.43,164.75,165.09,20435
2026-04-21 10:55:00,165.09,165.23,164.84,165.11,10504
2026-04-21 11:05:00,165.11,165.59,165.11,165.24,15406
2026-04-21 11:15:00,165.3,165.35,164.9,164.95,10225
2026-04-21 11:25:00,164.99,164.99,164.76,164.9,4559
2026-04-21 11:35:00,164.9,164.97,164.71,164.97,6103
2026-04-21 11:45:00,164.97,164.97,164.57,164.79,3853
2026-04-21 11:55:00,164.79,164.79,164.5,164.69,9578
2026-04-21 12:05:00,164.69,164.69,164.4,164.5,14063
2026-04-21 12:15:00,164.5,164.64,164.35,164.44,6379
2026-04-21 12:25:00,164.44,164.71,164.44,164.7,13868
2026-04-21 12:35:00,164.7,164.7,164.41,164.7,11350
2026-04-21 12:45:00,164.7,164.7,164.52,164.67,1559
2026-04-21 12:55:00,164.67,164.75,164.54,164.75,4618
2026-04-21 13:05:00,164.75,165.36,164.75,165.12,13852
2026-04-21 13:15:00,165.13,165.2,164.85,164.88,6784
2026-04-21 13:25:00,164.88,165.45,164.86,165.21,13978
2026-04-21 13:35:00,165.21,165.36,165.0,165.09,10925
2026-04-21 13:45:00,165.04,165.34,165.01,165.1,9071
2026-04-21 13:55:00,165.1,165.25,165.1,165.14,4984
2026-04-21 14:05:00,165.14,165.25,164.85,164.99,5971
2026-04-21 14:15:00,164.99,164.99,163.01,163.75,85495
2026-04-21 14:25:00,163.75,164.18,163.65,163.95,37569
2026-04-21 14:35:00,163.95,164.18,163.72,164.0,17387
2026-04-21 14:45:00,164.0,164.1,163.76,163.92,18996
2026-04-21 14:55:00,163.92,164.66,163.9,164.6,41027
2026-04-21 15:05:00,164.61,164.61,163.92,163.96,31034
2026-04-21 15:15:00,163.96,164.0,163.1,163.8,69950
2026-04-21 15:25:00,163.25,163.5,163.05,163.13,48961
2026-04-22 09:15:00,164.0,165.0,162.9,163.51,128621
2026-04-22 09:25:00,163.53,163.81,162.66,163.81,69613
2026-04-22 09:35:00,163.8,164.76,163.76,163.93,58453
2026-04-22 09:45:00,163.93,164.11,163.41,163.77,28193
2026-04-22 09:55:00,163.77,163.82,163.03,163.65,14505
2026-04-22 10:05:00,163.65,163.84,163.27,163.5,9685
2026-04-22 10:15:00,163.64,163.65,163.3,163.33,13123
2026-04-22 10:25:00,163.33,163.9,163.31,163.69,12246
2026-04-22 10:35:00,163.69,163.79,163.5,163.78,9167
2026-04-22 10:45:00,163.78,164.03,163.56,163.76,24863
2026-04-22 10:55:00,163.76,163.85,163.51,163.8,3817
2026-04-22 11:05:00,163.8,163.8,163.35,163.5,7145
2026-04-22 11:15:00,163.63,163.64,163.25,163.47,7292
2026-04-22 11:25:00,163.47,163.75,163.35,163.54,8961
2026-04-22 11:35:00,163.54,163.62,163.21,163.39,3296
2026-04-22 11:45:00,163.3,163.54,163.01,163.53,11660
2026-04-22 11:55:00,163.53,163.55,163.15,163.19,5639
2026-04-22 12:05:00,163.19,163.39,163.19,163.36,2801
2026-04-22 12:15:00,163.36,163.4,163.2,163.23,3337
2026-04-22 12:25:00,163.23,163.4,163.2,163.28,1231
2026-04-22 12:35:00,163.28,163.4,163.12,163.2,10447
2026-04-22 12:45:00,163.33,163.43,163.12,163.35,4285
2026-04-22 12:55:00,163.35,163.43,163.12,163.41,5776
2026-04-22 13:05:00,163.41,163.45,163.17,163.37,7604
2026-04-22 13:15:00,163.37,163.42,163.1,163.34,9913
2026-04-22 13:25:00,163.25,164.4,163.25,164.05,56628
2026-04-22 13:35:00,164.0,164.08,163.53,163.88,10841
2026-04-22 13:45:00,163.94,164.2,163.66,163.66,9785
2026-04-22 13:55:00,163.89,164.19,163.51,163.87,27173
2026-04-22 14:05:00,163.94,164.04,163.7,163.79,4916
2026-04-22 14:15:00,163.77,163.79,163.19,163.32,11068
2026-04-22 14:25:00,163.56,163.73,162.56,163.1,47682
2026-04-22 14:35:00,163.1,163.1,162.52,162.64,28409
2026-04-22 14:45:00,162.58,162.98,162.05,162.55,23981
2026-04-22 14:55:00,162.55,162.9,162.53,162.65,28434
2026-04-22 15:05:00,162.65,163.24,162.6,162.72,33191
2026-04-22 15:15:00,162.72,163.0,162.55,162.83,53838
2026-04-22 15:25:00,162.83,163.45,162.56,163.2,52041
2026-04-23 09:15:00,162.99,164.19,162.42,163.43,87278
2026-04-23 09:25:00,163.43,163.44,162.3,162.93,42622
2026-04-23 09:35:00,162.93,163.09,162.48,162.48,29146
2026-04-23 09:45:00,162.48,162.95,162.4,162.8,14592
2026-04-23 09:55:00,162.8,167.55,162.71,166.43,230139
2026-04-23 10:05:00,166.33,167.9,165.64,166.89,279699
2026-04-23 10:15:00,166.81,171.8,166.08,171.06,641296
2026-04-23 10:25:00,171.15,175.0,170.28,171.4,1605867
2026-04-23 10:35:00,171.79,172.58,170.65,171.0,492769
2026-04-23 10:45:00,171.04,171.48,169.6,171.0,391977
2026-04-23 10:55:00,171.15,171.48,170.04,170.66,149898
2026-04-23 11:05:00,170.66,170.76,169.84,170.48,86804
2026-04-23 11:15:00,170.45,170.45,169.51,169.66,95068
2026-04-23 11:25:00,169.66,169.66,168.6,168.93,144673
2026-04-23 11:35:00,168.85,169.03,168.54,168.9,64492
2026-04-23 11:45:00,168.9,168.9,168.6,168.69,19653
2026-04-23 11:55:00,168.6,168.85,167.8,168.22,73002
2026-04-23 12:05:00,168.22,168.32,167.5,167.9,46567
2026-04-23 12:15:00,167.91,168.55,167.82,168.33,48498
2026-04-23 12:25:00,168.29,168.36,167.66,167.89,29222
2026-04-23 12:35:00,167.86,168.32,167.77,168.0,25782
2026-04-23 12:45:00,168.0,168.26,167.65,168.0,41774
2026-04-23 12:55:00,168.0,168.35,167.9,168.0,13803
2026-04-23 13:05:00,168.0,168.25,167.73,168.14,18331
2026-04-23 13:15:00,168.14,168.25,167.84,168.2,12601
2026-04-23 13:25:00,168.2,168.2,167.75,167.83,21636
2026-04-23 13:35:00,167.83,167.94,167.43,167.45,17442
2026-04-23 13:45:00,167.45,167.65,167.36,167.65,24237
2026-04-23 13:55:00,167.65,168.15,167.51,167.81,29092
2026-04-23 14:05:00,167.91,167.91,167.02,167.12,41063
2026-04-23 14:15:00,167.12,167.36,167.05,167.18,16029
2026-04-23 14:25:00,167.18,167.18,165.81,165.93,111694
2026-04-23 14:35:00,165.93,166.0,164.72,164.77,105018
2026-04-23 14:45:00,164.87,165.2,164.7,165.08,71208
2026-04-23 14:55:00,165.08,165.45,164.8,164.9,86327
2026-04-23 15:05:00,164.9,165.08,164.01,164.26,127566
2026-04-23 15:15:00,164.26,164.3,163.5,163.83,155391
2026-04-23 15:25:00,163.84,164.1,163.6,164.05,47269
2026-04-24 09:15:00,164.5,165.6,162.59,163.71,218967
2026-04-24 09:25:00,163.55,163.94,162.3,162.87,73899
2026-04-24 09:35:00,162.87,163.19,162.33,162.82,34463
2026-04-24 09:45:00,162.64,162.96,162.25,162.4,23973
2026-04-24 09:55:00,162.4,163.21,162.05,163.21,52727
2026-04-24 10:05:00,163.21,163.78,163.0,163.13,49832
2026-04-24 10:15:00,163.19,163.47,162.67,162.7,42677
2026-04-24 10:25:00,162.7,162.93,162.39,162.79,9000
2026-04-24 10:35:00,162.79,162.98,162.53,162.55,13726
2026-04-24 10:45:00,162.54,162.58,162.3,162.3,18784
2026-04-24 10:55:00,162.3,162.78,162.3,162.69,4740
2026-04-24 11:05:00,162.69,162.95,162.61,162.7,7368
2026-04-24 11:15:00,162.7,162.94,162.61,162.89,7430
2026-04-24 11:25:00,162.89,163.17,162.69,162.96,11136
2026-04-24 11:35:00,162.96,163.15,162.8,162.99,12888
2026-04-24 11:45:00,162.99,162.99,162.51,162.7,5007
2026-04-24 11:55:00,162.7,162.76,162.49,162.54,7611
2026-04-24 12:05:00,162.51,163.3,162.51,163.17,16142
2026-04-24 12:15:00,163.17,163.23,162.7,162.88,13304
2026-04-24 12:25:00,162.88,162.88,162.55,162.85,5811
2026-04-24 12:35:00,162.85,162.9,162.55,162.6,3467
2026-04-24 12:45:00,162.6,162.75,162.58,162.73,4801
2026-04-24 12:55:00,162.73,162.74,162.51,162.68,3887
2026-04-24 13:05:00,162.68,162.75,162.27,162.43,19894
2026-04-24 13:15:00,162.43,162.55,162.3,162.51,5488
2026-04-24 13:25:00,162.51,162.7,162.31,162.5,5601
2026-04-24 13:35:00,162.5,162.57,162.06,162.27,22076
2026-04-24 13:45:00,162.27,162.5,162.16,162.5,7232
2026-04-24 13:55:00,162.5,162.5,162.15,162.45,6674
2026-04-24 14:05:00,162.45,162.45,161.4,161.89,64216
2026-04-24 14:15:00,161.89,162.5,161.89,162.27,10651
2026-04-24 14:25:00,162.27,163.19,162.22,163.1,41278
2026-04-24 14:35:00,163.1,163.19,162.67,162.9,18649
2026-04-24 14:45:00,162.9,163.34,162.88,163.28,31933
2026-04-24 14:55:00,163.27,163.45,162.96,163.09,34282
2026-04-24 15:05:00,163.09,163.93,162.83,163.93,85823
2026-04-24 15:15:00,163.93,164.94,163.93,164.58,76833
2026-04-24 15:25:00,164.55,164.62,163.76,164.1,33987
2026-04-27 09:15:00,165.3,165.9,162.61,163.53,158607
2026-04-27 09:25:00,163.53,163.89,162.9,163.4,71159
2026-04-27 09:35:00,163.4,164.0,163.12,163.94,32342
2026-04-27 09:45:00,163.84,165.1,163.84,165.05,53646
2026-04-27 09:55:00,165.21,165.35,164.44,164.84,37971
2026-04-27 10:05:00,164.75,165.01,164.52,164.52,16586
2026-04-27 10:15:00,164.5,165.06,164.5,164.7,12858
2026-04-27 10:25:00,164.7,165.0,164.5,164.77,22316
2026-04-27 10:35:00,164.77,165.15,164.77,165.15,8148
2026-04-27 10:45:00,165.15,165.76,165.0,165.76,26635
2026-04-27 10:55:00,165.79,167.25,165.09,165.23,127422
2026-04-27 11:05:00,165.23,165.41,165.0,165.13,12608
2026-04-27 11:15:00,165.13,165.3,165.02,165.23,9797
2026-04-27 11:25:00,165.23,165.23,164.61,164.61,11244
2026-04-27 11:35:00,164.61,164.7,164.16,164.3,36187
2026-04-27 11:45:00,164.3,164.61,164.3,164.55,3882
2026-04-27 11:55:00,164.55,164.71,164.4,164.42,4898
2026-04-27 12:05:00,164.42,164.74,164.29,164.6,5995
2026-04-27 12:15:00,164.6,164.71,164.48,164.66,3793
2026-04-27 12:25:00,164.66,164.66,164.31,164.5,7252
2026-04-27 12:35:00,164.5,164.79,164.34,164.42,7051
2026-04-27 12:45:00,164.26,164.51,164.1,164.43,14201
2026-04-27 12:55:00,164.43,164.94,164.39,164.82,2968
2026-04-27 13:05:00,164.82,165.5,164.82,165.47,12899
2026-04-27 13:15:00,165.47,165.65,165.0,165.42,10685
2026-04-27 13:25:00,165.42,165.81,165.21,165.76,14159
2026-04-27 13:35:00,165.76,166.24,165.41,165.72,25854
2026-04-27 13:45:00,165.72,165.8,165.0,165.35,11735
2026-04-27 13:55:00,165.35,165.47,165.18,165.29,9649
2026-04-27 14:05:00,165.29,165.45,165.18,165.36,2468
2026-04-27 14:15:00,165.28,165.36,165.18,165.26,4127
2026-04-27 14:25:00,165.26,165.26,164.84,165.07,7207
2026-04-27 14:35:00,165.07,165.2,164.81,165.07,16093
2026-04-27 14:45:00,165.07,165.54,164.88,165.39,12658
2026-04-27 14:55:00,165.39,165.49,165.16,165.34,20668
2026-04-27 15:05:00,165.34,165.66,165.29,165.48,83387
2026-04-27 15:15:00,165.48,165.6,165.22,165.6,47824
2026-04-27 15:25:00,165.6,166.9,165.43,165.43,36917
2026-04-28 09:15:00,166.8,166.8,164.76,165.02,111396
2026-04-28 09:25:00,165.02,165.61,163.73,164.13,57028
2026-04-28 09:35:00,164.1,164.88,164.07,164.77,22369
2026-04-28 09:45:00,164.77,164.77,164.09,164.45,14047
2026-04-28 09:55:00,164.45,164.82,164.33,164.74,17540
2026-04-28 10:05:00,164.74,165.27,164.5,164.93,13336
2026-04-28 10:15:00,164.93,165.08,164.36,164.52,29239
2026-04-28 10:25:00,164.52,165.04,164.42,164.48,30072
2026-04-28 10:35:00,164.48,164.54,164.2,164.31,9241
2026-04-28 10:45:00,164.31,164.57,164.3,164.52,7874
2026-04-28 10:55:00,164.52,164.6,164.4,164.5,4412
2026-04-28 11:05:00,164.5,164.62,164.42,164.62,3477
2026-04-28 11:15:00,164.62,164.65,164.43,164.52,1232
2026-04-28 11:25:00,164.52,164.74,164.3,164.58,14074
2026-04-28 11:35:00,164.58,164.78,164.46,164.46,2444
2026-04-28 11:45:00,164.46,164.6,164.35,164.5,2722
2026-04-28 11:55:00,164.5,164.59,164.2,164.33,11895
2026-04-28 12:05:00,164.33,164.37,164.2,164.37,4752
2026-04-28 12:15:00,164.37,164.4,164.24,164.26,1396
2026-04-28 12:25:00,164.26,164.35,164.11,164.18,2984
2026-04-28 12:35:00,164.18,164.3,164.18,164.25,2662
2026-04-28 12:45:00,164.25,164.25,163.95,164.1,12617
2026-04-28 12:55:00,164.1,164.14,163.91,164.05,3474
2026-04-28 13:05:00,164.05,164.13,163.97,164.0,1648
2026-04-28 13:15:00,164.0,164.24,164.0,164.15,3133
2026-04-28 13:25:00,164.08,164.24,163.9,163.93,4661
2026-04-28 13:35:00,163.93,164.0,163.8,163.91,5158
2026-04-28 13:45:00,163.91,164.06,163.86,163.96,2349
2026-04-28 13:55:00,163.96,164.1,163.52,164.0,36842
2026-04-28 14:05:00,164.0,164.0,163.66,163.7,17425
2026-04-28 14:15:00,163.66,163.75,163.19,163.64,27631
2026-04-28 14:25:00,163.64,163.99,163.54,163.87,7954
2026-04-28 14:35:00,163.77,163.83,163.58,163.7,5681
2026-04-28 14:45:00,163.7,163.94,163.7,163.81,1072
2026-04-28 14:55:00,163.81,163.87,163.65,163.65,12685
2026-04-28 15:05:00,163.65,164.0,163.51,163.65,53979
2026-04-28 15:15:00,163.65,163.65,163.01,163.18,40532
2026-04-28 15:25:00,163.18,163.3,163.0,163.05,33229
2026-04-29 09:15:00,163.05,164.9,163.05,163.69,76439
2026-04-29 09:25:00,163.69,164.27,163.4,163.5,28036
2026-04-29 09:35:00,163.5,163.5,163.05,163.12,19878
2026-04-29 09:45:00,163.14,163.85,163.14,163.23,27568
2026-04-29 09:55:00,163.38,163.98,163.23,163.68,13877
2026-04-29 10:05:00,163.78,164.35,163.7,164.12,20296
2026-04-29 10:15:00,164.12,164.48,164.03,164.18,13522
2026-04-29 10:25:00,164.18,164.32,163.72,163.92,19907
2026-04-29 10:35:00,163.92,163.92,163.66,163.83,2333
2026-04-29 10:45:00,163.83,163.86,163.5,163.72,7705
2026-04-29 10:55:00,163.72,164.15,163.72,163.9,15364
2026-04-29 11:05:00,163.9,164.06,163.72,164.06,3544
2026-04-29 11:15:00,164.06,164.64,163.77,164.29,7601
2026-04-29 11:25:00,164.19,164.28,163.8,163.9,1549
2026-04-29 11:35:00,163.9,163.93,163.8,163.8,2759
2026-04-29 11:45:00,163.8,163.93,163.6,163.73,7302
2026-04-29 11:55:00,163.7,163.93,163.7,163.78,4154
2026-04-29 12:05:00,163.78,164.0,163.5,163.64,10667
2026-04-29 12:15:00,163.64,163.96,163.52,163.87,5784
2026-04-29 12:25:00,163.87,163.93,163.7,163.7,3369
2026-04-29 12:35:00,163.7,163.83,163.68,163.7,4198
2026-04-29 12:45:00,163.7,163.85,163.7,163.84,3912
2026-04-29 12:55:00,163.84,163.89,163.74,163.74,970
2026-04-29 13:05:00,163.74,164.22,163.74,163.97,7844
2026-04-29 13:15:00,163.97,164.2,163.82,164.0,11019
2026-04-29 13:25:00,164.0,164.12,163.88,163.92,7285
2026-04-29 13:35:00,163.92,163.92,163.28,163.32,27433
2026-04-29 13:45:00,163.32,163.41,161.65,162.5,74254
2026-04-29 13:55:00,162.5,162.71,161.55,161.82,24105
2026-04-29 14:05:00,161.82,162.17,161.64,162.17,9975
2026-04-29 14:15:00,162.17,162.23,162.0,162.16,4073
2026-04-29 14:25:00,162.16,162.24,162.0,162.1,4921
2026-04-29 14:35:00,162.1,162.17,161.89,162.07,6056
2026-04-29 14:45:00,162.07,162.21,161.69,161.88,14576
2026-04-29 14:55:00,161.88,161.88,161.01,161.25,45019
2026-04-29 15:05:00,161.25,161.88,161.23,161.8,40717
2026-04-29 15:15:00,161.8,161.9,161.6,161.79,31933
2026-04-29 15:25:00,161.78,162.0,161.6,162.0,29963
2026-04-30 09:15:00,161.0,161.02,158.37,158.54,98202
2026-04-30 09:25:00,158.51,159.73,158.4,159.73,51254
2026-04-30 09:35:00,159.73,159.91,158.74,159.42,32358
2026-04-30 09:45:00,159.42,159.52,158.88,159.01,13709
2026-04-30 09:55:00,159.0,159.0,158.15,158.21,16639
2026-04-30 10:05:00,158.21,158.52,157.5,157.55,37349
2026-04-30 10:15:00,157.55,157.92,157.2,157.64,49113
2026-04-30 10:25:00,157.64,157.75,157.41,157.44,21079
2026-04-30 10:35:00,157.44,158.18,157.33,158.09,16422
2026-04-30 10:45:00,158.09,158.1,157.69,157.84,10264
2026-04-30 10:55:00,157.84,158.26,157.6,157.9,20330
2026-04-30 11:05:00,157.9,158.49,157.9,158.12,8400
2026-04-30 11:15:00,158.12,158.38,157.98,158.13,5791
2026-04-30 11:25:00,158.19,158.74,158.19,158.43,10704
2026-04-30 11:35:00,158.43,158.72,158.18,158.28,3291
2026-04-30 11:45:00,158.16,158.34,157.77,158.19,5262
2026-04-30 11:55:00,158.19,158.47,158.18,158.4,871
2026-04-30 12:05:00,158.4,158.67,158.38,158.59,1569
2026-04-30 12:15:00,158.69,158.8,158.26,158.64,5458
2026-04-30 12:25:00,158.64,158.64,158.07,158.31,4543
2026-04-30 12:35:00,158.31,158.31,157.95,158.23,3600
2026-04-30 12:45:00,158.23,158.68,158.11,158.6,4181
2026-04-30 12:55:00,158.68,158.77,158.6,158.61,3383
2026-04-30 13:05:00,158.61,158.61,158.36,158.39,1193
2026-04-30 13:15:00,158.39,158.55,158.26,158.55,2668
2026-04-30 13:25:00,158.55,158.55,158.25,158.46,748
2026-04-30 13:35:00,158.46,158.72,158.37,158.72,23661
2026-04-30 13:45:00,158.72,158.88,158.63,158.74,2334
2026-04-30 13:55:00,158.74,158.94,158.63,158.63,3013
2026-04-30 14:05:00,158.72,158.82,158.37,158.53,1488
2026-04-30 14:15:00,158.53,158.91,158.37,158.6,15273
2026-04-30 14:25:00,158.6,158.93,158.45,158.89,7242
2026-04-30 14:35:00,158.94,159.26,158.86,159.26,14284
2026-04-30 14:45:00,159.26,159.26,158.86,159.01,21804
2026-04-30 14:55:00,159.11,159.22,158.3,158.8,27253
2026-04-30 15:05:00,158.8,160.74,158.42,159.25,128958
2026-04-30 15:15:00,159.98,163.0,159.4,161.12,218726
2026-04-30 15:25:00,160.68,161.5,160.61,160.84,76799
2026-05-04 09:15:00,161.0,161.99,160.41,161.75,83764
2026-05-04 09:25:00,161.75,162.35,161.09,161.17,35697
2026-05-04 09:35:00,161.17,161.5,161.08,161.27,26194
2026-05-04 09:45:00,161.3,161.42,161.01,161.13,19413
2026-05-04 09:55:00,161.03,161.54,160.9,161.33,41642
2026-05-04 10:05:00,161.33,161.39,160.86,161.01,13558
2026-05-04 10:15:00,161.01,161.16,160.53,160.53,15147
2026-05-04 10:25:00,160.38,161.41,160.21,161.37,19123
2026-05-04 10:35:00,161.28,161.5,161.11,161.21,14162
2026-05-04 10:45:00,161.21,161.53,161.1,161.25,17543
2026-05-04 10:55:00,161.49,161.95,161.1,161.78,34901
2026-05-04 11:05:00,161.78,162.2,161.61,162.18,12706
2026-05-04 11:15:00,162.17,162.44,162.15,162.44,9164
2026-05-04 11:25:00,162.44,162.93,162.2,162.2,14294
2026-05-04 11:35:00,162.1,162.25,161.82,162.24,10725
2026-05-04 11:45:00,162.24,162.33,161.94,162.12,14509
2026-05-04 11:55:00,162.13,162.26,161.92,162.03,9911
2026-05-04 12:05:00,162.03,162.03,161.36,161.36,5661
2026-05-04 12:15:00,161.36,161.57,161.01,161.42,6057
2026-05-04 12:25:00,161.42,161.5,161.18,161.18,2681
2026-05-04 12:35:00,161.08,161.44,160.95,161.05,7917
2026-05-04 12:45:00,161.05,161.22,160.59,161.08,7807
2026-05-04 12:55:00,161.08,161.11,160.74,160.85,2298
2026-05-04 13:05:00,160.85,161.21,160.64,160.96,5500
2026-05-04 13:15:00,160.96,160.96,160.24,160.4,6316
2026-05-04 13:25:00,160.4,160.7,159.8,160.23,12803
2026-05-04 13:35:00,160.23,160.62,159.84,160.62,16240
2026-05-04 13:45:00,160.62,160.7,160.19,160.19,5061
2026-05-04 13:55:00,160.19,160.44,160.09,160.26,4531
2026-05-04 14:05:00,160.26,161.28,160.24,161.0,11582
2026-05-04 14:15:00,161.0,161.84,161.0,161.0,20505
2026-05-04 14:25:00,161.0,161.17,160.71,160.83,9208
2026-05-04 14:35:00,160.95,161.88,160.7,161.08,20325
2026-05-04 14:45:00,161.08,161.14,160.75,160.99,10110
2026-05-04 14:55:00,160.99,161.46,160.99,161.17,33845
2026-05-04 15:05:00,161.24,161.4,161.0,161.2,36855
2026-05-04 15:15:00,161.2,162.45,161.16,161.76,56575
2026-05-04 15:25:00,161.76,162.2,161.47,161.54,34841
2026-05-05 09:15:00,161.6,162.4,160.8,161.47,76026
2026-05-05 09:25:00,161.47,162.95,161.15,162.79,53198
2026-05-05 09:35:00,162.79,164.99,162.7,163.96,120550
2026-05-05 09:45:00,164.02,164.55,163.4,163.57,46939
2026-05-05 09:55:00,163.57,163.57,162.95,163.13,27965
2026-05-05 10:05:00,163.22,163.29,162.3,162.3,22969
2026-05-05 10:15:00,162.3,162.6,162.2,162.3,40477
2026-05-05 10:25:00,162.3,162.58,161.8,162.21,10612
2026-05-05 10:35:00,162.21,162.52,161.97,162.21,8377
2026-05-05 10:45:00,162.11,162.18,161.8,161.82,14618
2026-05-05 10:55:00,161.82,162.15,161.74,162.09,28401
2026-05-05 11:05:00,162.09,162.22,161.75,161.76,3677
2026-05-05 11:15:00,161.76,162.19,161.65,162.19,6392
2026-05-05 11:25:00,162.19,162.48,162.0,162.42,2254
2026-05-05 11:35:00,162.42,162.6,162.2,162.22,2770
2026-05-05 11:45:00,162.22,162.22,161.68,161.73,6739
2026-05-05 11:55:00,161.73,161.84,161.61,161.82,7557
2026-05-05 12:05:00,161.82,162.26,161.73,162.17,2395
2026-05-05 12:15:00,162.17,162.7,162.06,162.45,12617
2026-05-05 12:25:00,162.45,162.51,161.92,162.31,10696
2026-05-05 12:35:00,162.31,162.53,162.31,162.53,1775
2026-05-05 12:45:00,162.53,162.96,162.29,162.9,3226
2026-05-05 12:55:00,162.9,163.18,162.51,162.51,18070
2026-05-05 13:05:00,162.5,162.89,162.38,162.64,11519
2026-05-05 13:15:00,162.64,162.64,162.18,162.27,3861
2026-05-05 13:25:00,162.29,162.29,162.01,162.02,4930
2026-05-05 13:35:00,162.02,162.38,162.02,162.31,6874
2026-05-05 13:45:00,162.31,162.39,162.14,162.21,4427
2026-05-05 13:55:00,162.21,162.43,162.0,162.13,54301
2026-05-05 14:05:00,162.13,162.3,162.0,162.23,1447
2026-05-05 14:15:00,162.23,162.31,162.01,162.14,9292
2026-05-05 14:25:00,162.14,162.36,162.13,162.27,5689
2026-05-05 14:35:00,162.27,162.27,162.0,162.02,6563
2026-05-05 14:45:00,162.02,162.15,162.0,162.1,5291
2026-05-05 14:55:00,162.1,162.15,161.95,162.0,25116
2026-05-05 15:05:00,162.04,162.06,161.17,161.22,33607
2026-05-05 15:15:00,161.33,161.39,161.05,161.15,23259
2026-05-05 15:25:00,161.3,162.89,161.0,162.2,63047
2026-05-06 09:15:00,162.95,163.56,161.96,163.17,52772
2026-05-06 09:25:00,163.1,164.49,162.6,163.67,58455
2026-05-06 09:35:00,163.54,163.72,162.8,162.95,19350
2026-05-06 09:45:00,162.95,163.32,162.65,163.17,32173
2026-05-06 09:55:00,163.17,163.18,162.62,162.89,9372
2026-05-06 10:05:00,162.89,163.0,162.6,162.76,9215
2026-05-06 10:15:00,162.76,162.89,162.51,162.64,2840
2026-05-06 10:25:00,162.64,162.79,162.31,162.49,9917
2026-05-06 10:35:00,162.49,162.49,162.1,162.31,29174
2026-05-06 10:45:00,162.31,162.42,161.85,161.98,8497
2026-05-06 10:55:00,161.98,162.1,161.83,162.0,5310
2026-05-06 11:05:00,162.0,162.13,161.55,161.87,6454
2026-05-06 11:15:00,161.87,162.11,161.87,161.9,3289
2026-05-06 11:25:00,162.0,162.01,161.87,162.0,4111
2026-05-06 11:35:00,162.0,162.56,161.58,162.27,11511
2026-05-06 11:45:00,162.27,162.35,162.16,162.26,1753
2026-05-06 11:55:00,162.26,162.48,162.25,162.4,3212
2026-05-06 12:05:00,162.4,162.46,162.15,162.3,2622
2026-05-06 12:15:00,162.3,162.3,161.6,161.7,7915
2026-05-06 12:25:00,161.61,166.32,161.4,163.98,218056
2026-05-06 12:35:00,163.71,163.86,163.0,163.17,69876
2026-05-06 12:45:00,163.17,163.8,163.01,163.1,37415
2026-05-06 12:55:00,163.1,163.1,162.65,162.65,17493
2026-05-06 13:05:00,162.65,163.57,162.54,163.26,35564
2026-05-06 13:15:00,163.26,163.5,163.04,163.49,7799
2026-05-06 13:25:00,163.5,163.5,162.86,162.86,5069
2026-05-06 13:35:00,162.86,163.18,162.8,163.18,5903
2026-05-06 13:45:00,163.18,163.52,162.86,163.52,8522
2026-05-06 13:55:00,163.52,163.7,163.31,163.35,7800
2026-05-06 14:05:00,163.35,163.55,163.21,163.33,9975
2026-05-06 14:15:00,163.33,164.79,163.33,164.24,31388
2026-05-06 14:25:00,164.24,164.4,164.0,164.16,29661
2026-05-06 14:35:00,164.6,164.72,164.18,164.42,27247
2026-05-06 14:45:00,164.58,164.58,163.78,163.87,32724
2026-05-06 14:55:00,163.87,164.61,163.76,164.49,18799
2026-05-06 15:05:00,164.49,164.49,163.76,163.89,26816
2026-05-06 15:15:00,163.89,164.08,163.24,164.0,37878
2026-05-06 15:25:00,164.0,164.5,163.86,163.86,28401
2026-05-07 09:15:00,165.0,165.0,163.31,163.52,50223
2026-05-07 09:25:00,163.54,164.23,163.53,163.9,33123
2026-05-07 09:35:00,163.9,164.73,163.81,164.44,39530
2026-05-07 09:45:00,164.25,164.45,163.4,163.45,23823
2026-05-07 09:55:00,163.45,164.13,163.35,163.89,25832
2026-05-07 10:05:00,163.89,164.45,163.72,164.16,12446
2026-05-07 10:15:00,164.16,164.65,164.16,164.39,11224
2026-05-07 10:25:00,164.5,164.95,164.38,164.59,14087
2026-05-07 10:35:00,164.59,164.59,164.31,164.41,9700
2026-05-07 10:45:00,164.41,164.74,164.41,164.5,11689
2026-05-07 10:55:00,164.5,164.85,164.4,164.66,8112
2026-05-07 11:05:00,164.66,164.66,163.95,164.17,10607
2026-05-07 11:15:00,164.17,164.34,164.1,164.18,7252
2026-05-07 11:25:00,164.11,165.99,164.07,165.99,57998
2026-05-07 11:35:00,166.0,166.0,165.28,165.42,44060
2026-05-07 11:45:00,165.31,165.66,165.03,165.5,10201
2026-05-07 11:55:00,165.5,165.99,165.09,165.09,19304
2026-05-07 12:05:00,165.09,165.5,165.09,165.27,7136
2026-05-07 12:15:00,165.27,165.63,165.27,165.43,7312
2026-05-07 12:25:00,165.43,165.43,165.2,165.24,4910
2026-05-07 12:35:00,165.24,165.7,165.17,165.17,8237
2026-05-07 12:45:00,165.17,165.3,165.0,165.0,11573
2026-05-07 12:55:00,165.0,165.37,165.0,165.21,4456
2026-05-07 13:05:00,165.21,165.31,164.81,164.94,6810
2026-05-07 13:15:00,164.94,164.94,164.55,164.56,12836
2026-05-07 13:25:00,164.56,165.3,164.56,165.09,8472
2026-05-07 13:35:00,165.09,165.23,164.67,165.06,8061
2026-05-07 13:45:00,165.06,165.36,165.06,165.3,1250
2026-05-07 13:55:00,165.35,165.48,165.1,165.1,8204
2026-05-07 14:05:00,165.1,165.69,165.1,165.4,17725
2026-05-07 14:15:00,165.4,165.4,164.88,165.12,6677
2026-05-07 14:25:00,165.12,165.5,165.12,165.3,5897
2026-05-07 14:35:00,165.3,165.3,164.93,165.21,6960
2026-05-07 14:45:00,165.21,165.24,164.94,165.01,12561
2026-05-07 14:55:00,165.01,165.27,164.97,165.23,11398
2026-05-07 15:05:00,165.23,165.42,164.88,164.99,28442
2026-05-07 15:15:00,165.15,165.24,164.88,164.99,40788
2026-05-07 15:25:00,165.0,165.0,164.5,164.5,37316
2026-05-08 09:15:00,164.99,164.99,163.45,163.49,49100
2026-05-08 09:25:00,163.49,164.48,163.3,163.92,42868
2026-05-08 09:35:00,163.92,164.67,163.67,163.96,42424
2026-05-08 09:45:00,163.87,164.55,163.59,164.47,23373
2026-05-08 09:55:00,164.47,164.78,164.19,164.25,11271
2026-05-08 10:05:00,164.25,164.64,164.08,164.64,10615
2026-05-08 10:15:00,164.64,164.67,164.17,164.56,6699
2026-05-08 10:25:00,164.4,164.51,164.2,164.32,13341
2026-05-08 10:35:00,164.32,164.52,164.29,164.52,2245
2026-05-08 10:45:00,164.52,164.53,164.3,164.3,3721
2026-05-08 10:55:00,164.3,164.3,164.2,164.26,4325
2026-05-08 11:05:00,164.26,164.48,164.2,164.24,3812
2026-05-08 11:15:00,164.24,164.43,164.2,164.43,2805
2026-05-08 11:25:00,164.43,164.43,164.16,164.4,2134
2026-05-08 11:35:00,164.4,164.6,164.16,164.6,5698
2026-05-08 11:45:00,164.6,164.84,164.5,164.5,5448
2026-05-08 11:55:00,164.5,164.57,164.2,164.43,3770
2026-05-08 12:05:00,164.43,164.43,164.2,164.32,1211
2026-05-08 12:15:00,164.36,164.52,164.19,164.51,5385
2026-05-08 12:25:00,164.51,164.51,164.29,164.4,1880
2026-05-08 12:35:00,164.4,164.51,164.2,164.27,4346
2026-05-08 12:45:00,164.27,164.33,164.0,164.0,9630
2026-05-08 12:55:00,164.0,164.3,164.0,164.15,2703
2026-05-08 13:05:00,164.15,164.38,164.03,164.03,3524
2026-05-08 13:15:00,164.03,164.17,164.0,164.0,1702
2026-05-08 13:25:00,164.0,164.35,163.92,164.21,1720
2026-05-08 13:35:00,164.21,164.22,163.74,163.95,4195
2026-05-08 13:45:00,163.95,164.04,163.72,163.72,2108
2026-05-08 13:55:00,163.72,164.25,163.5,163.96,20083
2026-05-08 14:05:00,163.96,163.96,163.6,163.6,14557
2026-05-08 14:15:00,163.6,163.81,163.35,163.35,7170
2026-05-08 14:25:00,163.35,164.0,163.35,163.69,14569
2026-05-08 14:35:00,163.69,164.1,163.52,163.82,9636
2026-05-08 14:45:00,163.82,163.94,163.55,163.66,11043
2026-05-08 14:55:00,163.66,163.9,163.41,163.41,14745
2026-05-08 15:05:00,163.41,165.99,163.2,164.69,85528
2026-05-08 15:15:00,164.69,164.69,163.15,163.19,33765
2026-05-08 15:25:00,163.19,163.47,163.0,163.2,24843
2026-05-11 09:15:00,163.21,163.21,161.04,161.5,75094
2026-05-11 09:25:00,161.41,161.77,161.05,161.11,28435
2026-05-11 09:35:00,161.11,161.2,160.1,160.39,50423
2026-05-11 09:45:00,160.47,160.8,160.1,160.8,12279
2026-05-11 09:55:00,160.66,160.86,160.47,160.71,11847
2026-05-11 10:05:00,160.71,161.03,160.26,161.02,17088
2026-05-11 10:15:00,161.02,161.23,160.55,161.09,30519
2026-05-11 10:25:00,161.07,161.23,160.81,161.01,6060
2026-05-11 10:35:00,161.12,161.22,160.82,161.19,3200
2026-05-11 10:45:00,161.19,161.19,160.75,160.97,6834
2026-05-11 10:55:00,160.97,161.29,160.92,161.29,4524
2026-05-11 11:05:00,161.14,161.43,161.14,161.31,7061
2026-05-11 11:15:00,161.44,161.45,161.18,161.24,1530
2026-05-11 11:25:00,161.24,161.45,161.2,161.4,5758
2026-05-11 11:35:00,161.4,162.27,161.36,161.83,16950
2026-05-11 11:45:00,161.83,161.97,161.6,161.7,5906
2026-05-11 11:55:00,161.7,161.96,161.65,161.72,3491
2026-05-11 12:05:00,161.72,161.93,161.66,161.92,3938
2026-05-11 12:15:00,161.92,161.92,161.7,161.75,2599
2026-05-11 12:25:00,161.75,161.87,161.7,161.84,819
2026-05-11 12:35:00,161.84,162.0,161.7,161.7,19075
2026-05-11 12:45:00,161.7,161.81,161.5,161.7,15819
2026-05-11 12:55:00,161.7,162.06,161.52,161.9,11875
2026-05-11 13:05:00,161.9,162.96,161.79,162.7,31934
2026-05-11 13:15:00,162.64,162.64,161.87,161.87,7683
2026-05-11 13:25:00,161.9,162.06,161.53,162.06,3886
2026-05-11 13:35:00,162.06,162.5,162.05,162.25,13759
2026-05-11 13:45:00,162.25,162.46,161.8,162.0,10683
2026-05-11 13:55:00,162.0,162.17,161.78,162.06,4458
2026-05-11 14:05:00,162.06,162.18,161.9,162.0,9862
2026-05-11 14:15:00,162.0,162.0,161.63,161.8,3805
2026-05-11 14:25:00,161.8,161.8,161.41,161.7,8937
2026-05-11 14:35:00,161.7,161.7,161.1,161.4,8280
2026-05-11 14:45:00,161.05,161.26,160.62,161.26,20181
2026-05-11 14:55:00,161.26,161.79,161.0,161.26,28787
2026-05-11 15:05:00,161.26,165.44,161.05,163.57,150031
2026-05-11 15:15:00,163.65,163.73,161.72,162.33,70990
2026-05-11 15:25:00,162.15,163.6,162.15,162.9,32445
2026-05-12 09:15:00,165.0,167.28,162.1,162.1,366771
2026-05-12 09:25:00,162.1,162.63,161.44,161.71,117500
2026-05-12 09:35:00,161.82,163.39,161.65,162.83,94025
2026-05-12 09:45:00,162.78,162.95,162.11,162.5,17874
2026-05-12 09:55:00,162.5,162.5,161.42,161.42,51117
2026-05-12 10:05:00,161.47,161.59,161.1,161.4,40027
2026-05-12 10:15:00,161.4,161.84,161.17,161.28,26988
2026-05-12 10:25:00,161.28,161.28,160.3,160.3,23193
2026-05-12 10:35:00,160.3,160.66,160.19,160.25,35688
2026-05-12 10:45:00,160.25,160.3,159.52,159.65,39561
2026-05-12 10:55:00,159.65,160.21,159.5,159.56,15114
2026-05-12 11:05:00,159.56,159.61,159.0,159.0,36333
2026-05-12 11:15:00,159.0,159.48,158.8,159.29,22682
2026-05-12 11:25:00,159.34,159.4,159.16,159.38,6155
2026-05-12 11:35:00,159.38,159.7,159.25,159.5,10999
2026-05-12 11:45:00,159.5,159.59,159.06,159.59,8213
2026-05-12 11:55:00,159.59,159.63,159.34,159.35,2709
2026-05-12 12:05:00,159.35,159.51,158.94,159.28,6733
2026-05-12 12:15:00,159.28,159.48,158.81,159.2,13569
2026-05-12 12:25:00,159.2,159.2,158.56,158.69,15374
2026-05-12 12:35:00,158.69,159.05,158.4,158.93,14251
2026-05-12 12:45:00,158.93,159.17,158.69,158.84,7784
2026-05-12 12:55:00,158.84,159.08,158.7,158.99,10355
2026-05-12 13:05:00,158.99,158.99,158.58,158.88,17328
2026-05-12 13:15:00,158.96,159.2,158.57,158.64,4928
2026-05-12 13:25:00,158.64,159.08,158.58,159.0,9340
2026-05-12 13:35:00,159.0,159.0,157.89,158.11,30197
2026-05-12 13:45:00,158.11,159.06,158.08,158.69,11909
2026-05-12 13:55:00,158.69,158.96,158.37,158.63,15380
2026-05-12 14:05:00,158.63,158.71,157.9,158.13,46198
2026-05-12 14:15:00,158.13,158.57,157.88,158.31,12417
2026-05-12 14:25:00,158.3,158.3,157.51,157.95,20278
2026-05-12 14:35:00,157.93,158.3,157.65,158.18,13748
2026-05-12 14:45:00,158.18,158.3,157.8,157.8,9617
2026-05-12 14:55:00,157.8,158.3,157.43,157.99,59636
2026-05-12 15:05:00,157.99,161.3,157.89,160.61,201989
2026-05-12 15:15:00,160.5,160.89,158.94,160.89,66098
2026-05-12 15:25:00,161.0,161.0,158.78,159.39,33539
2026-05-13 09:15:00,159.39,159.39,157.0,157.5,66974
2026-05-13 09:20:00,158.27,158.34,156.53,156.53,10662966
2026-05-13 09:25:00,157.36,157.59,155.86,156.05,97710
2026-05-13 09:35:00,156.34,156.34,154.05,155.33,78115
2026-05-13 09:45:00,155.3,155.6,154.0,155.33,93928
2026-05-13 09:55:00,155.39,155.7,155.0,155.17,22455
2026-05-13 10:05:00,155.2,155.85,155.2,155.76,23108
2026-05-13 10:15:00,155.68,156.5,155.68,156.4,25480
2026-05-13 10:25:00,156.29,160.78,156.15,160.18,229069
2026-05-13 10:35:00,160.0,163.8,160.0,162.21,393297
2026-05-13 10:45:00,162.43,162.87,161.3,161.3,90011
2026-05-13 10:55:00,161.4,162.31,160.32,162.08,121858
2026-05-13 11:05:00,162.01,162.17,161.01,161.44,36357
2026-05-13 11:15:00,161.4,161.88,161.2,161.66,23417
2026-05-13 11:25:00,161.66,161.83,161.19,161.32,6531
2026-05-13 11:35:00,161.35,161.99,161.3,161.67,19147
2026-05-13 11:45:00,161.75,161.98,160.93,160.95,42880
2026-05-13 11:55:00,161.0,161.27,160.74,160.91,8368
2026-05-13 12:05:00,160.9,161.8,160.7,161.38,19611
2026-05-13 12:15:00,161.38,161.38,160.9,161.01,4719
2026-05-13 12:25:00,161.01,161.13,160.74,160.87,3867
2026-05-13 12:35:00,160.86,160.98,160.35,160.84,21758
2026-05-13 12:45:00,160.87,161.59,160.86,161.59,29146
2026-05-13 12:55:00,161.58,161.8,161.46,161.5,11030
2026-05-13 13:05:00,161.59,161.75,161.13,161.51,9726
2026-05-13 13:15:00,161.5,161.5,161.11,161.3,3088
2026-05-13 13:25:00,161.3,161.49,161.12,161.47,5830
2026-05-13 13:35:00,161.22,161.7,161.22,161.54,17732
2026-05-13 13:45:00,161.56,161.76,161.12,161.76,11173
2026-05-13 13:55:00,161.58,161.89,161.17,161.24,37096
2026-05-13 14:05:00,161.53,161.64,161.21,161.45,16125
2026-05-13 14:15:00,161.55,161.66,161.31,161.63,3809
2026-05-13 14:25:00,161.64,166.8,161.41,164.3,577359
2026-05-13 14:35:00,164.1,167.2,163.92,166.51,337903
2026-05-13 14:45:00,166.47,167.3,165.1,166.52,306566
2026-05-13 14:55:00,166.47,167.3,165.52,167.16,257890
2026-05-13 15:05:00,167.16,170.98,167.1,167.85,864933
2026-05-13 15:15:00,167.97,168.3,166.01,166.35,226209
2026-05-13 15:25:00,166.33,166.81,165.16,166.81,96042
2026-05-14 09:15:00,168.99,168.99,165.0,165.55,151302
2026-05-14 09:25:00,165.55,165.92,165.0,165.01,41652
2026-05-14 09:35:00,165.01,165.56,164.5,164.55,60778
2026-05-14 09:45:00,164.55,165.09,164.55,164.8,28840
2026-05-14 09:55:00,164.8,165.6,164.2,165.45,51268
2026-05-14 10:05:00,165.48,165.6,165.11,165.41,20572
2026-05-14 10:15:00,165.41,165.41,164.7,164.82,24935
2026-05-14 10:25:00,164.84,165.05,164.53,164.83,11560
2026-05-14 10:35:00,164.83,164.95,164.7,164.87,4819
2026-05-14 10:45:00,164.74,164.77,164.05,164.73,27074
2026-05-14 10:55:00,164.73,164.73,163.4,163.62,22980
2026-05-14 11:05:00,163.46,165.07,163.31,164.9,30678
2026-05-14 11:15:00,164.9,165.48,164.74,165.2,28300
2026-05-14 11:25:00,165.2,165.41,164.9,165.4,6057
2026-05-14 11:35:00,165.4,165.93,165.24,165.93,27465
2026-05-14 11:45:00,165.93,165.93,165.0,165.41,17528
2026-05-14 11:55:00,165.41,165.56,165.2,165.3,3533
2026-05-14 12:05:00,165.3,165.55,165.0,165.55,19227
2026-05-14 12:15:00,165.55,165.98,165.31,165.5,13172
2026-05-14 12:25:00,165.5,165.8,165.41,165.56,7031
2026-05-14 12:35:00,165.56,165.74,165.27,165.64,6697
2026-05-14 12:45:00,165.64,165.7,165.25,165.32,13095
2026-05-14 12:55:00,165.32,165.45,165.13,165.45,5146
2026-05-14 13:05:00,165.45,165.49,165.14,165.3,2465
2026-05-14 13:15:00,165.3,165.5,165.15,165.15,2366
2026-05-14 13:25:00,165.15,165.42,165.06,165.29,10494
2026-05-14 13:35:00,165.29,165.49,165.07,165.31,5049
2026-05-14 13:45:00,165.31,165.4,165.06,165.23,2911
2026-05-14 13:55:00,165.23,165.37,165.1,165.16,6081
2026-05-14 14:05:00,165.16,165.4,165.15,165.36,1388
2026-05-14 14:15:00,165.36,165.36,164.91,164.96,19337
2026-05-14 14:25:00,164.91,165.47,164.91,165.43,8772
2026-05-14 14:35:00,165.43,165.43,164.98,165.09,12915
2026-05-14 14:45:00,165.09,165.1,164.47,165.03,13192
2026-05-14 14:55:00,165.03,165.15,164.6,164.87,24234
2026-05-14 15:00:00,164.97,165.24,164.36,165.24,99681612
2026-05-14 15:05:00,164.82,165.39,164.36,164.94,93259
2026-05-14 15:10:00,165.24,165.39,164.48,164.7,221581938
2026-05-14 15:15:00,164.94,164.98,164.31,164.39,50062
2026-05-14 15:20:00,164.6,165.0,164.22,165.0,304710519
2026-05-14 15:25:00,164.38,165.0,164.22,165.0,38500
2026-05-15 09:15:00,165.0,165.46,163.5,163.85,39996
2026-05-15 09:20:00,163.9,164.23,163.43,163.43,6229776
2026-05-15 09:25:00,164.03,164.15,163.05,163.22,28161
2026-05-15 09:30:00,163.56,163.99,163.04,163.41,13313241
2026-05-15 09:35:00,163.15,165.81,163.04,165.72,40104
2026-05-15 09:40:00,163.41,169.12,163.41,168.64,81023976
2026-05-15 09:45:00,165.74,169.15,165.74,167.07,257241
2026-05-15 09:55:00,167.07,167.14,166.66,167.09,22430
2026-05-15 10:00:00,166.78,167.16,165.93,166.19,113649959
2026-05-15 10:10:00,166.34,166.65,166.26,166.35,125158232
2026-05-15 10:20:00,166.35,166.52,166.08,166.41,103781131
2026-05-15 10:30:00,166.42,166.95,166.26,166.9,109284361
2026-05-15 10:40:00,166.9,167.2,166.78,167.04,109470691
2026-05-15 10:50:00,167.04,167.1,166.63,166.96,105744061
2026-05-15 11:00:00,166.96,166.96,166.96,166.96,634609
2026-05-15 11:40:00,165.84,166.0,165.31,166.0,92605183
2026-05-15 11:50:00,165.84,165.92,165.53,165.79,88357749
2026-05-15 12:00:00,165.79,166.01,165.7,165.99,98344121
2026-05-15 12:10:00,165.99,165.99,165.05,165.25,110246966
2026-05-15 12:20:00,165.25,165.42,164.98,165.33,116852581
2026-05-15 12:30:00,165.26,165.66,165.2,165.57,100954790
2026-05-15 12:40:00,165.57,165.73,165.43,165.64,96423429
2026-05-15 12:50:00,165.64,165.85,165.59,165.72,115832928
2026-05-15 13:00:00,165.72,165.99,165.47,165.9,139997059
2026-05-15 13:10:00,165.9,166.8,165.9,166.71,232015526
2026-05-15 13:20:00,166.71,166.74,166.33,166.44,157386301
2026-05-15 13:30:00,166.44,167.0,166.29,166.96,187867091
2026-05-15 13:40:00,166.96,167.15,166.6,166.85,227327570
2026-05-15 13:50:00,166.86,167.0,166.42,166.68,167354097
2026-05-15 14:00:00,166.68,166.75,166.0,166.0,198026738
2026-05-15 14:10:00,166.2,166.34,165.64,165.9,209243454
2026-05-15 14:20:00,165.9,165.9,165.5,165.63,158100034
2026-05-15 14:30:00,165.68,165.68,165.05,165.31,214050761
2026-05-15 14:40:00,165.31,165.51,165.16,165.44,192195841
2026-05-15 14:50:00,165.24,165.81,165.12,165.66,215157558
2026-05-15 15:00:00,165.65,166.07,165.35,165.9,211161519
2026-05-15 15:10:00,165.96,165.98,165.59,165.7,257955576
2026-05-15 15:20:00,165.68,165.85,163.56,164.4,309928468
2026-05-18 09:20:00,160.55,160.55,159.13,159.27,20400583
2026-05-18 09:30:00,159.36,160.06,159.0,159.41,30609006
2026-05-18 09:40:00,159.46,159.69,159.0,159.02,31398614
2026-05-18 09:50:00,159.02,159.08,158.4,158.74,33056567
2026-05-18 10:00:00,158.74,159.48,158.74,159.2,42286115
2026-05-18 10:10:00,159.2,159.2,158.34,158.8,43020873
2026-05-18 10:20:00,158.8,158.85,158.2,158.35,43329449
2026-05-18 10:30:00,158.24,159.21,158.05,159.21,44144039
2026-05-18 10:40:00,159.21,159.45,159.17,159.23,41465430
2026-05-18 10:50:00,159.23,159.73,159.23,159.57,42528942
2026-05-18 11:00:00,159.57,159.69,159.36,159.58,40045834
2026-05-18 11:10:00,159.58,160.11,159.46,160.0,51325384
2026-05-18 11:20:00,160.0,160.04,159.69,159.79,53911881
2026-05-18 11:30:00,159.79,160.39,159.75,160.3,52365755
2026-05-18 11:40:00,160.3,160.3,160.0,160.11,48406984
2026-05-18 11:50:00,160.11,160.25,159.6,159.62,54363225
2026-05-18 12:00:00,159.62,159.65,159.36,159.46,48127056
2026-05-18 12:15:00,159.6,159.8,159.56,159.67,3682
2026-05-18 12:20:00,159.56,159.81,159.56,159.81,35992601
2026-05-18 12:30:00,159.81,160.35,159.81,160.27,51347540
2026-05-18 12:40:00,160.27,160.32,160.0,160.19,48060594
2026-05-18 12:50:00,160.15,160.29,160.0,160.13,45478206
2026-05-18 13:00:00,160.13,160.57,159.84,160.33,71486472
2026-05-18 13:10:00,160.32,160.51,160.09,160.37,75753554
2026-05-18 13:20:00,160.37,160.68,160.17,160.3,61842158
2026-05-18 13:30:00,160.3,162.0,160.3,161.51,106025200
2026-05-18 13:40:00,161.51,162.5,161.31,162.33,108341025
2026-05-18 13:50:00,162.3,162.48,162.15,162.3,106024848
2026-05-18 14:00:00,162.3,162.49,162.12,162.29,95663209
2026-05-18 14:10:00,162.29,162.45,162.16,162.25,91344868
2026-05-18 14:20:00,162.25,162.3,162.1,162.29,74425317
2026-05-18 14:30:00,162.26,162.28,162.03,162.11,96671513
2026-05-18 14:40:00,162.11,162.65,162.1,162.17,112537517
2026-05-18 14:50:00,162.17,162.4,162.03,162.22,91716838
2026-05-18 15:00:00,162.24,162.95,162.24,162.81,123636007
2026-05-18 15:10:00,162.89,162.89,162.37,162.49,135189988
2026-05-18 15:20:00,162.4,162.57,162.1,162.1,154977297
2026-05-19 09:20:00,162.17,162.63,162.1,162.26,2350616
2026-05-19 09:30:00,162.26,162.3,161.31,161.7,5547848
2026-05-19 09:40:00,161.7,162.35,161.7,162.14,5291637
2026-05-19 09:50:00,162.14,162.5,161.83,162.1,7591068
2026-05-19 10:00:00,162.1,163.19,162.1,163.12,11576935
2026-05-19 10:10:00,163.12,163.42,162.93,163.04,15298518
2026-05-19 10:20:00,163.02,163.3,162.91,162.91,15388806
2026-05-19 10:30:00,162.85,162.96,162.57,162.96,20092856
2026-05-19 10:40:00,162.96,163.0,162.81,162.96,17447898
2026-05-19 10:50:00,162.96,162.96,162.6,162.8,19261820
2026-05-19 11:00:00,162.8,163.16,162.76,163.09,22431382
2026-05-19 11:10:00,163.09,163.12,162.7,162.7,23179802
2026-05-19 11:20:00,162.7,162.97,162.69,162.79,15431523
2026-05-19 11:30:00,162.79,162.79,162.6,162.65,17466790
2026-05-19 11:40:00,162.65,162.89,162.65,162.85,15148683
2026-05-19 11:50:00,162.85,162.85,162.54,162.54,11856441
2026-05-19 12:00:00,162.54,162.77,162.54,162.6,14566557
2026-05-19 12:10:00,162.6,162.61,162.14,162.17,16700880
2026-05-19 12:20:00,162.11,162.34,162.11,162.23,12255986
2026-05-19 12:30:00,162.25,162.44,162.25,162.39,17172502
2026-05-19 12:40:00,162.39,162.42,162.3,162.3,14111896
2026-05-19 12:50:00,162.3,162.44,162.14,162.26,19701398
2026-05-19 13:00:00,162.26,162.64,162.26,162.39,16671973
2026-05-19 13:10:00,162.39,162.52,162.31,162.52,20957876
2026-05-19 13:20:00,162.52,162.52,162.22,162.22,21455968
2026-05-19 13:30:00,162.22,162.37,162.15,162.15,19102316
2026-05-19 13:40:00,162.15,162.3,162.15,162.3,18800261
2026-05-19 13:50:00,162.3,162.35,162.15,162.2,18496233
2026-05-19 14:00:00,162.2,162.45,162.17,162.45,22323544
2026-05-19 14:10:00,162.45,162.5,162.31,162.41,31301954
2026-05-19 14:20:00,162.41,162.5,162.32,162.49,19833189
2026-05-19 14:30:00,162.49,164.41,162.28,163.45,37986212
2026-05-19 14:40:00,163.45,169.0,163.26,167.28,279304808
2026-05-19 14:50:00,167.1,167.29,164.62,165.0,447836455
2026-05-19 15:00:00,165.0,165.89,164.74,164.92,275718876
2026-05-19 15:10:00,164.94,165.19,164.1,164.66,378124445
2026-05-19 15:20:00,164.66,164.66,163.11,163.29,288712192
2026-05-20 09:20:00,162.3,162.64,161.88,162.4,11192192
2026-05-20 09:30:00,162.4,162.65,162.1,162.35,16121984
2026-05-20 09:40:00,162.35,162.4,162.15,162.21,17967969
2026-05-20 09:50:00,162.21,162.95,162.21,162.64,19038296
2026-05-20 10:00:00,162.64,162.7,161.95,162.0,19194711
2026-05-20 10:10:00,162.0,162.1,161.7,161.9,20126337
2026-05-20 10:20:00,161.9,162.1,161.65,162.1,22888165
2026-05-20 10:30:00,162.15,162.5,162.15,162.35,23381092
2026-05-20 10:40:00,162.35,162.49,162.2,162.2,31460893
2026-05-20 10:50:00,162.2,163.07,162.2,163.07,36044132
2026-05-20 11:00:00,163.14,163.39,163.01,163.2,29327681
2026-05-20 11:10:00,163.2,163.2,162.71,162.88,25307700
2026-05-20 11:20:00,162.88,163.35,162.88,163.09,26549113
2026-05-20 11:30:00,163.09,163.11,162.73,162.99,19095491
2026-05-20 11:40:00,163.14,163.3,162.82,163.26,25827562
2026-05-20 11:50:00,163.26,163.26,162.97,163.09,27824174
2026-05-20 12:00:00,163.09,163.2,162.88,162.97,24335601
2026-05-20 12:10:00,162.86,162.97,162.7,162.88,19154001
2026-05-20 12:20:00,162.88,163.2,162.71,162.88,28069950
2026-05-20 12:30:00,162.83,163.0,162.61,163.0,27574252
2026-05-20 12:40:00,163.0,163.02,162.76,162.86,20611344
2026-05-20 12:50:00,162.86,163.13,162.78,162.78,29685588
2026-05-20 13:00:00,162.78,162.95,162.48,162.56,29025499
2026-05-20 13:10:00,162.56,162.84,162.56,162.73,23082857
2026-05-20 13:20:00,162.73,162.9,162.51,162.62,27229574
2026-05-20 13:30:00,162.62,162.72,162.41,162.6,22337185
2026-05-20 13:40:00,162.6,162.64,162.6,162.6,16250732
2026-05-20 13:50:00,162.6,163.28,162.6,163.28,30691526
2026-05-20 14:00:00,163.28,163.35,163.0,163.08,33480676
2026-05-20 14:10:00,163.25,163.27,163.13,163.2,28395090
2026-05-20 14:20:00,163.2,163.77,163.16,163.21,35015077
2026-05-20 14:30:00,163.44,163.5,163.21,163.35,38549212
2026-05-20 14:40:00,163.35,163.6,163.31,163.5,32638152
2026-05-20 14:50:00,163.5,163.65,163.3,163.3,46666283
2026-05-20 15:00:00,163.3,163.36,162.7,163.29,77979960
2026-05-20 15:10:00,163.11,163.41,162.75,162.75,70972134
2026-05-20 15:20:00,162.73,163.0,162.45,163.0,84561003
2026-05-21 09:20:00,163.01,163.57,162.71,162.86,6858337
2026-05-21 09:30:00,162.87,163.2,162.4,163.2,10728224
2026-05-21 09:40:00,163.2,163.7,163.07,163.7,11982694
2026-05-21 09:50:00,163.7,164.7,163.53,164.5,13859847
2026-05-21 10:00:00,164.5,164.79,164.2,164.57,20059188
2026-05-21 10:10:00,164.57,164.58,164.32,164.36,16695053
2026-05-21 10:20:00,164.36,164.36,163.88,163.88,7271860
2026-05-21 10:30:00,163.88,168.0,163.72,165.95,95797485
2026-05-21 10:40:00,165.74,167.05,165.74,166.03,116361973
2026-05-21 10:50:00,166.03,168.72,165.86,166.9,204027156
2026-05-21 11:00:00,167.05,167.37,166.9,167.35,149696963
2026-05-21 11:10:00,167.21,167.25,166.02,166.23,143731730
2026-05-21 11:20:00,166.23,166.72,166.23,166.7,110950452
2026-05-21 11:30:00,166.7,166.7,166.38,166.6,84805131
2026-05-21 11:40:00,166.6,167.24,166.59,167.05,97803894
2026-05-21 11:50:00,167.05,167.05,166.3,166.3,131082262
2026-05-21 12:00:00,166.3,166.75,166.19,166.58,96838473
2026-05-21 12:10:00,166.58,166.98,166.11,166.74,110999621
2026-05-21 12:20:00,166.74,167.24,166.16,166.63,120841759
2026-05-21 12:30:00,166.63,166.84,166.21,166.21,116846424
2026-05-21 12:40:00,166.21,166.45,166.05,166.16,118751797
2026-05-21 12:50:00,166.16,166.26,166.0,166.03,77185388
2026-05-21 13:00:00,166.03,166.32,165.8,166.11,87205621
2026-05-21 13:10:00,166.11,166.4,166.03,166.3,87032195
2026-05-21 13:20:00,166.3,166.3,166.16,166.16,52444198
2026-05-21 13:30:00,166.16,166.68,166.1,166.54,87327485
2026-05-21 13:40:00,166.54,166.62,166.32,166.43,50982520
2026-05-21 13:45:00,166.4,166.59,166.08,166.3,5764
2026-05-21 13:55:00,166.27,166.4,166.02,166.38,3853
2026-05-21 14:05:00,166.29,166.5,166.29,166.38,3044
2026-05-21 14:10:00,166.33,166.33,166.05,166.28,81752072
2026-05-21 14:40:00,166.03,166.23,166.03,166.23,47390898
2026-05-21 14:50:00,166.05,166.19,165.8,166.08,111029774
2026-05-21 15:00:00,166.04,166.28,165.88,166.21,169766608
2026-05-21 15:10:00,166.23,166.38,165.82,165.91,187030720
2026-05-21 15:20:00,165.96,166.12,165.5,165.66,192584002
