datetime,open,high,low,close,volume
2026-02-01 09:15:00,591.8,591.8,586.15,586.85,11946
2026-02-01 09:25:00,587.15,590.85,587.15,590.2,7328
2026-02-01 09:35:00,590.1,597.95,590.0,597.8,6551
2026-02-01 09:45:00,597.8,599.2,595.95,597.5,10080
2026-02-01 09:55:00,597.5,598.95,596.0,598.95,4893
2026-02-01 10:05:00,599.0,603.0,599.0,600.9,16603
2026-02-01 10:15:00,600.9,609.25,600.9,608.85,19482
2026-02-01 10:25:00,608.85,610.0,607.15,609.3,16122
2026-02-01 10:35:00,609.3,614.7,608.4,611.85,21665
2026-02-01 10:45:00,611.55,614.75,606.65,609.65,16446
2026-02-01 10:55:00,609.65,611.0,608.3,608.3,6357
2026-02-01 11:05:00,609.3,609.6,607.0,608.1,4925
2026-02-01 11:15:00,608.1,608.1,605.0,605.75,6195
2026-02-01 11:25:00,605.75,619.0,605.75,614.35,31838
2026-02-01 11:35:00,613.45,614.4,607.25,608.0,20530
2026-02-01 11:45:00,608.0,610.0,607.3,608.95,12581
2026-02-01 11:55:00,609.0,609.5,602.75,603.4,9782
2026-02-01 12:05:00,604.0,607.8,603.0,605.2,9482
2026-02-01 12:15:00,604.95,605.65,595.15,596.1,10817
2026-02-01 12:25:00,596.3,597.4,585.1,592.65,16873
2026-02-01 12:35:00,592.65,602.4,592.35,601.7,10623
2026-02-01 12:45:00,602.15,603.65,600.2,602.1,6845
2026-02-01 12:55:00,602.1,608.65,602.1,607.2,9533
2026-02-01 13:05:00,607.2,609.0,606.7,607.25,6428
2026-02-01 13:15:00,607.25,609.75,607.0,609.35,4431
2026-02-01 13:25:00,609.35,609.75,606.35,609.5,8782
2026-02-01 13:35:00,609.9,610.0,607.2,609.6,5019
2026-02-01 13:45:00,609.6,611.95,608.05,608.75,7292
2026-02-01 13:55:00,608.75,610.5,607.1,609.8,5940
2026-02-01 14:05:00,609.8,612.7,609.8,612.7,5870
2026-02-01 14:15:00,612.7,613.8,610.5,610.85,8929
2026-02-01 14:25:00,610.2,615.05,610.0,613.65,6252
2026-02-01 14:35:00,613.6,614.45,612.85,613.65,2525
2026-02-01 14:45:00,613.65,615.6,611.7,613.25,15323
2026-02-01 14:55:00,613.25,614.75,608.05,609.0,13800
2026-02-01 15:05:00,608.75,611.9,608.05,610.5,5121
2026-02-01 15:15:00,610.5,614.1,608.0,611.2,15896
2026-02-01 15:25:00,611.2,614.0,607.2,614.0,7647
2026-02-02 09:15:00,610.2,610.45,592.1,592.95,26426
2026-02-02 09:25:00,592.1,598.1,587.2,596.1,25716
2026-02-02 09:35:00,595.85,598.0,594.0,594.0,13811
2026-02-02 09:45:00,594.0,597.2,593.35,597.05,18807
2026-02-02 09:55:00,597.05,597.05,593.3,593.95,7837
2026-02-02 10:05:00,593.7,593.9,590.3,590.45,5406
2026-02-02 10:15:00,590.45,590.5,588.2,589.95,5823
2026-02-02 10:25:00,589.95,590.0,587.5,588.7,8371
2026-02-02 10:35:00,588.7,589.55,587.05,587.55,4574
2026-02-02 10:45:00,587.55,587.7,585.2,585.9,6720
2026-02-02 10:55:00,585.6,592.0,582.15,582.9,23083
2026-02-02 11:05:00,582.9,585.6,580.4,583.15,9239
2026-02-02 11:15:00,583.0,583.55,581.15,581.85,4901
2026-02-02 11:25:00,581.85,587.5,580.65,587.5,4558
2026-02-02 11:35:00,587.65,587.65,583.35,585.05,4628
2026-02-02 11:45:00,585.05,587.35,584.0,585.7,7252
2026-02-02 11:55:00,585.65,586.95,582.3,582.4,5075
2026-02-02 12:05:00,582.4,582.65,580.5,581.55,1381
2026-02-02 12:15:00,581.55,582.5,581.1,581.1,1608
2026-02-02 12:25:00,581.1,582.0,580.5,581.05,1899
2026-02-02 12:35:00,581.05,581.85,580.55,581.15,2803
2026-02-02 12:45:00,580.55,581.5,580.25,580.35,6177
2026-02-02 12:55:00,580.35,588.45,580.35,587.4,5826
2026-02-02 13:05:00,587.4,588.0,586.2,587.0,1907
2026-02-02 13:15:00,587.0,587.5,585.0,586.9,5955
2026-02-02 13:25:00,586.9,587.45,585.9,587.2,1540
2026-02-02 13:35:00,587.2,587.2,585.05,585.95,2789
2026-02-02 13:45:00,585.95,589.1,585.85,586.9,6576
2026-02-02 13:55:00,586.9,587.7,586.25,586.85,1459
2026-02-02 14:05:00,586.85,587.95,585.75,587.0,2750
2026-02-02 14:15:00,587.05,590.8,587.05,589.35,5671
2026-02-02 14:25:00,589.35,591.0,588.8,590.85,4233
2026-02-02 14:35:00,590.85,591.0,589.05,589.7,5288
2026-02-02 14:45:00,590.1,604.45,590.1,602.8,80247
2026-02-02 14:55:00,602.7,605.5,602.0,602.0,16028
2026-02-02 15:05:00,602.25,602.8,602.0,602.35,10103
2026-02-02 15:15:00,602.4,604.4,602.1,603.15,21378
2026-02-02 15:25:00,603.15,606.75,602.75,605.0,6125
2026-02-03 09:15:00,636.3,640.35,620.85,628.8,109373
2026-02-03 09:25:00,628.8,630.45,614.4,616.3,73042
2026-02-03 09:35:00,616.3,616.3,612.3,612.35,23280
2026-02-03 09:45:00,612.35,615.7,610.2,612.6,26234
2026-02-03 09:55:00,612.65,612.75,606.0,610.5,35567
2026-02-03 10:05:00,610.45,611.8,608.85,609.55,14781
2026-02-03 10:15:00,609.55,610.5,608.05,608.05,8521
2026-02-03 10:25:00,608.05,610.0,607.65,610.0,4959
2026-02-03 10:35:00,610.0,611.25,609.0,609.0,9686
2026-02-03 10:45:00,609.0,610.5,608.0,608.05,5212
2026-02-03 10:55:00,608.05,614.5,608.05,612.65,17664
2026-02-03 11:05:00,612.65,613.0,611.0,611.95,2126
2026-02-03 11:15:00,611.95,612.2,608.95,609.2,13308
2026-02-03 11:25:00,609.2,610.2,607.5,609.55,6183
2026-02-03 11:35:00,610.0,612.5,610.0,610.55,3302
2026-02-03 11:45:00,610.45,613.1,610.45,612.6,3786
2026-02-03 11:55:00,612.8,614.15,612.55,612.55,1493
2026-02-03 12:05:00,612.55,613.0,612.0,612.05,4368
2026-02-03 12:15:00,612.05,613.5,612.05,612.95,2287
2026-02-03 12:25:00,612.95,615.45,612.95,614.35,14694
2026-02-03 12:35:00,614.35,614.35,610.9,611.35,3553
2026-02-03 12:45:00,611.35,611.5,610.95,611.2,1171
2026-02-03 12:55:00,611.2,611.2,609.3,609.65,3700
2026-02-03 13:05:00,609.65,610.65,609.15,610.3,1994
2026-02-03 13:15:00,610.3,610.45,607.4,607.7,10594
2026-02-03 13:25:00,608.3,608.3,600.0,605.55,30631
2026-02-03 13:35:00,605.55,605.55,598.8,604.7,36891
2026-02-03 13:45:00,604.7,605.6,603.65,604.05,5149
2026-02-03 13:55:00,604.8,606.0,603.5,606.0,7617
2026-02-03 14:05:00,606.0,606.1,604.15,605.5,3102
2026-02-03 14:15:00,605.5,607.35,604.9,607.35,5522
2026-02-03 14:25:00,607.2,611.5,607.2,607.9,10037
2026-02-03 14:35:00,607.9,609.1,606.3,606.35,6701
2026-02-03 14:45:00,606.7,609.35,605.7,607.95,6678
2026-02-03 14:55:00,607.95,610.85,607.45,610.85,10848
2026-02-03 15:05:00,610.85,614.0,610.5,611.35,25517
2026-02-03 15:15:00,611.35,613.45,609.9,611.0,18275
2026-02-03 15:25:00,611.0,612.0,602.75,612.0,21800
2026-02-04 09:15:00,610.4,615.05,604.0,611.95,30963
2026-02-04 09:25:00,612.3,614.0,611.1,612.5,13169
2026-02-04 09:35:00,612.5,614.5,611.9,614.45,13787
2026-02-04 09:45:00,614.5,617.35,614.25,615.4,7879
2026-02-04 09:55:00,615.4,616.5,614.0,615.35,10588
2026-02-04 10:05:00,615.35,617.65,615.0,617.65,12885
2026-02-04 10:15:00,617.4,618.8,615.1,616.3,4765
2026-02-04 10:25:00,616.3,616.95,615.55,615.6,2665
2026-02-04 10:35:00,615.6,616.25,611.1,614.4,6764
2026-02-04 10:45:00,614.4,614.4,612.05,612.9,2982
2026-02-04 10:55:00,612.9,614.0,611.65,613.5,5052
2026-02-04 11:05:00,613.15,614.7,611.1,612.25,8182
2026-02-04 11:15:00,611.45,612.4,610.5,610.6,4575
2026-02-04 11:25:00,610.6,611.9,610.3,611.25,1531
2026-02-04 11:35:00,611.25,612.3,610.4,611.6,3608
2026-02-04 11:45:00,611.6,613.0,611.2,611.75,3788
2026-02-04 11:55:00,611.75,612.7,611.2,611.75,1142
2026-02-04 12:05:00,611.75,619.0,611.3,619.0,11352
2026-02-04 12:15:00,619.0,619.05,616.4,616.75,7265
2026-02-04 12:25:00,616.75,617.0,615.25,615.25,3517
2026-02-04 12:35:00,616.4,616.4,614.3,615.75,1412
2026-02-04 12:45:00,615.75,616.35,614.5,614.65,1457
2026-02-04 12:55:00,614.65,616.4,613.65,616.4,3643
2026-02-04 13:05:00,616.4,617.9,615.5,617.25,6014
2026-02-04 13:15:00,617.25,617.25,615.2,616.1,4318
2026-02-04 13:25:00,616.1,618.0,616.1,617.1,3662
2026-02-04 13:35:00,617.35,618.25,616.2,617.3,4038
2026-02-04 13:45:00,617.3,618.0,616.9,617.55,2780
2026-02-04 13:55:00,617.55,621.95,617.35,620.95,8559
2026-02-04 14:05:00,620.95,622.0,619.05,622.0,9199
2026-02-04 14:15:00,621.65,622.45,621.1,621.7,3615
2026-02-04 14:25:00,621.75,622.45,620.85,621.95,4233
2026-02-04 14:35:00,621.6,622.0,620.7,621.0,6065
2026-02-04 14:45:00,621.0,623.4,621.0,623.4,11351
2026-02-04 14:55:00,623.8,624.25,621.8,624.15,13634
2026-02-04 15:05:00,624.15,626.95,623.35,625.55,31548
2026-02-04 15:15:00,625.3,628.4,625.05,626.4,21527
2026-02-04 15:25:00,625.85,627.0,623.15,627.0,12608
2026-02-05 09:15:00,625.1,625.1,618.0,619.85,24628
2026-02-05 09:25:00,619.2,622.75,616.1,622.05,8722
2026-02-05 09:35:00,622.35,624.5,622.35,623.5,10664
2026-02-05 09:45:00,623.0,626.55,622.35,625.6,12811
2026-02-05 09:55:00,625.6,633.3,623.5,632.75,14773
2026-02-05 10:05:00,632.05,635.5,629.0,631.0,25126
2026-02-05 10:15:00,631.0,631.5,627.55,628.95,9894
2026-02-05 10:25:00,628.95,629.0,617.0,617.75,20639
2026-02-05 10:35:00,618.1,619.55,617.0,618.25,7259
2026-02-05 10:45:00,618.25,621.35,617.5,618.25,6954
2026-02-05 10:55:00,617.65,617.65,612.85,614.7,11162
2026-02-05 11:05:00,614.7,615.4,613.35,614.6,5333
2026-02-05 11:15:00,614.6,615.4,613.0,613.45,3164
2026-02-05 11:25:00,613.45,620.3,613.45,618.65,5319
2026-02-05 11:35:00,618.65,619.65,618.65,619.45,2426
2026-02-05 11:45:00,619.6,620.85,618.2,620.05,4398
2026-02-05 11:55:00,620.4,621.9,620.05,621.35,9896
2026-02-05 12:05:00,621.35,621.8,619.85,620.0,1485
2026-02-05 12:15:00,620.0,620.95,620.0,620.35,1542
2026-02-05 12:25:00,620.35,621.25,617.8,618.95,10532
2026-02-05 12:35:00,618.95,623.2,618.95,620.45,12438
2026-02-05 12:45:00,620.05,621.35,618.3,621.3,6073
2026-02-05 12:55:00,621.3,622.0,620.2,620.45,792
2026-02-05 13:05:00,620.45,624.0,620.45,622.95,10745
2026-02-05 13:15:00,622.95,622.95,620.15,620.7,5615
2026-02-05 13:25:00,620.7,621.2,618.0,618.05,4992
2026-02-05 13:35:00,618.05,619.9,618.0,618.05,816
2026-02-05 13:45:00,618.05,619.6,618.05,619.1,917
2026-02-05 13:55:00,619.1,632.0,618.7,624.9,61260
2026-02-05 14:05:00,625.05,636.8,619.75,623.0,270190
2026-02-05 14:15:00,623.5,634.8,622.7,629.15,131515
2026-02-05 14:25:00,630.0,646.8,628.35,644.0,197107
2026-02-05 14:35:00,643.95,652.5,642.85,647.15,235139
2026-02-05 14:45:00,647.85,654.0,645.05,647.65,179327
2026-02-05 14:55:00,648.25,653.25,645.5,652.8,57497
2026-02-05 15:05:00,652.8,654.85,641.2,643.35,116464
2026-02-05 15:15:00,643.5,647.75,642.0,645.45,65546
2026-02-05 15:25:00,645.45,645.75,642.0,645.45,26182
2026-02-06 09:15:00,650.0,664.85,640.2,658.65,207554
2026-02-06 09:25:00,657.3,670.0,656.55,668.2,141155
2026-02-06 09:35:00,668.2,674.0,666.25,670.35,140436
2026-02-06 09:45:00,671.1,678.0,670.8,673.8,80497
2026-02-06 09:55:00,673.3,673.4,648.95,651.7,167348
2026-02-06 10:05:00,651.7,652.9,646.0,647.7,77755
2026-02-06 10:15:00,647.0,650.05,645.15,645.6,37622
2026-02-06 10:25:00,646.95,646.95,641.2,641.5,41459
2026-02-06 10:35:00,641.5,642.7,638.0,638.7,32564
2026-02-06 10:45:00,639.0,640.0,635.25,635.8,26656
2026-02-06 10:55:00,635.8,638.65,634.65,638.0,16425
2026-02-06 11:05:00,637.25,646.25,637.25,645.0,38116
2026-02-06 11:15:00,644.85,651.5,644.25,647.95,33732
2026-02-06 11:25:00,647.95,648.45,642.95,644.0,20500
2026-02-06 11:35:00,644.25,645.9,641.8,642.4,10335
2026-02-06 11:45:00,642.4,646.0,641.65,643.15,8256
2026-02-06 11:55:00,642.95,644.6,642.0,644.25,5743
2026-02-06 12:05:00,644.25,644.25,641.3,642.9,4539
2026-02-06 12:15:00,642.9,642.9,638.25,639.9,13336
2026-02-06 12:25:00,639.9,640.0,636.45,636.5,6452
2026-02-06 12:35:00,636.5,638.95,636.5,638.15,9308
2026-02-06 12:45:00,638.15,640.15,637.55,638.6,12478
2026-02-06 12:55:00,638.6,638.85,635.35,636.3,10533
2026-02-06 13:05:00,636.3,638.15,635.75,637.8,12355
2026-02-06 13:15:00,638.0,641.6,638.0,640.15,14252
2026-02-06 13:25:00,639.75,641.0,637.0,637.95,5268
2026-02-06 13:35:00,638.0,641.1,638.0,639.45,6053
2026-02-06 13:45:00,640.0,641.0,638.9,640.5,4150
2026-02-06 13:55:00,640.95,641.95,639.35,639.35,6113
2026-02-06 14:05:00,639.35,640.15,637.05,638.0,17640
2026-02-06 14:15:00,637.9,639.8,636.8,636.8,8660
2026-02-06 14:25:00,636.9,642.85,636.9,642.65,14497
2026-02-06 14:35:00,642.35,642.85,639.65,642.75,21334
2026-02-06 14:45:00,642.75,643.15,640.0,641.5,25959
2026-02-06 14:55:00,641.5,642.35,639.4,639.5,15327
2026-02-06 15:05:00,639.65,640.05,638.55,638.55,25384
2026-02-06 15:15:00,638.6,645.35,637.05,645.35,45016
2026-02-06 15:25:00,645.25,649.9,642.05,643.5,30390
2026-02-09 09:15:00,645.9,665.0,644.0,661.3,96778
2026-02-09 09:25:00,660.0,662.35,657.6,660.5,24490
2026-02-09 09:35:00,660.5,664.85,660.0,663.85,23370
2026-02-09 09:45:00,663.4,664.55,660.1,663.4,13752
2026-02-09 09:55:00,663.4,668.0,662.5,668.0,23866
2026-02-09 10:05:00,667.4,667.95,662.95,664.05,14419
2026-02-09 10:15:00,664.05,665.45,663.5,665.4,6970
2026-02-09 10:25:00,664.55,664.95,662.85,664.15,10679
2026-02-09 10:35:00,664.75,664.75,663.0,664.65,6219
2026-02-09 10:45:00,664.65,668.5,662.1,667.5,23417
2026-02-09 10:55:00,667.5,668.0,665.5,665.75,7266
2026-02-09 11:05:00,665.75,669.25,665.45,667.65,11268
2026-02-09 11:15:00,667.65,669.2,667.65,668.2,9231
2026-02-09 11:25:00,667.75,668.75,662.2,664.3,16640
2026-02-09 11:35:00,664.3,667.35,664.3,665.1,2522
2026-02-09 11:45:00,665.1,666.2,665.1,666.2,2110
2026-02-09 11:55:00,666.2,669.95,665.0,669.75,6201
2026-02-09 12:05:00,669.35,670.0,658.7,659.1,29635
2026-02-09 12:15:00,659.1,667.45,659.1,667.15,10118
2026-02-09 12:25:00,667.1,669.7,666.0,666.85,12429
2026-02-09 12:35:00,666.85,668.4,666.3,667.35,4498
2026-02-09 12:45:00,667.0,667.55,664.55,664.55,3115
2026-02-09 12:55:00,664.55,668.0,664.0,667.2,4612
2026-02-09 13:05:00,667.2,667.35,666.0,666.45,2902
2026-02-09 13:15:00,666.45,667.3,665.2,665.6,2194
2026-02-09 13:25:00,665.6,665.6,663.75,664.95,3600
2026-02-09 13:35:00,664.95,665.05,663.7,664.45,1595
2026-02-09 13:45:00,664.45,665.8,664.4,665.8,4572
2026-02-09 13:55:00,665.8,667.0,665.0,666.95,2399
2026-02-09 14:05:00,666.95,666.95,660.7,660.85,13388
2026-02-09 14:15:00,660.85,672.3,660.85,671.25,28835
2026-02-09 14:25:00,671.85,674.95,669.5,673.2,27567
2026-02-09 14:35:00,673.2,674.9,671.75,672.9,15902
2026-02-09 14:45:00,672.35,672.9,668.1,670.6,13963
2026-02-09 14:55:00,670.6,671.5,669.4,670.65,15373
2026-02-09 15:05:00,670.75,672.85,670.5,671.7,16517
2026-02-09 15:15:00,671.9,675.0,671.6,672.95,34894
2026-02-09 15:25:00,672.8,674.5,672.25,672.5,17343
2026-02-10 09:15:00,676.0,676.0,665.6,669.65,17737
2026-02-10 09:25:00,669.9,671.0,666.8,668.75,28684
2026-02-10 09:35:00,668.75,670.75,667.15,668.9,10325
2026-02-10 09:45:00,668.9,670.35,667.35,668.0,5846
2026-02-10 09:55:00,668.0,669.3,668.0,668.35,3676
2026-02-10 10:05:00,668.35,668.35,667.05,667.05,2703
2026-02-10 10:15:00,668.05,669.35,667.05,669.35,18303
2026-02-10 10:25:00,669.35,670.0,667.55,669.05,5739
2026-02-10 10:35:00,669.05,669.9,668.05,668.7,4017
2026-02-10 10:45:00,668.7,670.4,668.15,668.45,5501
2026-02-10 10:55:00,668.45,670.0,667.05,668.55,7539
2026-02-10 11:05:00,668.55,669.85,666.0,666.0,4879
2026-02-10 11:15:00,666.0,667.95,666.0,666.9,1794
2026-02-10 11:25:00,666.85,667.35,666.35,667.0,2390
2026-02-10 11:35:00,667.4,668.7,666.55,668.55,2682
2026-02-10 11:45:00,668.55,669.6,668.05,668.25,3468
2026-02-10 11:55:00,668.25,668.75,667.4,668.6,3797
2026-02-10 12:05:00,668.65,669.0,668.1,668.4,1175
2026-02-10 12:15:00,667.95,668.95,667.45,668.95,5844
2026-02-10 12:25:00,668.95,668.95,667.25,667.65,13337
2026-02-10 12:35:00,667.65,672.8,667.65,671.0,6180
2026-02-10 12:45:00,671.0,676.7,668.15,673.9,68019
2026-02-10 12:55:00,674.4,676.35,673.95,674.2,13567
2026-02-10 13:05:00,674.2,678.05,674.2,678.05,13990
2026-02-10 13:15:00,678.05,679.0,672.15,672.15,12299
2026-02-10 13:25:00,672.5,676.75,672.05,673.35,9909
2026-02-10 13:35:00,674.0,677.45,674.0,676.2,4084
2026-02-10 13:45:00,676.2,677.4,675.3,677.35,6249
2026-02-10 13:55:00,677.35,677.4,675.5,676.75,4870
2026-02-10 14:05:00,676.75,677.0,675.0,676.2,4164
2026-02-10 14:15:00,676.2,678.6,676.0,677.8,16462
2026-02-10 14:25:00,677.8,678.4,676.65,677.4,6081
2026-02-10 14:35:00,677.2,678.4,675.0,675.0,13407
2026-02-10 14:45:00,675.0,676.85,673.0,673.55,9650
2026-02-10 14:55:00,673.5,675.0,672.55,673.6,3822
2026-02-10 15:05:00,673.6,675.0,673.55,673.65,6643
2026-02-10 15:15:00,673.65,679.0,673.65,676.95,18705
2026-02-10 15:25:00,676.95,679.0,674.2,674.2,7493
2026-02-11 09:15:00,677.05,679.9,671.05,679.35,14726
2026-02-11 09:25:00,679.35,685.0,677.55,681.65,26721
2026-02-11 09:35:00,681.65,681.65,676.6,680.3,14578
2026-02-11 09:45:00,680.3,685.95,678.05,683.2,40668
2026-02-11 09:55:00,683.2,687.85,683.0,684.95,16002
2026-02-11 10:05:00,684.95,688.0,683.4,685.95,9357
2026-02-11 10:15:00,684.55,692.35,684.55,691.15,39960
2026-02-11 10:25:00,690.9,694.9,688.95,689.7,21471
2026-02-11 10:35:00,689.6,695.25,688.9,692.25,24218
2026-02-11 10:45:00,692.25,692.7,689.4,690.15,22336
2026-02-11 10:55:00,690.15,692.85,689.9,691.85,8947
2026-02-11 11:05:00,691.85,691.85,688.55,689.15,7330
2026-02-11 11:15:00,689.15,689.7,688.4,689.45,3148
2026-02-11 11:25:00,689.45,689.8,688.55,689.0,2388
2026-02-11 11:35:00,689.0,689.6,687.0,687.2,7760
2026-02-11 11:45:00,687.2,690.35,687.0,688.8,5232
2026-02-11 11:55:00,688.8,689.85,688.05,688.05,3545
2026-02-11 12:05:00,688.05,692.7,686.0,691.6,13862
2026-02-11 12:15:00,691.6,691.6,687.3,687.3,8208
2026-02-11 12:25:00,687.3,690.4,686.0,689.0,6281
2026-02-11 12:35:00,689.0,689.75,688.2,688.5,3103
2026-02-11 12:45:00,688.5,690.8,688.5,690.8,2848
2026-02-11 12:55:00,690.8,691.8,690.0,691.35,4985
2026-02-11 13:05:00,691.35,691.45,688.7,688.7,5462
2026-02-11 13:15:00,688.7,689.9,681.0,688.9,40987
2026-02-11 13:25:00,689.7,690.0,684.2,686.95,15356
2026-02-11 13:35:00,686.95,688.0,686.35,687.35,1924
2026-02-11 13:45:00,687.35,687.8,686.05,687.35,2840
2026-02-11 13:55:00,687.35,687.35,686.0,687.3,1773
2026-02-11 14:05:00,687.3,687.9,686.1,686.75,3400
2026-02-11 14:15:00,686.75,689.25,686.65,687.5,3540
2026-02-11 14:25:00,687.05,687.05,684.0,684.45,6898
2026-02-11 14:35:00,684.5,686.8,684.5,686.65,8873
2026-02-11 14:45:00,686.15,686.75,682.2,682.6,8697
2026-02-11 14:55:00,682.6,683.3,681.5,683.3,4662
2026-02-11 15:05:00,683.3,689.0,682.6,687.5,24504
2026-02-11 15:15:00,687.55,688.7,684.05,686.05,23708
2026-02-11 15:25:00,686.05,686.75,683.0,686.6,10894
2026-02-12 09:15:00,686.45,689.85,682.3,686.15,26787
2026-02-12 09:25:00,686.15,691.8,684.5,690.05,16982
2026-02-12 09:35:00,690.15,692.0,689.15,691.0,22493
2026-02-12 09:45:00,691.0,697.0,690.05,695.8,25571
2026-02-12 09:55:00,695.5,697.0,691.4,696.5,30823
2026-02-12 10:05:00,696.5,699.0,695.1,698.0,24592
2026-02-12 10:15:00,698.0,698.5,692.5,696.95,7684
2026-02-12 10:25:00,697.6,697.6,694.0,694.05,9889
2026-02-12 10:35:00,694.05,695.95,693.55,695.2,4526
2026-02-12 10:45:00,695.95,695.95,694.05,695.55,5301
2026-02-12 10:55:00,695.55,696.05,694.15,694.35,2660
2026-02-12 11:05:00,694.35,695.0,692.1,692.65,5871
2026-02-12 11:15:00,692.65,693.4,691.65,692.45,8060
2026-02-12 11:25:00,692.45,694.2,691.2,692.6,7633
2026-02-12 11:35:00,692.6,693.0,691.05,692.0,5701
2026-02-12 11:45:00,692.0,692.85,692.0,692.1,3852
2026-02-12 11:55:00,692.1,693.0,690.6,690.85,5352
2026-02-12 12:05:00,690.65,692.4,690.65,692.4,5038
2026-02-12 12:15:00,692.4,695.45,691.8,694.25,18779
2026-02-12 12:25:00,694.25,695.0,693.85,695.0,10924
2026-02-12 12:35:00,695.0,699.8,694.7,698.95,23095
2026-02-12 12:45:00,698.95,701.85,697.8,698.8,18788
2026-02-12 12:55:00,698.8,699.5,695.0,695.2,7218
2026-02-12 13:05:00,695.2,695.5,693.55,694.7,7208
2026-02-12 13:15:00,694.7,695.75,694.7,695.45,1093
2026-02-12 13:25:00,695.45,695.45,692.65,694.4,9350
2026-02-12 13:35:00,694.4,695.9,693.6,695.8,4298
2026-02-12 13:45:00,695.8,695.8,693.35,694.05,2359
2026-02-12 13:55:00,693.4,695.3,693.3,694.0,1237
2026-02-12 14:05:00,694.0,694.5,693.15,693.6,1302
2026-02-12 14:15:00,693.6,695.05,693.15,695.05,4206
2026-02-12 14:25:00,694.6,695.0,693.0,693.25,3415
2026-02-12 14:35:00,693.25,694.75,692.4,693.9,6374
2026-02-12 14:45:00,693.9,693.9,691.4,693.05,4486
2026-02-12 14:55:00,693.05,694.5,692.3,692.65,3230
2026-02-12 15:05:00,693.1,694.8,692.75,694.0,11651
2026-02-12 15:15:00,694.0,696.15,693.15,694.75,20513
2026-02-12 15:25:00,694.35,695.0,692.3,694.15,14343
2026-02-13 09:15:00,688.8,690.0,680.0,684.1,36854
2026-02-13 09:25:00,684.1,685.7,679.0,679.0,26470
2026-02-13 09:35:00,679.0,682.75,676.05,682.25,13776
2026-02-13 09:45:00,682.65,683.0,680.0,682.75,7465
2026-02-13 09:55:00,682.75,687.6,681.2,682.95,18643
2026-02-13 10:05:00,682.95,683.25,680.0,680.7,6773
2026-02-13 10:15:00,680.05,680.9,678.25,680.85,6467
2026-02-13 10:25:00,681.6,683.4,679.05,681.6,6458
2026-02-13 10:35:00,681.7,682.95,680.5,680.7,9557
2026-02-13 10:45:00,680.7,681.0,680.4,681.0,793
2026-02-13 10:55:00,681.0,681.75,679.6,680.05,5020
2026-02-13 11:05:00,680.05,681.25,679.15,680.65,2020
2026-02-13 11:15:00,680.65,680.65,679.1,679.55,1628
2026-02-13 11:25:00,679.55,680.45,679.05,680.25,3647
2026-02-13 11:35:00,680.25,680.25,679.0,679.25,2012
2026-02-13 11:45:00,679.25,682.5,679.25,681.8,11391
2026-02-13 11:55:00,681.8,681.8,680.05,680.85,1002
2026-02-13 12:05:00,680.85,682.0,680.7,681.8,2397
2026-02-13 12:15:00,681.8,682.05,680.25,682.0,7874
2026-02-13 12:25:00,682.0,683.0,681.3,683.0,15710
2026-02-13 12:35:00,683.0,684.55,683.0,684.15,2407
2026-02-13 12:45:00,684.2,685.6,682.0,683.05,4213
2026-02-13 12:55:00,683.05,683.65,681.35,683.5,4383
2026-02-13 13:05:00,683.5,684.8,682.2,684.8,1511
2026-02-13 13:15:00,684.8,684.8,683.0,683.75,1711
2026-02-13 13:25:00,683.75,683.85,682.0,682.55,1077
2026-02-13 13:35:00,682.55,683.6,682.55,682.9,892
2026-02-13 13:45:00,682.9,683.6,681.0,681.0,1867
2026-02-13 13:55:00,681.0,681.45,680.2,681.15,797
2026-02-13 14:05:00,681.15,683.1,681.15,681.9,1392
2026-02-13 14:15:00,682.0,682.7,681.55,682.7,2386
2026-02-13 14:25:00,682.7,683.95,681.0,681.65,5538
2026-02-13 14:35:00,681.65,682.65,681.55,682.65,2337
2026-02-13 14:45:00,682.65,687.5,682.0,685.3,11109
2026-02-13 14:55:00,685.3,686.6,685.0,685.9,7885
2026-02-13 15:05:00,685.9,686.3,685.5,686.25,6066
2026-02-13 15:15:00,686.25,686.25,685.0,685.4,14363
2026-02-13 15:25:00,685.4,686.25,684.45,684.5,22196
2026-02-16 09:15:00,685.95,689.95,682.1,682.1,24343
2026-02-16 09:25:00,682.1,683.8,680.05,683.75,7488
2026-02-16 09:35:00,683.75,683.85,681.5,681.5,7427
2026-02-16 09:45:00,681.5,681.5,671.05,677.05,37800
2026-02-16 09:55:00,677.05,681.0,675.4,680.75,10845
2026-02-16 10:05:00,680.75,683.0,680.0,681.9,8190
2026-02-16 10:15:00,681.9,682.8,680.55,681.65,4902
2026-02-16 10:25:00,681.65,681.9,680.1,681.9,8353
2026-02-16 10:35:00,681.25,681.4,680.05,680.7,5164
2026-02-16 10:45:00,680.7,681.0,680.25,680.95,1575
2026-02-16 10:55:00,680.95,681.35,678.05,678.3,15341
2026-02-16 11:05:00,678.3,681.55,678.3,681.05,2300
2026-02-16 11:15:00,681.05,681.55,679.9,679.9,3677
2026-02-16 11:25:00,679.9,681.85,679.15,679.85,6902
2026-02-16 11:35:00,679.85,680.9,679.0,679.0,1939
2026-02-16 11:45:00,679.0,679.75,679.0,679.5,4117
2026-02-16 11:55:00,679.5,680.0,679.0,679.75,4128
2026-02-16 12:05:00,679.75,681.35,679.0,680.5,4805
2026-02-16 12:15:00,680.5,681.65,680.5,681.05,1179
2026-02-16 12:25:00,681.05,682.4,680.4,682.4,3928
2026-02-16 12:35:00,683.0,684.4,682.4,683.75,3369
2026-02-16 12:45:00,683.75,683.8,681.25,682.7,3758
2026-02-16 12:55:00,682.7,683.75,682.2,682.6,3195
2026-02-16 13:05:00,682.6,683.65,682.35,683.5,2118
2026-02-16 13:15:00,683.5,684.6,682.95,683.95,2945
2026-02-16 13:25:00,683.95,684.35,682.55,684.0,3248
2026-02-16 13:35:00,684.0,684.4,682.85,684.4,1149
2026-02-16 13:45:00,684.4,684.4,682.85,684.3,2984
2026-02-16 13:55:00,684.3,685.35,683.55,685.35,1594
2026-02-16 14:05:00,685.35,685.35,683.55,684.5,2761
2026-02-16 14:15:00,684.5,685.35,684.1,685.05,1658
2026-02-16 14:25:00,685.05,685.05,679.9,680.3,12363
2026-02-16 14:35:00,680.55,682.0,679.25,679.6,5244
2026-02-16 14:45:00,679.6,680.65,679.05,679.55,5003
2026-02-16 14:55:00,679.55,680.4,679.3,680.0,4294
2026-02-16 15:05:00,680.25,681.6,680.0,681.55,8932
2026-02-16 15:15:00,681.55,682.8,680.0,681.1,9574
2026-02-16 15:25:00,681.1,682.0,680.6,680.6,4156
2026-02-17 09:15:00,682.0,686.15,678.05,683.15,9980
2026-02-17 09:25:00,683.95,683.95,681.7,683.2,3722
2026-02-17 09:35:00,683.05,684.5,682.2,684.35,2198
2026-02-17 09:45:00,684.55,687.15,684.1,686.2,6452
2026-02-17 09:55:00,686.2,692.1,685.85,692.0,19246
2026-02-17 10:05:00,691.75,693.0,690.6,691.5,3581
2026-02-17 10:15:00,691.5,694.05,689.1,692.85,14482
2026-02-17 10:25:00,692.85,694.1,692.5,693.15,1762
2026-02-17 10:35:00,693.1,697.6,692.85,693.75,14567
2026-02-17 10:45:00,693.75,695.6,693.15,695.15,7484
2026-02-17 10:55:00,695.15,695.2,691.1,693.0,3482
2026-02-17 11:05:00,692.6,693.3,691.65,693.0,3107
2026-02-17 11:15:00,693.0,693.8,691.05,691.3,3962
2026-02-17 11:25:00,691.35,693.3,688.65,693.05,9934
2026-02-17 11:35:00,692.35,693.0,691.5,692.2,898
2026-02-17 11:45:00,692.2,696.0,692.2,693.1,10255
2026-02-17 11:55:00,693.5,693.5,689.1,689.3,3960
2026-02-17 12:05:00,689.3,690.75,689.3,690.2,1053
2026-02-17 12:15:00,690.25,691.55,689.9,690.6,2008
2026-02-17 12:25:00,690.6,691.0,689.8,689.9,1286
2026-02-17 12:35:00,689.9,693.85,689.9,692.65,4198
2026-02-17 12:45:00,692.65,694.0,692.1,692.85,1495
2026-02-17 12:55:00,692.85,693.6,692.3,692.3,1264
2026-02-17 13:05:00,692.3,693.0,691.0,691.9,2380
2026-02-17 13:15:00,691.9,693.2,691.0,692.4,810
2026-02-17 13:25:00,693.0,694.8,692.75,694.8,2132
2026-02-17 13:35:00,694.0,694.55,692.85,693.35,1698
2026-02-17 13:45:00,693.35,694.0,692.9,693.3,1857
2026-02-17 13:55:00,693.3,695.0,692.85,693.2,3879
2026-02-17 14:05:00,693.25,693.95,691.15,691.55,4684
2026-02-17 14:15:00,691.55,693.1,689.75,693.1,6826
2026-02-17 14:25:00,693.1,693.45,691.15,691.6,4420
2026-02-17 14:35:00,691.6,693.0,691.55,692.5,1447
2026-02-17 14:45:00,692.5,695.0,692.4,694.0,5726
2026-02-17 14:55:00,694.4,696.45,693.55,694.45,12268
2026-02-17 15:05:00,694.4,695.45,693.6,695.0,4562
2026-02-17 15:15:00,695.0,696.0,694.0,695.05,7598
2026-02-17 15:25:00,695.15,695.5,690.3,693.0,9521
2026-02-18 09:15:00,693.0,695.95,690.15,690.9,6587
2026-02-18 09:25:00,690.9,693.95,686.7,690.25,8593
2026-02-18 09:35:00,690.25,692.7,690.25,692.0,3231
2026-02-18 09:45:00,692.0,692.0,689.9,690.8,2777
2026-02-18 09:55:00,690.8,695.15,688.05,690.65,30747
2026-02-18 10:05:00,690.65,694.5,690.5,690.95,4729
2026-02-18 10:15:00,691.9,692.7,691.0,691.3,3585
2026-02-18 10:25:00,691.3,692.65,690.8,691.9,2240
2026-02-18 10:35:00,691.9,693.45,691.65,692.5,2930
2026-02-18 10:45:00,692.5,697.05,692.4,696.05,4679
2026-02-18 10:55:00,696.15,697.5,695.35,695.45,5463
2026-02-18 11:05:00,695.45,696.25,693.05,694.35,2186
2026-02-18 11:15:00,694.35,695.0,693.65,694.5,1243
2026-02-18 11:25:00,693.65,694.15,693.2,693.8,1319
2026-02-18 11:35:00,693.8,695.6,693.4,694.3,1676
2026-02-18 11:45:00,694.3,696.0,691.15,692.55,4481
2026-02-18 11:55:00,692.55,693.0,691.05,692.0,3303
2026-02-18 12:05:00,692.0,692.1,690.55,691.5,1620
2026-02-18 12:15:00,691.5,693.7,691.3,692.95,2028
2026-02-18 12:25:00,692.95,693.95,691.5,692.3,11706
2026-02-18 12:35:00,692.3,693.1,691.55,691.55,1074
2026-02-18 12:45:00,692.6,692.6,691.0,691.75,4133
2026-02-18 12:55:00,691.75,692.7,691.15,692.4,141
2026-02-18 13:05:00,691.8,693.85,691.8,692.95,1542
2026-02-18 13:15:00,692.95,696.2,692.6,696.2,5337
2026-02-18 13:25:00,696.2,696.75,694.5,694.8,2614
2026-02-18 13:35:00,694.8,695.0,693.35,694.2,1520
2026-02-18 13:45:00,694.2,699.5,694.2,698.1,16801
2026-02-18 13:55:00,698.1,698.75,696.45,697.85,6363
2026-02-18 14:05:00,697.85,697.85,696.0,696.35,2053
2026-02-18 14:15:00,696.25,697.0,695.2,696.65,4927
2026-02-18 14:25:00,696.15,696.9,696.0,696.0,2143
2026-02-18 14:35:00,696.0,697.1,695.0,695.45,4342
2026-02-18 14:45:00,695.45,696.0,693.05,693.35,5896
2026-02-18 14:55:00,693.35,694.7,693.35,694.0,2232
2026-02-18 15:05:00,694.0,695.7,693.0,693.0,5489
2026-02-18 15:15:00,693.0,694.0,693.0,693.5,4936
2026-02-18 15:25:00,693.5,693.5,691.15,691.65,5603
2026-02-19 09:15:00,695.15,695.2,687.9,694.3,11470
2026-02-19 09:25:00,693.9,706.25,692.35,697.05,58697
2026-02-19 09:35:00,697.05,697.2,695.3,695.3,7051
2026-02-19 09:45:00,695.15,696.4,694.05,695.0,4080
2026-02-19 09:55:00,695.4,695.4,692.45,693.45,4280
2026-02-19 10:05:00,693.45,694.65,692.1,692.85,1559
2026-02-19 10:15:00,692.85,693.5,691.25,691.85,3676
2026-02-19 10:25:00,691.85,691.85,690.6,691.8,4029
2026-02-19 10:35:00,691.8,692.1,689.3,690.05,7838
2026-02-19 10:45:00,690.05,694.6,690.05,693.5,4808
2026-02-19 10:55:00,693.5,693.8,690.5,692.6,5179
2026-02-19 11:05:00,692.6,692.6,690.9,692.05,1113
2026-02-19 11:15:00,692.05,692.4,691.0,692.4,879
2026-02-19 11:25:00,692.4,692.45,692.0,692.45,1209
2026-02-19 11:35:00,692.45,692.45,691.0,691.75,2824
2026-02-19 11:45:00,691.75,691.75,690.4,690.4,2289
2026-02-19 11:55:00,690.4,693.65,690.2,691.25,7626
2026-02-19 12:05:00,691.25,696.85,691.0,696.85,5078
2026-02-19 12:15:00,696.85,697.75,694.85,697.7,13592
2026-02-19 12:25:00,697.7,698.2,695.8,696.75,5824
2026-02-19 12:35:00,696.75,705.9,695.6,699.1,33507
2026-02-19 12:45:00,699.1,699.1,697.6,698.0,1883
2026-02-19 12:55:00,698.0,706.15,697.2,704.2,18231
2026-02-19 13:05:00,704.2,704.25,701.7,702.85,6340
2026-02-19 13:15:00,702.1,702.85,700.55,701.6,4023
2026-02-19 13:25:00,701.6,702.0,699.1,700.6,3579
2026-02-19 13:35:00,700.05,700.45,699.0,699.5,1630
2026-02-19 13:45:00,699.5,699.8,698.7,699.8,1051
2026-02-19 13:55:00,699.8,703.7,699.0,701.8,12547
2026-02-19 14:05:00,701.8,701.8,699.85,701.05,4895
2026-02-19 14:15:00,701.05,701.9,699.6,699.7,4040
2026-02-19 14:25:00,699.7,700.5,697.65,697.65,2935
2026-02-19 14:35:00,697.65,698.8,697.55,697.65,2089
2026-02-19 14:45:00,697.65,698.4,695.95,697.55,4760
2026-02-19 14:55:00,697.55,698.3,695.0,696.15,4498
2026-02-19 15:05:00,696.15,696.4,695.0,695.95,5408
2026-02-19 15:15:00,695.25,696.7,694.7,694.7,14415
2026-02-19 15:25:00,694.7,694.9,691.0,692.0,5645
2026-02-20 09:15:00,695.0,721.0,693.0,717.75,167408
2026-02-20 09:25:00,716.6,725.75,715.1,723.2,179676
2026-02-20 09:35:00,723.3,723.3,717.25,719.4,68255
2026-02-20 09:45:00,719.4,722.95,718.3,721.3,32474
2026-02-20 09:55:00,721.5,725.0,709.3,712.4,131302
2026-02-20 10:05:00,712.4,714.65,710.1,710.3,28413
2026-02-20 10:15:00,710.3,710.6,698.1,698.7,122975
2026-02-20 10:25:00,698.8,703.4,698.15,702.9,57543
2026-02-20 10:35:00,702.9,708.35,702.4,706.65,19093
2026-02-20 10:45:00,706.9,710.45,706.05,709.0,19584
2026-02-20 10:55:00,709.0,709.55,707.0,708.1,19869
2026-02-20 11:05:00,707.45,712.0,706.1,710.7,25073
2026-02-20 11:15:00,710.15,714.0,710.15,712.85,25870
2026-02-20 11:25:00,713.35,713.8,711.5,712.75,9003
2026-02-20 11:35:00,712.85,713.15,710.1,710.75,5958
2026-02-20 11:45:00,710.5,712.05,710.25,710.45,5855
2026-02-20 11:55:00,710.45,717.9,710.15,716.05,45110
2026-02-20 12:05:00,716.3,719.7,715.75,719.55,28033
2026-02-20 12:15:00,719.55,722.0,718.65,718.8,25473
2026-02-20 12:25:00,718.8,719.0,715.6,719.0,27527
2026-02-20 12:35:00,719.0,719.4,717.55,717.55,5663
2026-02-20 12:45:00,717.55,718.5,716.25,718.05,7166
2026-02-20 12:55:00,718.05,720.5,718.05,718.8,10474
2026-02-20 13:05:00,718.8,719.35,709.65,713.15,25034
2026-02-20 13:15:00,713.15,714.0,711.25,712.35,9789
2026-02-20 13:25:00,712.2,716.4,711.85,715.55,9004
2026-02-20 13:35:00,715.55,716.4,715.0,716.3,2594
2026-02-20 13:45:00,716.3,719.6,715.8,718.8,9167
2026-02-20 13:55:00,718.8,719.9,717.4,719.9,12498
2026-02-20 14:05:00,719.9,720.0,718.15,719.45,8184
2026-02-20 14:15:00,719.55,722.0,719.3,721.05,16947
2026-02-20 14:25:00,721.3,721.85,720.0,721.0,9194
2026-02-20 14:35:00,721.1,722.8,720.45,721.7,19218
2026-02-20 14:45:00,721.7,724.0,721.15,723.9,27812
2026-02-20 14:55:00,722.95,723.9,718.4,719.6,22829
2026-02-20 15:05:00,719.3,721.15,718.5,720.0,24186
2026-02-20 15:15:00,719.75,721.05,718.2,720.0,46612
2026-02-20 15:25:00,720.0,724.9,718.25,723.9,42061
2026-02-23 09:15:00,727.4,728.8,716.95,720.35,61864
2026-02-23 09:25:00,720.35,723.15,718.8,719.25,14465
2026-02-23 09:35:00,719.25,719.75,717.2,717.3,9189
2026-02-23 09:45:00,717.3,719.85,716.6,716.6,7506
2026-02-23 09:55:00,716.6,718.95,715.1,716.65,9398
2026-02-23 10:05:00,716.9,724.0,716.9,719.15,13378
2026-02-23 10:15:00,719.15,723.75,719.15,723.75,14722
2026-02-23 10:25:00,723.75,728.6,723.3,728.35,25980
2026-02-23 10:35:00,728.0,728.6,723.15,723.8,13548
2026-02-23 10:45:00,723.8,726.25,722.7,725.9,9161
2026-02-23 10:55:00,725.9,726.0,724.25,725.2,4368
2026-02-23 11:05:00,725.2,728.65,725.05,728.55,15946
2026-02-23 11:15:00,728.05,728.25,726.0,728.2,5297
2026-02-23 11:25:00,728.2,729.0,726.2,726.8,8021
2026-02-23 11:35:00,726.8,726.8,724.5,724.7,3115
2026-02-23 11:45:00,724.7,725.35,723.95,725.35,2656
2026-02-23 11:55:00,725.35,725.9,724.5,724.55,4683
2026-02-23 12:05:00,725.2,725.55,722.45,723.2,7931
2026-02-23 12:15:00,723.2,725.95,723.2,725.65,3826
2026-02-23 12:25:00,725.65,726.0,725.2,725.85,2843
2026-02-23 12:35:00,725.85,726.5,725.1,726.0,2270
2026-02-23 12:45:00,725.1,727.5,725.1,727.5,4909
2026-02-23 12:55:00,727.5,727.85,725.25,726.6,3634
2026-02-23 13:05:00,726.6,727.0,722.15,726.8,10400
2026-02-23 13:15:00,726.8,727.8,724.0,724.6,4348
2026-02-23 13:25:00,724.6,725.35,724.0,725.1,1574
2026-02-23 13:35:00,724.15,725.5,723.75,725.15,2185
2026-02-23 13:45:00,725.1,725.7,722.35,723.3,5620
2026-02-23 13:55:00,723.3,724.2,722.2,722.65,5078
2026-02-23 14:05:00,722.65,723.9,722.2,723.1,3166
2026-02-23 14:15:00,723.1,723.1,721.4,722.1,4089
2026-02-23 14:25:00,722.1,724.5,721.25,724.3,5995
2026-02-23 14:35:00,724.35,724.4,722.85,723.6,1889
2026-02-23 14:45:00,723.8,725.45,722.45,723.05,7068
2026-02-23 14:55:00,723.45,724.0,721.6,723.7,5180
2026-02-23 15:05:00,723.7,724.4,723.0,723.55,9203
2026-02-23 15:15:00,723.55,724.0,721.3,723.85,11545
2026-02-23 15:25:00,723.85,723.95,722.05,723.75,13648
2026-02-24 09:15:00,723.0,723.0,713.8,716.45,22831
2026-02-24 09:25:00,716.45,716.45,707.55,710.1,35727
2026-02-24 09:35:00,709.5,712.7,709.4,711.6,13166
2026-02-24 09:45:00,711.3,714.2,711.2,713.65,6041
2026-02-24 09:55:00,713.65,714.65,712.0,713.0,5868
2026-02-24 10:05:00,713.85,714.35,712.35,713.8,2241
2026-02-24 10:15:00,713.8,713.9,709.55,711.65,6741
2026-02-24 10:25:00,711.65,712.6,710.85,712.0,6720
2026-02-24 10:35:00,712.0,715.0,712.0,713.7,3255
2026-02-24 10:45:00,713.65,713.65,710.1,710.75,5521
2026-02-24 10:55:00,710.75,711.0,705.25,707.75,18058
2026-02-24 11:05:00,708.0,710.4,707.7,710.0,3335
2026-02-24 11:15:00,709.8,710.05,709.15,709.6,2359
2026-02-24 11:25:00,709.6,710.0,708.2,708.2,3316
2026-02-24 11:35:00,708.2,709.8,704.1,705.0,8286
2026-02-24 11:45:00,705.0,706.45,703.7,705.7,4078
2026-02-24 11:55:00,705.95,705.95,704.55,705.75,4427
2026-02-24 12:05:00,705.75,707.0,705.35,706.2,4845
2026-02-24 12:15:00,706.2,707.5,706.0,706.85,2315
2026-02-24 12:25:00,706.85,707.1,706.0,707.1,1801
2026-02-24 12:35:00,707.1,708.2,707.0,707.1,1398
2026-02-24 12:45:00,707.1,707.1,704.1,704.1,6392
2026-02-24 12:55:00,704.1,706.0,703.7,706.0,4802
2026-02-24 13:05:00,706.0,706.9,705.2,706.85,1364
2026-02-24 13:15:00,706.85,706.85,704.25,704.75,2103
2026-02-24 13:25:00,704.7,704.95,704.0,704.55,2715
2026-02-24 13:35:00,704.55,705.2,703.1,704.5,1870
2026-02-24 13:45:00,704.5,705.0,703.05,704.1,1327
2026-02-24 13:55:00,704.0,706.0,704.0,704.7,2289
2026-02-24 14:05:00,704.7,705.6,703.75,705.6,2118
2026-02-24 14:15:00,705.6,707.9,705.0,705.25,6926
2026-02-24 14:25:00,705.25,707.45,705.25,705.8,3106
2026-02-24 14:35:00,705.9,707.4,705.9,706.6,1967
2026-02-24 14:45:00,706.75,707.05,705.25,706.2,2972
2026-02-24 14:55:00,706.3,707.45,705.05,706.05,9167
2026-02-24 15:05:00,706.05,706.8,703.0,704.0,26607
2026-02-24 15:15:00,704.0,704.85,701.0,704.15,12585
2026-02-24 15:25:00,704.15,705.3,701.0,701.0,8362
2026-02-25 09:15:00,705.6,712.1,702.8,707.1,19113
2026-02-25 09:25:00,707.1,710.0,704.7,706.3,9551
2026-02-25 09:35:00,705.65,706.2,703.5,705.75,4656
2026-02-25 09:45:00,705.6,711.7,704.0,709.1,8488
2026-02-25 09:55:00,709.1,709.85,706.95,708.4,4003
2026-02-25 10:05:00,708.4,709.65,706.1,707.4,7622
2026-02-25 10:15:00,707.4,709.25,707.3,707.3,1741
2026-02-25 10:25:00,707.3,707.5,706.0,706.0,769
2026-02-25 10:35:00,706.0,706.5,705.6,705.6,1235
2026-02-25 10:45:00,705.6,706.45,703.5,704.05,5229
2026-02-25 10:55:00,704.05,705.0,703.7,704.4,4420
2026-02-25 11:05:00,704.4,705.5,704.1,704.1,3536
2026-02-25 11:15:00,704.1,705.35,704.1,704.65,1243
2026-02-25 11:25:00,704.65,705.2,703.9,704.7,2033
2026-02-25 11:35:00,704.7,705.45,703.2,704.0,5665
2026-02-25 11:45:00,703.35,708.8,703.25,707.9,10640
2026-02-25 11:55:00,707.9,708.9,707.0,708.9,2731
2026-02-25 12:05:00,708.9,712.45,701.0,701.85,30788
2026-02-25 12:15:00,701.75,703.45,701.75,703.0,8786
2026-02-25 12:25:00,702.4,703.65,701.1,701.1,5475
2026-02-25 12:35:00,701.2,701.95,699.0,701.0,12521
2026-02-25 12:45:00,701.0,701.0,698.4,699.0,4115
2026-02-25 12:55:00,699.0,699.15,695.35,695.85,12061
2026-02-25 13:05:00,695.85,697.85,695.0,696.45,5100
2026-02-25 13:15:00,696.0,697.5,695.6,696.15,6921
2026-02-25 13:25:00,696.15,696.4,695.0,695.05,4731
2026-02-25 13:35:00,695.05,695.9,692.9,693.35,6904
2026-02-25 13:45:00,693.85,695.0,692.5,694.05,6186
2026-02-25 13:55:00,694.0,694.2,693.0,693.65,3376
2026-02-25 14:05:00,693.65,694.3,692.65,694.15,3429
2026-02-25 14:15:00,694.15,695.6,693.8,694.8,7140
2026-02-25 14:25:00,694.8,696.45,694.1,695.65,7545
2026-02-25 14:35:00,695.65,697.0,694.0,694.45,3914
2026-02-25 14:45:00,694.45,695.0,693.9,694.8,4399
2026-02-25 14:55:00,694.85,695.15,693.55,695.0,4681
2026-02-25 15:05:00,695.0,696.4,694.55,695.9,8859
2026-02-25 15:15:00,695.9,701.5,695.4,700.8,17083
2026-02-25 15:25:00,700.8,701.95,696.2,699.9,7109
2026-02-26 09:15:00,695.0,701.6,695.0,699.05,14996
2026-02-26 09:25:00,699.05,699.05,693.35,696.3,4386
2026-02-26 09:35:00,696.35,699.0,696.35,697.55,2815
2026-02-26 09:45:00,698.1,702.15,697.55,700.45,7461
2026-02-26 09:55:00,700.45,701.95,700.15,701.45,2441
2026-02-26 10:05:00,701.45,704.7,700.65,702.45,5469
2026-02-26 10:15:00,702.8,702.8,701.45,701.9,1614
2026-02-26 10:25:00,701.9,702.55,701.65,701.95,683
2026-02-26 10:35:00,701.95,703.0,701.8,702.3,1077
2026-02-26 10:45:00,702.5,703.3,701.75,702.35,1991
2026-02-26 10:55:00,702.35,703.5,702.25,703.0,1812
2026-02-26 11:05:00,703.0,703.45,702.6,703.35,1472
2026-02-26 11:15:00,703.35,703.5,703.35,703.35,325
2026-02-26 11:25:00,703.2,703.55,698.05,698.15,14090
2026-02-26 11:35:00,698.15,698.15,694.55,695.65,5090
2026-02-26 11:45:00,695.65,697.8,694.55,695.9,1339
2026-02-26 11:55:00,696.0,696.7,693.75,695.7,2284
2026-02-26 12:05:00,695.7,696.9,695.45,695.95,2401
2026-02-26 12:15:00,695.95,696.0,694.0,694.7,1683
2026-02-26 12:25:00,694.0,696.95,693.15,696.25,4533
2026-02-26 12:35:00,696.25,696.25,694.8,696.0,1367
2026-02-26 12:45:00,696.0,696.35,695.4,696.3,581
2026-02-26 12:55:00,696.3,696.5,694.5,696.5,936
2026-02-26 13:05:00,696.5,703.1,696.45,700.0,7742
2026-02-26 13:15:00,700.0,702.0,699.8,701.15,2734
2026-02-26 13:25:00,701.15,703.0,700.75,700.75,1990
2026-02-26 13:35:00,700.55,703.5,700.55,702.15,2389
2026-02-26 13:45:00,702.0,704.05,702.0,703.25,2996
2026-02-26 13:55:00,703.15,703.15,700.3,700.3,1607
2026-02-26 14:05:00,700.3,701.05,699.8,700.9,1569
2026-02-26 14:15:00,700.9,700.9,699.0,699.25,537
2026-02-26 14:25:00,699.25,700.0,699.0,699.3,4239
2026-02-26 14:35:00,699.3,701.95,698.9,701.0,9540
2026-02-26 14:45:00,701.0,701.0,695.1,696.9,9222
2026-02-26 14:55:00,696.9,697.6,695.9,697.0,2478
2026-02-26 15:05:00,697.0,698.3,695.6,695.8,6587
2026-02-26 15:15:00,695.6,701.3,695.1,701.3,13080
2026-02-26 15:25:00,701.3,701.8,695.25,697.25,8350
2026-02-27 09:15:00,695.0,711.5,695.0,708.65,51209
2026-02-27 09:25:00,709.2,709.2,702.0,702.0,9530
2026-02-27 09:35:00,701.2,713.8,700.6,712.6,15507
2026-02-27 09:45:00,713.15,718.2,712.05,717.05,42989
2026-02-27 09:55:00,717.05,720.85,717.05,720.0,27794
2026-02-27 10:05:00,719.4,720.45,717.0,719.2,14074
2026-02-27 10:15:00,719.2,722.0,717.5,720.25,19466
2026-02-27 10:25:00,720.25,723.5,718.3,720.9,66076
2026-02-27 10:35:00,720.9,723.5,720.0,722.0,24193
2026-02-27 10:45:00,721.5,723.7,720.6,721.0,17831
2026-02-27 10:55:00,721.0,722.9,720.0,722.65,12162
2026-02-27 11:05:00,722.65,723.45,722.25,723.05,12869
2026-02-27 11:15:00,723.2,723.45,722.3,723.2,9119
2026-02-27 11:25:00,723.2,724.45,720.0,720.5,24503
2026-02-27 11:35:00,720.5,723.0,720.2,722.4,12105
2026-02-27 11:45:00,722.4,723.7,721.7,721.7,8006
2026-02-27 11:55:00,721.4,722.65,721.15,722.35,4405
2026-02-27 12:05:00,721.95,722.25,721.4,721.7,3070
2026-02-27 12:15:00,721.7,721.8,717.4,719.55,22089
2026-02-27 12:25:00,719.05,719.55,716.5,717.25,8044
2026-02-27 12:35:00,717.25,717.4,715.2,716.6,8241
2026-02-27 12:45:00,716.6,717.0,711.6,712.1,14704
2026-02-27 12:55:00,712.2,713.3,710.2,713.3,14403
2026-02-27 13:05:00,713.3,715.45,713.15,713.7,8589
2026-02-27 13:15:00,714.1,715.35,713.8,715.35,4983
2026-02-27 13:25:00,715.35,716.4,714.9,715.5,4655
2026-02-27 13:35:00,715.5,716.45,715.0,715.2,5380
2026-02-27 13:45:00,715.3,715.95,715.0,715.15,3359
2026-02-27 13:55:00,715.35,715.85,715.2,715.35,7029
2026-02-27 14:05:00,715.35,715.7,712.1,713.4,7864
2026-02-27 14:15:00,713.4,714.45,713.4,713.6,3746
2026-02-27 14:25:00,713.6,715.35,713.3,715.1,5492
2026-02-27 14:35:00,715.1,717.8,715.05,717.45,5506
2026-02-27 14:45:00,717.45,720.0,715.8,717.2,14131
2026-02-27 14:55:00,717.75,718.5,712.2,712.25,19645
2026-02-27 15:05:00,712.8,712.8,706.5,708.25,32892
2026-02-27 15:15:00,708.55,710.45,706.55,710.45,30616
2026-02-27 15:25:00,710.75,712.95,708.95,709.05,12262
2026-03-02 09:15:00,687.0,700.7,681.1,691.25,53137
2026-03-02 09:25:00,692.4,695.9,690.9,695.9,18608
2026-03-02 09:35:00,695.9,706.0,694.7,703.55,38261
2026-03-02 09:45:00,703.1,704.2,702.0,703.55,11711
2026-03-02 09:55:00,703.55,703.85,698.85,698.85,10325
2026-03-02 10:05:00,698.85,699.55,695.75,697.4,7299
2026-03-02 10:15:00,697.45,697.65,695.5,696.75,6124
2026-03-02 10:25:00,696.75,696.75,694.0,695.3,3074
2026-03-02 10:35:00,695.3,695.3,693.35,694.0,2816
2026-03-02 10:45:00,694.0,694.15,688.0,688.35,33909
2026-03-02 10:55:00,694.15,696.35,694.1,695.9,7058
2026-03-02 11:05:00,695.9,696.0,693.1,694.15,2933
2026-03-02 11:15:00,694.15,694.5,691.65,694.15,7221
2026-03-02 11:25:00,694.05,694.4,690.75,691.15,4492
2026-03-02 11:35:00,691.15,691.8,690.05,690.8,1795
2026-03-02 11:45:00,691.5,692.0,690.0,690.0,4501
2026-03-02 11:55:00,690.0,690.1,686.5,687.0,8499
2026-03-02 12:05:00,687.05,687.45,685.15,685.4,8676
2026-03-02 12:15:00,685.4,686.4,685.0,685.3,2982
2026-03-02 12:25:00,685.3,686.9,681.8,683.3,24388
2026-03-02 12:35:00,683.3,684.55,677.6,678.0,14577
2026-03-02 12:45:00,678.0,679.3,677.15,678.0,12130
2026-03-02 12:55:00,678.7,679.15,677.0,677.0,7093
2026-03-02 13:05:00,677.0,678.6,675.0,676.8,32590
2026-03-02 13:15:00,676.8,677.6,675.0,676.6,7493
2026-03-02 13:25:00,676.6,677.75,673.0,673.5,22131
2026-03-02 13:35:00,673.1,675.0,671.9,672.8,12179
2026-03-02 13:45:00,673.45,674.25,671.05,673.0,16775
2026-03-02 13:55:00,673.0,679.8,671.6,678.7,8145
2026-03-02 14:05:00,678.7,683.0,678.6,682.25,12020
2026-03-02 14:15:00,682.25,682.6,680.6,680.95,9669
2026-03-02 14:25:00,680.95,681.95,677.7,681.95,6053
2026-03-02 14:35:00,681.95,683.85,681.0,682.7,6983
2026-03-02 14:45:00,682.7,683.5,681.05,682.6,7997
2026-03-02 14:55:00,682.6,683.4,681.2,683.0,11975
2026-03-02 15:05:00,683.0,683.95,679.05,679.95,18699
2026-03-02 15:15:00,679.95,683.45,678.0,681.65,32846
2026-03-02 15:25:00,681.4,683.95,680.5,683.95,13114
2026-03-04 09:15:00,669.0,669.6,660.05,663.0,57578
2026-03-04 09:25:00,662.8,664.15,658.3,662.2,30403
2026-03-04 09:35:00,661.5,666.0,661.0,665.45,22022
2026-03-04 09:45:00,666.0,673.65,664.0,672.55,38102
2026-03-04 09:55:00,672.55,686.3,672.55,684.85,44239
2026-03-04 10:05:00,684.95,688.0,684.5,687.35,21149
2026-03-04 10:15:00,687.5,688.3,685.25,687.45,14789
2026-03-04 10:25:00,687.45,687.9,685.8,685.85,5168
2026-03-04 10:35:00,686.15,686.25,682.85,683.6,9559
2026-03-04 10:45:00,683.6,686.8,683.5,685.5,11256
2026-03-04 10:55:00,685.5,685.5,682.0,684.65,7874
2026-03-04 11:05:00,684.65,685.95,683.85,684.2,2693
2026-03-04 11:15:00,684.2,684.45,679.7,680.0,6375
2026-03-04 11:25:00,680.0,680.0,676.4,677.15,8790
2026-03-04 11:35:00,677.15,678.25,676.1,676.8,5134
2026-03-04 11:45:00,676.8,679.75,676.3,678.15,5968
2026-03-04 11:55:00,678.15,679.35,677.65,679.35,3039
2026-03-04 12:05:00,679.35,679.5,677.5,677.9,3499
2026-03-04 12:15:00,677.8,680.2,677.0,679.35,7493
2026-03-04 12:25:00,679.35,679.45,675.05,676.6,9187
2026-03-04 12:35:00,675.9,676.6,668.45,672.6,26203
2026-03-04 12:45:00,672.6,674.55,671.2,671.55,6971
2026-03-04 12:55:00,671.5,672.3,668.95,669.0,35162
2026-03-04 13:05:00,669.0,669.9,663.1,663.8,37543
2026-03-04 13:15:00,663.9,665.6,662.45,665.55,15310
2026-03-04 13:25:00,665.55,667.0,663.4,664.5,7187
2026-03-04 13:35:00,664.5,667.9,663.6,665.15,13385
2026-03-04 13:45:00,665.15,665.15,662.1,662.5,6586
2026-03-04 13:55:00,661.7,662.05,658.2,660.85,15183
2026-03-04 14:05:00,660.85,665.5,659.0,665.0,32200
2026-03-04 14:15:00,665.0,667.9,663.6,664.8,9626
2026-03-04 14:25:00,664.8,670.0,663.85,667.75,21781
2026-03-04 14:35:00,668.05,673.25,667.65,671.35,28643
2026-03-04 14:45:00,671.35,671.35,667.2,668.5,8634
2026-03-04 14:55:00,668.5,669.6,662.5,663.25,16566
2026-03-04 15:05:00,662.5,664.15,662.0,663.25,23894
2026-03-04 15:15:00,663.0,665.05,655.0,662.7,51680
2026-03-04 15:25:00,662.9,666.35,658.1,663.85,19945
2026-03-05 09:15:00,670.0,672.95,659.85,669.75,45485
2026-03-05 09:25:00,669.9,669.9,662.2,662.2,11397
2026-03-05 09:35:00,662.2,662.8,655.0,659.6,16297
2026-03-05 09:45:00,659.9,663.0,658.95,662.85,7445
2026-03-05 09:55:00,662.0,663.6,660.25,662.8,5529
2026-03-05 10:05:00,662.15,663.0,658.25,658.9,8418
2026-03-05 10:15:00,658.85,659.8,656.3,656.5,7081
2026-03-05 10:25:00,656.5,657.9,650.55,652.75,28309
2026-03-05 10:35:00,652.75,655.15,649.0,650.0,31611
2026-03-05 10:45:00,650.0,653.3,648.8,652.65,12141
2026-03-05 10:55:00,652.65,655.65,651.0,652.2,18401
2026-03-05 11:05:00,652.2,653.1,651.8,652.9,4989
2026-03-05 11:15:00,652.05,652.9,651.65,652.8,6619
2026-03-05 11:25:00,652.8,652.9,646.25,648.05,21463
2026-03-05 11:35:00,648.05,649.0,645.25,645.6,10006
2026-03-05 11:45:00,645.7,645.8,642.5,642.6,13022
2026-03-05 11:55:00,643.0,644.0,642.65,643.7,9673
2026-03-05 12:05:00,644.05,646.0,643.2,646.0,8275
2026-03-05 12:15:00,646.0,646.65,645.4,645.8,7002
2026-03-05 12:25:00,645.8,647.0,645.3,646.65,7504
2026-03-05 12:35:00,646.65,646.65,644.05,645.35,7688
2026-03-05 12:45:00,645.35,646.55,644.5,646.45,3076
2026-03-05 12:55:00,646.45,648.8,645.55,646.7,12840
2026-03-05 13:05:00,646.7,647.25,643.15,644.0,6604
2026-03-05 13:15:00,644.0,644.75,643.1,643.6,5661
2026-03-05 13:25:00,643.6,645.05,642.0,642.65,7680
2026-03-05 13:35:00,642.65,644.7,642.6,642.6,7491
2026-03-05 13:45:00,642.6,643.95,640.7,640.7,12180
2026-03-05 13:55:00,640.7,641.85,638.55,640.45,8995
2026-03-05 14:05:00,640.45,640.9,638.35,638.95,8467
2026-03-05 14:15:00,638.95,640.1,637.2,640.0,9041
2026-03-05 14:25:00,640.0,640.8,638.0,639.45,11230
2026-03-05 14:35:00,639.45,643.85,638.65,642.35,12664
2026-03-05 14:45:00,642.35,655.25,642.35,653.0,64170
2026-03-05 14:55:00,653.0,654.4,649.2,652.35,29544
2026-03-05 15:05:00,652.35,654.9,652.0,652.8,21119
2026-03-05 15:15:00,651.55,654.0,650.4,653.45,17215
2026-03-05 15:25:00,653.0,654.0,645.5,652.0,8246
2026-03-06 09:15:00,649.5,658.85,647.7,656.7,22695
2026-03-06 09:25:00,656.7,658.0,654.95,654.95,12136
2026-03-06 09:35:00,654.95,655.15,652.8,654.6,5764
2026-03-06 09:45:00,654.6,655.9,654.45,654.45,4931
2026-03-06 09:55:00,654.45,655.25,653.0,653.6,1580
2026-03-06 10:05:00,653.6,657.95,653.6,657.0,3182
2026-03-06 10:15:00,657.0,658.2,656.25,657.25,1837
2026-03-06 10:25:00,657.25,657.6,651.85,651.85,4150
2026-03-06 10:35:00,651.85,652.35,650.5,652.35,3901
2026-03-06 10:45:00,652.4,655.65,650.85,655.4,9690
2026-03-06 10:55:00,655.4,655.85,652.1,653.7,4622
2026-03-06 11:05:00,653.7,654.1,652.6,653.2,1348
2026-03-06 11:15:00,653.2,653.55,652.0,652.85,3666
2026-03-06 11:25:00,652.85,653.45,652.3,653.45,1743
2026-03-06 11:35:00,653.45,654.6,653.05,653.3,5661
2026-03-06 11:45:00,653.3,654.85,653.0,654.05,2413
2026-03-06 11:55:00,654.05,656.3,653.55,656.0,2440
2026-03-06 12:05:00,656.0,658.1,654.95,657.85,9305
2026-03-06 12:15:00,657.85,657.85,656.85,656.85,1999
2026-03-06 12:25:00,657.3,657.6,656.6,657.4,2663
2026-03-06 12:35:00,657.4,657.45,654.0,655.0,4220
2026-03-06 12:45:00,655.0,655.0,653.3,655.0,1957
2026-03-06 12:55:00,655.0,656.0,654.4,655.75,1608
2026-03-06 13:05:00,655.85,656.15,653.25,653.95,1945
2026-03-06 13:15:00,653.95,655.6,653.65,654.3,3801
2026-03-06 13:25:00,654.8,655.0,653.5,654.1,1937
2026-03-06 13:35:00,654.1,654.9,653.0,654.3,2299
2026-03-06 13:45:00,654.0,656.2,653.05,655.6,5869
2026-03-06 13:55:00,655.6,655.7,653.1,654.15,2274
2026-03-06 14:05:00,654.15,654.15,650.0,652.15,9789
2026-03-06 14:15:00,652.15,652.9,651.95,652.35,892
2026-03-06 14:25:00,652.75,653.45,652.35,653.45,1877
2026-03-06 14:35:00,653.45,653.6,650.25,650.75,2345
2026-03-06 14:45:00,650.75,651.4,649.05,650.25,2452
2026-03-06 14:55:00,650.25,650.5,648.25,648.85,4920
2026-03-06 15:05:00,648.85,649.4,646.8,648.4,3985
2026-03-06 15:15:00,647.5,648.6,646.0,648.5,16843
2026-03-06 15:25:00,648.5,648.6,646.45,647.0,12336
2026-03-09 09:15:00,627.5,637.2,624.8,632.05,37882
2026-03-09 09:25:00,632.1,644.45,631.0,639.75,40591
2026-03-09 09:35:00,639.8,646.85,638.3,643.5,25799
2026-03-09 09:45:00,643.5,649.8,642.3,647.6,23856
2026-03-09 09:55:00,647.6,653.6,647.35,652.8,28147
2026-03-09 10:05:00,653.1,659.1,652.3,657.5,34939
2026-03-09 10:15:00,657.5,658.65,654.5,655.45,13907
2026-03-09 10:25:00,655.45,662.0,654.5,655.8,31065
2026-03-09 10:35:00,655.75,656.85,653.0,655.85,14829
2026-03-09 10:45:00,655.85,656.15,647.55,650.55,22011
2026-03-09 10:55:00,651.0,657.35,650.65,654.55,11575
2026-03-09 11:05:00,654.8,660.8,652.95,659.9,13991
2026-03-09 11:15:00,659.5,661.85,657.75,661.85,11987
2026-03-09 11:25:00,662.0,665.0,660.1,664.0,30034
2026-03-09 11:35:00,664.3,664.9,659.0,661.8,23550
2026-03-09 11:45:00,661.7,663.7,659.55,662.85,5341
2026-03-09 11:55:00,662.85,663.0,659.05,659.6,9355
2026-03-09 12:05:00,659.6,660.15,657.4,659.0,13450
2026-03-09 12:15:00,658.9,659.7,658.05,659.55,5414
2026-03-09 12:25:00,659.55,662.55,659.0,661.65,6957
2026-03-09 12:35:00,661.7,663.85,661.2,663.6,5416
2026-03-09 12:45:00,663.65,663.9,661.55,662.9,5959
2026-03-09 12:55:00,662.9,665.0,661.15,661.4,7967
2026-03-09 13:05:00,661.4,663.55,660.95,661.95,7384
2026-03-09 13:15:00,662.55,663.55,660.5,662.75,7194
2026-03-09 13:25:00,662.75,665.85,661.5,664.85,10812
2026-03-09 13:35:00,664.85,665.35,662.95,665.2,5032
2026-03-09 13:45:00,665.0,666.9,663.8,666.25,7138
2026-03-09 13:55:00,666.25,666.5,664.05,664.5,3829
2026-03-09 14:05:00,664.5,665.1,662.2,663.0,5475
2026-03-09 14:15:00,663.0,663.8,661.1,662.45,4342
2026-03-09 14:25:00,662.8,664.0,662.0,662.55,3755
2026-03-09 14:35:00,662.75,664.55,662.55,664.3,4757
2026-03-09 14:45:00,664.0,666.0,663.25,664.7,10493
2026-03-09 14:55:00,664.85,664.85,662.1,664.1,15600
2026-03-09 15:05:00,664.1,664.8,662.95,663.65,11094
2026-03-09 15:15:00,664.05,667.6,663.6,667.5,24583
2026-03-09 15:25:00,666.95,668.75,664.3,666.5,8725
2026-03-10 09:15:00,669.35,681.8,668.3,678.6,33316
2026-03-10 09:25:00,678.6,685.6,677.5,683.25,40437
2026-03-10 09:35:00,683.2,683.95,678.1,682.45,18476
2026-03-10 09:45:00,682.45,683.5,680.0,680.0,9303
2026-03-10 09:55:00,680.45,681.7,679.15,680.85,6281
2026-03-10 10:05:00,680.85,682.2,680.1,682.2,2060
2026-03-10 10:15:00,682.2,686.45,681.8,686.45,19771
2026-03-10 10:25:00,686.45,687.25,684.0,684.0,6881
2026-03-10 10:35:00,684.0,684.75,683.0,683.55,4942
2026-03-10 10:45:00,683.55,685.0,681.5,682.3,7986
2026-03-10 10:55:00,682.3,683.85,680.05,682.2,17087
2026-03-10 11:05:00,682.2,683.35,681.5,682.45,3766
2026-03-10 11:15:00,682.45,683.35,681.6,683.0,2250
2026-03-10 11:25:00,683.0,683.7,681.2,682.5,4667
2026-03-10 11:35:00,682.5,683.3,682.5,683.0,978
2026-03-10 11:45:00,681.7,682.35,680.0,680.6,4424
2026-03-10 11:55:00,681.05,682.25,680.25,682.25,2386
2026-03-10 12:05:00,682.25,682.75,681.25,682.15,1817
2026-03-10 12:15:00,682.15,682.15,681.0,681.0,2740
2026-03-10 12:25:00,681.0,683.45,681.0,682.85,1334
2026-03-10 12:35:00,682.85,683.4,682.15,683.0,1906
2026-03-10 12:45:00,683.05,683.5,682.4,683.0,1392
2026-03-10 12:55:00,683.0,684.85,683.0,684.85,2176
2026-03-10 13:05:00,684.85,685.0,684.05,684.8,3949
2026-03-10 13:15:00,684.85,686.8,684.1,685.55,5219
2026-03-10 13:25:00,685.6,686.8,685.6,686.6,3617
2026-03-10 13:35:00,686.6,686.9,685.75,686.45,1624
2026-03-10 13:45:00,686.45,686.5,682.65,684.25,8682
2026-03-10 13:55:00,684.3,685.0,682.0,685.0,6371
2026-03-10 14:05:00,685.75,686.5,684.45,684.7,3471
2026-03-10 14:15:00,685.0,686.15,684.1,684.45,9256
2026-03-10 14:25:00,684.4,684.95,683.1,683.1,1815
2026-03-10 14:35:00,683.1,684.3,682.35,683.2,6822
2026-03-10 14:45:00,683.2,684.85,682.7,684.2,1627
2026-03-10 14:55:00,684.2,684.2,681.4,681.4,10904
2026-03-10 15:05:00,681.4,682.0,680.0,680.0,9379
2026-03-10 15:15:00,680.0,683.0,680.0,681.95,7429
2026-03-10 15:25:00,681.85,682.4,681.0,681.0,9905
2026-03-11 09:15:00,681.4,687.5,680.0,684.75,9369
2026-03-11 09:25:00,684.75,687.05,683.15,684.2,6793
2026-03-11 09:35:00,684.2,684.2,682.0,683.7,2046
2026-03-11 09:45:00,683.7,687.9,683.65,685.85,6983
2026-03-11 09:55:00,685.5,685.9,684.1,685.15,3099
2026-03-11 10:05:00,685.15,688.0,684.8,688.0,4922
2026-03-11 10:15:00,688.0,693.0,687.0,692.15,23591
2026-03-11 10:25:00,691.5,692.8,690.4,690.85,12776
2026-03-11 10:35:00,690.4,691.65,689.45,689.6,7410
2026-03-11 10:45:00,689.6,691.5,689.05,690.85,9366
2026-03-11 10:55:00,691.35,704.5,691.35,703.3,65937
2026-03-11 11:05:00,702.95,704.25,698.05,698.75,21350
2026-03-11 11:15:00,698.75,700.7,696.0,696.35,21045
2026-03-11 11:25:00,696.95,697.7,695.65,696.0,4290
2026-03-11 11:35:00,696.0,698.3,695.7,697.3,11396
2026-03-11 11:45:00,697.7,697.7,692.8,693.75,5670
2026-03-11 11:55:00,693.75,696.8,693.05,696.65,3360
2026-03-11 12:05:00,696.65,697.9,695.35,696.6,3508
2026-03-11 12:15:00,696.6,698.0,696.0,697.8,4305
2026-03-11 12:25:00,697.8,698.9,697.1,698.2,3491
2026-03-11 12:35:00,698.2,698.4,696.65,697.55,4121
2026-03-11 12:45:00,697.55,697.8,695.85,696.4,6273
2026-03-11 12:55:00,696.4,696.5,694.85,696.5,8871
2026-03-11 13:05:00,696.5,697.55,694.0,694.15,2127
2026-03-11 13:15:00,694.75,694.85,693.0,694.85,3052
2026-03-11 13:25:00,694.85,697.5,694.7,695.8,2946
2026-03-11 13:35:00,695.8,696.65,694.95,694.95,3458
2026-03-11 13:45:00,694.95,697.5,694.75,697.1,2224
2026-03-11 13:55:00,697.1,707.0,696.5,703.6,45108
2026-03-11 14:05:00,703.5,704.95,700.1,701.5,9796
2026-03-11 14:15:00,701.0,702.6,698.1,698.1,12144
2026-03-11 14:25:00,698.65,700.8,698.1,699.95,6039
2026-03-11 14:35:00,700.4,700.4,698.0,699.05,4689
2026-03-11 14:45:00,699.05,702.0,698.0,698.85,13356
2026-03-11 14:55:00,698.85,701.0,697.5,700.85,10771
2026-03-11 15:05:00,700.55,701.0,698.8,699.85,9057
2026-03-11 15:15:00,698.8,699.85,697.5,699.25,15960
2026-03-11 15:25:00,699.25,699.45,697.1,697.15,5609
2026-03-12 09:15:00,699.0,699.0,680.5,685.7,28081
2026-03-12 09:25:00,685.7,686.8,679.05,682.0,18934
2026-03-12 09:35:00,682.5,682.55,680.65,681.3,2789
2026-03-12 09:45:00,681.0,682.2,678.05,682.15,13330
2026-03-12 09:55:00,682.15,685.8,680.3,685.5,5138
2026-03-12 10:05:00,684.25,684.95,679.5,680.2,8280
2026-03-12 10:15:00,680.2,686.55,678.1,684.8,9627
2026-03-12 10:25:00,684.8,687.95,684.4,687.55,6306
2026-03-12 10:35:00,687.5,687.9,680.5,680.5,29068
2026-03-12 10:45:00,680.5,682.6,680.5,681.15,5820
2026-03-12 10:55:00,681.15,684.35,680.9,681.8,17932
2026-03-12 11:05:00,681.8,681.85,676.05,678.25,35185
2026-03-12 11:15:00,678.25,679.7,673.4,674.7,20719
2026-03-12 11:25:00,674.7,675.75,671.9,675.75,8810
2026-03-12 11:35:00,675.75,678.0,675.1,677.75,5907
2026-03-12 11:45:00,677.75,678.85,676.3,678.85,2902
2026-03-12 11:55:00,678.85,680.95,678.65,680.7,3584
2026-03-12 12:05:00,680.05,684.15,679.7,683.7,8705
2026-03-12 12:15:00,683.7,683.7,681.0,682.0,4092
2026-03-12 12:25:00,682.15,682.15,680.5,681.15,1337
2026-03-12 12:35:00,681.15,684.95,680.0,683.35,7507
2026-03-12 12:45:00,683.35,685.0,683.0,684.15,6267
2026-03-12 12:55:00,684.15,684.45,683.0,683.75,2648
2026-03-12 13:05:00,683.75,684.4,681.2,683.85,3001
2026-03-12 13:15:00,683.85,684.0,682.2,683.5,3951
2026-03-12 13:25:00,683.5,685.95,683.15,685.95,5325
2026-03-12 13:35:00,685.95,686.0,684.0,684.4,2403
2026-03-12 13:45:00,684.5,684.6,682.8,683.55,4331
2026-03-12 13:55:00,683.55,683.85,682.25,683.7,2704
2026-03-12 14:05:00,683.25,683.85,682.2,682.85,4085
2026-03-12 14:15:00,682.8,683.85,682.0,682.0,1688
2026-03-12 14:25:00,682.0,683.5,682.0,683.3,3990
2026-03-12 14:35:00,683.3,683.4,680.7,681.15,5813
2026-03-12 14:45:00,681.15,682.6,678.65,680.15,6865
2026-03-12 14:55:00,680.15,680.5,678.0,678.6,2487
2026-03-12 15:05:00,678.05,678.65,676.85,677.7,12732
2026-03-12 15:15:00,677.15,679.6,676.55,679.55,19203
2026-03-12 15:25:00,679.55,681.0,676.15,681.0,11623
2026-03-13 09:15:00,672.0,678.55,668.6,670.8,22780
2026-03-13 09:25:00,670.8,675.05,670.0,673.3,4688
2026-03-13 09:35:00,673.15,673.5,669.95,671.35,8670
2026-03-13 09:45:00,671.35,671.35,666.15,666.8,9804
2026-03-13 09:55:00,666.8,667.95,665.5,666.3,2680
2026-03-13 10:05:00,666.3,666.3,664.4,665.1,4786
2026-03-13 10:15:00,665.1,667.05,663.5,663.5,3245
2026-03-13 10:25:00,663.25,667.25,662.55,662.7,5024
2026-03-13 10:35:00,662.6,662.65,660.2,660.5,5343
2026-03-13 10:45:00,660.5,664.35,660.2,662.8,3297
2026-03-13 10:55:00,662.8,663.1,661.0,661.7,3010
2026-03-13 11:05:00,661.7,662.35,661.35,661.35,2020
2026-03-13 11:15:00,661.05,662.0,660.5,661.0,5339
2026-03-13 11:25:00,661.0,665.95,660.85,665.85,3475
2026-03-13 11:35:00,665.85,666.6,663.5,663.7,2248
2026-03-13 11:45:00,663.7,664.35,662.65,664.1,2607
2026-03-13 11:55:00,664.1,664.1,662.0,662.2,1049
2026-03-13 12:05:00,662.2,666.0,662.2,665.4,5872
2026-03-13 12:15:00,665.4,665.75,662.1,663.15,1760
2026-03-13 12:25:00,663.15,663.95,659.55,661.9,9601
2026-03-13 12:35:00,661.9,662.5,660.9,661.5,1621
2026-03-13 12:45:00,661.5,663.9,661.3,662.9,1911
2026-03-13 12:55:00,662.9,663.25,661.3,661.5,1960
2026-03-13 13:05:00,662.1,662.3,660.35,661.7,2010
2026-03-13 13:15:00,661.7,663.15,661.05,661.05,2680
2026-03-13 13:25:00,661.05,664.1,661.05,661.75,1051
2026-03-13 13:35:00,662.3,667.8,662.3,667.45,13149
2026-03-13 13:45:00,667.45,667.9,665.2,665.3,4670
2026-03-13 13:55:00,665.3,666.05,663.1,664.25,5021
2026-03-13 14:05:00,664.25,668.8,663.65,668.8,4431
2026-03-13 14:15:00,668.8,669.0,667.55,668.2,3109
2026-03-13 14:25:00,668.2,668.9,667.05,668.85,3434
2026-03-13 14:35:00,668.85,668.85,664.0,664.55,2197
2026-03-13 14:45:00,664.55,665.05,661.95,662.0,3731
2026-03-13 14:55:00,662.0,662.0,659.15,659.65,6530
2026-03-13 15:05:00,659.65,660.8,657.4,658.5,14222
2026-03-13 15:15:00,658.5,659.9,657.5,658.95,8786
2026-03-13 15:25:00,658.95,661.0,657.0,658.0,5585
2026-03-16 09:15:00,645.6,658.25,645.6,655.0,8835
2026-03-16 09:25:00,655.0,662.2,653.45,661.1,14221
2026-03-16 09:35:00,661.15,669.45,661.0,667.85,25776
2026-03-16 09:45:00,667.85,669.9,667.3,668.35,4240
2026-03-16 09:55:00,668.35,668.7,665.75,667.0,5340
2026-03-16 10:05:00,667.0,667.0,661.1,662.0,8521
2026-03-16 10:15:00,662.0,662.1,656.05,656.05,11487
2026-03-16 10:25:00,656.1,656.95,650.55,650.55,11779
2026-03-16 10:35:00,650.55,653.75,650.0,650.75,7727
2026-03-16 10:45:00,650.75,653.0,647.0,648.2,11531
2026-03-16 10:55:00,648.2,651.45,646.5,649.85,10208
2026-03-16 11:05:00,649.8,651.3,648.0,648.0,6198
2026-03-16 11:15:00,648.0,653.0,648.0,651.6,7246
2026-03-16 11:25:00,651.0,651.35,648.45,650.0,5269
2026-03-16 11:35:00,650.0,650.0,648.85,649.6,2626
2026-03-16 11:45:00,649.6,649.85,648.3,648.35,3789
2026-03-16 11:55:00,648.35,651.95,648.05,651.05,5152
2026-03-16 12:05:00,651.4,651.6,648.25,649.0,4582
2026-03-16 12:15:00,649.0,649.0,647.15,649.0,1612
2026-03-16 12:25:00,649.0,649.0,647.15,647.15,1513
2026-03-16 12:35:00,647.15,648.35,646.0,647.55,5140
2026-03-16 12:45:00,647.55,647.75,646.6,647.2,2112
2026-03-16 12:55:00,647.2,647.3,645.15,645.6,4839
2026-03-16 13:05:00,644.7,646.55,644.45,645.85,5986
2026-03-16 13:15:00,645.85,647.5,645.3,645.5,1439
2026-03-16 13:25:00,645.0,646.0,644.45,645.0,4228
2026-03-16 13:35:00,645.0,647.15,644.45,647.15,4075
2026-03-16 13:45:00,647.15,651.0,647.15,649.45,10124
2026-03-16 13:55:00,649.2,651.45,649.05,649.8,6675
2026-03-16 14:05:00,649.8,649.85,646.0,646.2,7511
2026-03-16 14:15:00,646.2,651.5,645.3,650.1,9464
2026-03-16 14:25:00,651.1,652.35,650.0,651.3,11619
2026-03-16 14:35:00,651.7,652.15,649.0,649.95,10432
2026-03-16 14:45:00,649.95,654.75,649.2,653.05,29331
2026-03-16 14:55:00,653.65,654.5,649.2,649.85,15751
2026-03-16 15:05:00,649.85,650.8,647.85,650.8,12299
2026-03-16 15:15:00,651.35,651.45,648.1,649.0,19851
2026-03-16 15:25:00,649.0,649.95,647.4,648.5,10086
2026-03-17 09:15:00,651.25,657.0,648.95,654.65,38734
2026-03-17 09:25:00,654.65,654.8,653.2,653.35,4200
2026-03-17 09:35:00,653.35,656.0,653.0,655.2,5849
2026-03-17 09:45:00,655.25,656.4,655.25,655.35,5855
2026-03-17 09:55:00,655.35,659.0,654.0,658.3,7720
2026-03-17 10:05:00,658.3,664.85,658.3,664.0,27231
2026-03-17 10:15:00,664.25,669.0,663.6,663.95,16151
2026-03-17 10:25:00,663.95,664.35,660.4,661.7,9212
2026-03-17 10:35:00,661.7,662.0,659.0,659.0,6018
2026-03-17 10:45:00,659.0,661.0,659.0,661.0,1555
2026-03-17 10:55:00,661.0,662.0,660.05,660.65,3245
2026-03-17 11:05:00,660.65,661.95,660.05,660.05,1405
2026-03-17 11:15:00,660.05,662.9,658.2,658.8,8250
2026-03-17 11:25:00,658.8,661.75,657.25,657.6,8110
2026-03-17 11:35:00,657.6,659.6,657.5,658.55,2704
2026-03-17 11:45:00,658.5,659.0,657.0,657.0,6599
2026-03-17 11:55:00,657.0,658.55,655.7,658.0,4852
2026-03-17 12:05:00,658.0,659.0,657.5,658.9,313
2026-03-17 12:15:00,658.9,659.45,657.75,657.95,2239
2026-03-17 12:25:00,657.55,657.9,655.05,655.4,2713
2026-03-17 12:35:00,655.4,657.45,655.4,657.45,2420
2026-03-17 12:45:00,657.45,658.75,657.2,657.2,1022
2026-03-17 12:55:00,657.2,658.0,656.15,657.75,1489
2026-03-17 13:05:00,657.75,658.95,657.05,658.8,1434
2026-03-17 13:15:00,658.8,659.15,657.15,658.5,2823
2026-03-17 13:25:00,658.5,658.5,656.65,657.5,2172
2026-03-17 13:35:00,657.5,657.5,655.0,656.1,6995
2026-03-17 13:45:00,656.0,657.95,655.05,657.7,7310
2026-03-17 13:55:00,657.7,658.0,657.25,657.25,1873
2026-03-17 14:05:00,657.25,657.95,656.55,657.85,1697
2026-03-17 14:15:00,657.85,658.15,653.4,654.05,8674
2026-03-17 14:25:00,654.05,657.55,653.8,657.55,17197
2026-03-17 14:35:00,657.55,659.5,657.25,658.9,11922
2026-03-17 14:45:00,659.0,659.9,657.9,659.05,4887
2026-03-17 14:55:00,659.05,659.8,655.1,657.05,5033
2026-03-17 15:05:00,657.05,657.5,655.35,657.0,2267
2026-03-17 15:15:00,656.75,657.8,654.6,656.65,12691
2026-03-17 15:25:00,656.65,658.0,655.0,656.2,6150
2026-03-18 09:15:00,661.4,667.95,659.65,666.0,20519
2026-03-18 09:25:00,666.0,681.0,665.25,674.2,55825
2026-03-18 09:35:00,674.2,675.85,671.15,672.0,8781
2026-03-18 09:45:00,672.0,674.4,671.75,672.85,10972
2026-03-18 09:55:00,672.85,674.05,671.45,672.6,7810
2026-03-18 10:05:00,672.6,675.85,671.0,675.0,17829
2026-03-18 10:15:00,674.7,676.0,673.7,673.95,12391
2026-03-18 10:25:00,674.5,674.5,672.25,672.55,2474
2026-03-18 10:35:00,672.55,675.0,672.05,674.6,7303
2026-03-18 10:45:00,674.65,676.0,674.5,675.7,8484
2026-03-18 10:55:00,675.75,676.0,674.0,674.85,5804
2026-03-18 11:05:00,674.85,675.85,673.7,675.85,4619
2026-03-18 11:15:00,675.8,676.0,674.65,675.5,3455
2026-03-18 11:25:00,675.5,675.9,674.55,675.5,3759
2026-03-18 11:35:00,675.5,675.75,674.7,675.2,1564
2026-03-18 11:45:00,675.15,676.0,674.35,675.0,5363
2026-03-18 11:55:00,675.85,675.85,672.25,672.4,13871
2026-03-18 12:05:00,672.4,673.25,671.0,671.5,6459
2026-03-18 12:15:00,671.5,672.1,671.0,671.8,3905
2026-03-18 12:25:00,671.8,673.0,671.5,671.55,4070
2026-03-18 12:35:00,671.55,673.5,671.1,672.45,11595
2026-03-18 12:45:00,672.45,673.0,672.0,672.4,3368
2026-03-18 12:55:00,672.4,672.45,671.1,671.9,1248
2026-03-18 13:05:00,671.9,673.8,671.65,673.0,7344
2026-03-18 13:15:00,673.0,674.35,672.05,673.25,7158
2026-03-18 13:25:00,673.25,674.95,673.0,674.65,11475
2026-03-18 13:35:00,674.8,675.0,673.85,675.0,5875
2026-03-18 13:45:00,675.0,676.15,673.55,674.25,3101
2026-03-18 13:55:00,674.25,674.4,672.35,672.65,4317
2026-03-18 14:05:00,672.65,673.45,671.7,672.15,1929
2026-03-18 14:15:00,672.15,674.5,672.15,674.5,1898
2026-03-18 14:25:00,674.5,675.55,672.15,672.15,13420
2026-03-18 14:35:00,672.9,672.9,671.5,671.9,3495
2026-03-18 14:45:00,672.25,673.05,671.0,672.25,9727
2026-03-18 14:55:00,672.25,674.0,672.1,673.1,3158
2026-03-18 15:05:00,673.1,674.3,673.1,673.65,11001
2026-03-18 15:15:00,674.0,674.0,671.2,671.8,6009
2026-03-18 15:25:00,671.1,675.0,671.1,675.0,4274
2026-03-19 09:15:00,660.05,666.2,659.0,665.4,22037
2026-03-19 09:25:00,665.1,666.9,663.35,664.8,14267
2026-03-19 09:35:00,664.8,665.0,661.35,662.1,3504
2026-03-19 09:45:00,662.1,664.85,661.25,663.5,9006
2026-03-19 09:55:00,663.5,665.25,662.15,664.7,3282
2026-03-19 10:05:00,664.7,664.8,662.7,663.05,5076
2026-03-19 10:15:00,663.05,663.05,661.45,661.45,3124
2026-03-19 10:25:00,661.45,663.85,661.3,663.8,3688
2026-03-19 10:35:00,663.8,665.85,663.4,664.25,1264
2026-03-19 10:45:00,663.35,664.25,661.15,662.5,2713
2026-03-19 10:55:00,662.5,663.5,660.55,660.55,990
2026-03-19 11:05:00,660.55,661.0,659.5,659.5,5260
2026-03-19 11:15:00,659.25,660.85,659.0,659.25,1168
2026-03-19 11:25:00,659.25,663.7,658.85,663.7,5575
2026-03-19 11:35:00,663.7,663.7,661.1,661.8,1865
2026-03-19 11:45:00,661.85,662.0,661.0,661.8,1528
2026-03-19 11:55:00,661.8,661.8,659.5,659.5,2850
2026-03-19 12:05:00,659.5,661.3,659.2,661.3,3573
2026-03-19 12:15:00,661.3,661.4,659.3,660.0,2590
2026-03-19 12:25:00,660.0,660.75,659.3,660.65,1080
2026-03-19 12:35:00,660.65,661.1,659.0,659.25,2752
2026-03-19 12:45:00,659.25,665.95,659.25,664.35,14788
2026-03-19 12:55:00,664.35,665.0,663.5,664.6,7963
2026-03-19 13:05:00,664.65,665.0,663.25,664.0,1326
2026-03-19 13:15:00,664.0,664.0,655.0,655.0,11829
2026-03-19 13:25:00,655.0,655.15,652.55,653.95,8583
2026-03-19 13:35:00,653.95,656.05,653.95,654.75,2769
2026-03-19 13:45:00,654.75,655.85,654.4,654.9,2595
2026-03-19 13:55:00,654.9,655.55,653.05,653.85,2927
2026-03-19 14:05:00,653.85,653.85,651.95,652.2,2984
2026-03-19 14:15:00,652.85,653.85,652.1,652.25,1627
2026-03-19 14:25:00,652.3,653.35,651.25,652.55,5057
2026-03-19 14:35:00,652.55,653.95,652.4,652.9,4058
2026-03-19 14:45:00,652.9,653.5,650.35,651.5,5991
2026-03-19 14:55:00,651.5,652.6,649.55,650.8,7549
2026-03-19 15:05:00,650.8,652.0,650.0,651.4,6280
2026-03-19 15:15:00,651.4,651.4,642.0,649.95,30215
2026-03-19 15:25:00,649.85,660.0,649.0,652.0,14331
2026-03-20 09:15:00,658.2,659.65,652.55,655.75,25249
2026-03-20 09:25:00,656.35,657.0,654.45,654.65,5418
2026-03-20 09:35:00,655.65,655.65,652.5,652.65,6323
2026-03-20 09:45:00,652.65,654.0,652.0,653.75,4430
2026-03-20 09:55:00,653.75,655.0,651.0,652.75,14484
2026-03-20 10:05:00,653.0,655.35,653.0,654.15,6771
2026-03-20 10:15:00,654.15,654.45,652.3,654.45,2182
2026-03-20 10:25:00,654.45,654.95,653.15,654.45,2615
2026-03-20 10:35:00,654.65,656.55,654.05,656.5,4112
2026-03-20 10:45:00,656.5,656.5,649.5,651.45,28287
2026-03-20 10:55:00,651.15,652.85,647.6,648.8,21198
2026-03-20 11:05:00,648.35,650.0,645.05,649.05,17798
2026-03-20 11:15:00,648.75,653.0,648.75,651.3,5663
2026-03-20 11:25:00,651.85,652.0,650.6,651.8,5174
2026-03-20 11:35:00,651.45,652.0,650.7,651.4,1857
2026-03-20 11:45:00,651.4,651.7,644.05,646.25,22451
2026-03-20 11:55:00,646.6,646.75,642.0,644.05,17045
2026-03-20 12:05:00,644.05,645.0,642.9,644.0,6521
2026-03-20 12:15:00,644.0,644.65,641.0,641.5,4464
2026-03-20 12:25:00,641.5,643.0,640.15,642.8,6727
2026-03-20 12:35:00,642.8,644.1,642.75,644.05,4120
2026-03-20 12:45:00,644.5,645.0,643.7,644.4,2651
2026-03-20 12:55:00,644.4,645.3,643.25,645.3,3359
2026-03-20 13:05:00,645.3,645.85,643.6,644.35,2406
2026-03-20 13:15:00,644.45,644.8,643.5,644.8,1661
2026-03-20 13:25:00,644.8,645.9,644.8,645.5,3870
2026-03-20 13:35:00,645.5,646.65,645.05,645.55,1479
2026-03-20 13:45:00,645.6,645.85,644.25,644.95,3530
2026-03-20 13:55:00,645.6,645.7,643.45,645.0,3452
2026-03-20 14:05:00,645.0,645.2,642.1,642.8,6031
2026-03-20 14:15:00,642.8,642.8,640.95,641.75,3411
2026-03-20 14:25:00,641.75,642.8,641.0,641.75,3072
2026-03-20 14:35:00,641.75,642.3,640.65,640.65,5308
2026-03-20 14:45:00,640.65,642.4,639.8,640.85,6936
2026-03-20 14:55:00,640.85,643.0,639.0,641.25,13014
2026-03-20 15:05:00,641.25,641.9,639.95,641.0,9110
2026-03-20 15:15:00,640.1,641.7,638.0,640.8,15986
2026-03-20 15:25:00,640.8,641.5,639.0,641.4,7103
2026-03-23 09:15:00,638.9,638.9,625.5,629.45,28245
2026-03-23 09:25:00,628.7,631.85,627.0,629.85,13927
2026-03-23 09:35:00,630.0,631.55,627.4,629.1,16191
2026-03-23 09:45:00,629.15,629.15,626.0,626.0,4884
2026-03-23 09:55:00,626.0,628.75,625.25,627.3,11642
2026-03-23 10:05:00,627.5,627.6,622.65,622.95,9055
2026-03-23 10:15:00,622.95,624.5,622.0,622.0,7739
2026-03-23 10:25:00,622.0,622.7,619.7,620.0,7392
2026-03-23 10:35:00,620.45,622.3,617.35,620.95,9982
2026-03-23 10:45:00,621.25,622.05,619.05,620.15,9295
2026-03-23 10:55:00,620.3,621.45,619.15,619.8,6221
2026-03-23 11:05:00,619.3,623.95,619.2,620.05,5705
2026-03-23 11:15:00,620.05,622.1,619.2,620.85,4113
2026-03-23 11:25:00,620.85,622.6,620.15,620.8,4135
2026-03-23 11:35:00,620.8,620.9,618.05,618.5,4781
2026-03-23 11:45:00,618.5,620.0,618.15,618.65,3433
2026-03-23 11:55:00,618.65,626.7,617.0,624.0,52297
2026-03-23 12:05:00,624.15,624.45,622.2,623.25,16882
2026-03-23 12:15:00,622.75,623.95,622.0,622.55,4007
2026-03-23 12:25:00,622.55,622.65,619.15,619.55,9625
2026-03-23 12:35:00,619.55,620.1,617.05,617.65,7680
2026-03-23 12:45:00,617.65,617.9,616.0,616.0,9642
2026-03-23 12:55:00,615.9,616.6,614.7,615.5,11254
2026-03-23 13:05:00,615.5,615.95,613.1,613.75,3241
2026-03-23 13:15:00,613.75,624.75,613.75,624.0,25652
2026-03-23 13:25:00,624.0,628.5,624.0,628.5,31190
2026-03-23 13:35:00,628.5,628.65,626.85,627.7,7435
2026-03-23 13:45:00,627.7,627.7,623.5,626.65,8015
2026-03-23 13:55:00,626.7,629.1,614.7,614.7,67550
2026-03-23 14:05:00,614.95,622.5,614.95,622.5,65080
2026-03-23 14:15:00,622.55,623.0,621.35,622.0,3334
2026-03-23 14:25:00,622.6,626.65,621.45,623.0,41999
2026-03-23 14:35:00,623.0,625.8,621.0,623.4,15102
2026-03-23 14:45:00,622.7,624.0,620.95,622.0,5256
2026-03-23 14:55:00,622.0,623.35,620.95,621.2,11565
2026-03-23 15:05:00,621.0,621.0,617.5,619.0,14185
2026-03-23 15:15:00,619.1,623.0,616.7,618.85,44246
2026-03-23 15:25:00,618.85,620.3,616.6,619.5,11394
2026-03-24 09:15:00,639.0,639.85,626.4,633.5,27590
2026-03-24 09:25:00,633.75,637.3,633.65,637.05,19521
2026-03-24 09:35:00,637.05,640.0,636.5,637.5,12980
2026-03-24 09:45:00,637.5,637.5,634.15,636.4,10773
2026-03-24 09:55:00,636.4,638.75,636.0,637.0,11278
2026-03-24 10:05:00,637.0,637.15,635.5,636.15,3007
2026-03-24 10:15:00,637.05,637.65,636.35,637.65,918
2026-03-24 10:25:00,637.65,638.0,633.05,633.4,1843
2026-03-24 10:35:00,632.8,633.85,630.75,632.7,5440
2026-03-24 10:45:00,632.7,635.45,631.55,633.8,3682
2026-03-24 10:55:00,633.8,635.95,632.6,635.85,2244
2026-03-24 11:05:00,635.85,635.95,634.45,635.15,2565
2026-03-24 11:15:00,635.15,637.95,635.15,637.1,2482
2026-03-24 11:25:00,637.1,639.7,637.05,639.7,2717
2026-03-24 11:35:00,639.7,641.0,637.55,637.9,3721
2026-03-24 11:45:00,638.0,639.8,638.0,639.0,7721
2026-03-24 11:55:00,639.0,641.8,639.0,641.5,14590
2026-03-24 12:05:00,641.0,641.45,639.0,639.35,5150
2026-03-24 12:15:00,639.35,643.4,639.0,643.4,9149
2026-03-24 12:25:00,643.4,645.5,641.8,645.05,11493
2026-03-24 12:35:00,645.05,648.5,644.35,648.1,8422
2026-03-24 12:45:00,648.1,649.9,646.3,648.8,10791
2026-03-24 12:55:00,648.8,649.1,647.05,648.2,3911
2026-03-24 13:05:00,648.2,649.9,647.0,649.0,8056
2026-03-24 13:15:00,649.0,649.9,648.35,649.9,5443
2026-03-24 13:25:00,649.9,651.0,648.65,649.3,12380
2026-03-24 13:35:00,649.3,650.8,648.05,650.75,2600
2026-03-24 13:45:00,650.75,650.75,646.4,647.0,5264
2026-03-24 13:55:00,647.0,649.05,647.0,648.65,1930
2026-03-24 14:05:00,648.65,649.5,647.6,648.95,4511
2026-03-24 14:15:00,648.95,651.1,648.75,649.15,5955
2026-03-24 14:25:00,649.15,651.9,649.15,651.9,2842
2026-03-24 14:35:00,651.9,652.0,649.25,650.85,6263
2026-03-24 14:45:00,650.85,653.0,649.6,652.55,6051
2026-03-24 14:55:00,652.55,653.8,644.95,648.05,26844
2026-03-24 15:05:00,647.3,650.0,646.1,647.7,15314
2026-03-24 15:15:00,647.85,649.95,646.55,647.95,11434
2026-03-24 15:25:00,647.15,651.0,647.15,650.95,10475
2026-03-25 09:15:00,656.0,666.6,651.15,663.9,27725
2026-03-25 09:25:00,663.6,669.0,659.2,668.0,39775
2026-03-25 09:35:00,668.0,668.0,660.65,664.45,6413
2026-03-25 09:45:00,663.9,672.0,662.7,670.85,21627
2026-03-25 09:55:00,670.5,670.5,663.05,667.95,18916
2026-03-25 10:05:00,667.95,668.0,666.15,667.4,10777
2026-03-25 10:15:00,667.35,669.0,665.25,665.85,16825
2026-03-25 10:25:00,665.25,666.0,662.75,665.0,6715
2026-03-25 10:35:00,665.0,668.8,665.0,668.8,16440
2026-03-25 10:45:00,668.8,669.0,668.0,668.75,7227
2026-03-25 10:55:00,668.75,669.0,666.75,667.3,5839
2026-03-25 11:05:00,667.3,668.7,666.6,668.0,5913
2026-03-25 11:15:00,668.0,668.0,666.4,667.1,4488
2026-03-25 11:25:00,667.0,667.0,664.05,664.8,4971
2026-03-25 11:35:00,664.8,665.7,663.2,664.65,6631
2026-03-25 11:45:00,664.65,666.0,664.0,665.7,6601
2026-03-25 11:55:00,665.7,665.85,664.05,665.5,3903
2026-03-25 12:05:00,665.5,668.0,664.9,666.8,7544
2026-03-25 12:15:00,666.95,667.15,666.0,667.0,8909
2026-03-25 12:25:00,667.0,667.0,665.0,666.8,8140
2026-03-25 12:35:00,666.8,668.65,659.7,662.1,27499
2026-03-25 12:45:00,662.1,662.1,658.0,659.65,20628
2026-03-25 12:55:00,659.65,660.0,658.55,659.1,5650
2026-03-25 13:05:00,659.1,660.0,658.5,659.0,7544
2026-03-25 13:15:00,659.0,659.5,656.9,658.0,4079
2026-03-25 13:25:00,657.85,658.95,656.2,657.95,2279
2026-03-25 13:35:00,657.95,658.05,646.9,653.4,43214
2026-03-25 13:45:00,653.4,655.6,652.75,654.1,11211
2026-03-25 13:55:00,654.1,655.0,653.5,653.9,3093
2026-03-25 14:05:00,653.9,654.0,645.6,649.5,27902
2026-03-25 14:15:00,649.5,652.65,649.0,650.65,9773
2026-03-25 14:25:00,650.65,651.8,650.4,651.15,8261
2026-03-25 14:35:00,651.15,651.25,647.0,650.9,14482
2026-03-25 14:45:00,650.55,651.1,649.6,650.5,3523
2026-03-25 14:55:00,650.5,650.7,648.7,650.25,13190
2026-03-25 15:05:00,650.25,650.7,645.1,647.35,21519
2026-03-25 15:15:00,647.05,651.3,644.9,651.3,35277
2026-03-25 15:25:00,650.8,654.0,648.75,654.0,6361
2026-03-27 09:15:00,644.0,648.6,641.95,644.8,24526
2026-03-27 09:25:00,644.8,647.85,639.2,639.2,18102
2026-03-27 09:35:00,639.2,640.8,638.2,638.2,7176
2026-03-27 09:45:00,638.7,639.0,635.6,636.6,4771
2026-03-27 09:55:00,636.6,636.95,633.65,635.6,6496
2026-03-27 10:05:00,635.0,638.45,632.5,638.45,9367
2026-03-27 10:15:00,638.25,638.85,636.6,636.95,6126
2026-03-27 10:25:00,637.4,641.6,636.4,640.5,17412
2026-03-27 10:35:00,640.5,648.1,640.05,647.05,35803
2026-03-27 10:45:00,647.05,647.95,644.0,647.65,15499
2026-03-27 10:55:00,647.6,647.85,646.1,647.7,4613
2026-03-27 11:05:00,647.7,647.85,643.8,644.0,4159
2026-03-27 11:15:00,643.95,644.45,643.6,644.1,2741
2026-03-27 11:25:00,644.1,645.75,643.8,645.5,11655
2026-03-27 11:35:00,645.5,646.9,643.6,644.15,3886
2026-03-27 11:45:00,644.4,648.0,644.0,647.85,12865
2026-03-27 11:55:00,647.8,648.0,645.5,646.5,2411
2026-03-27 12:05:00,646.5,647.75,645.5,646.5,4430
2026-03-27 12:15:00,646.5,647.6,646.0,647.6,7801
2026-03-27 12:25:00,647.6,649.0,646.5,647.75,4140
2026-03-27 12:35:00,647.75,650.0,644.25,645.0,11829
2026-03-27 12:45:00,645.0,647.0,644.4,644.95,4616
2026-03-27 12:55:00,644.7,645.9,644.25,644.25,2404
2026-03-27 13:05:00,644.25,646.0,644.25,645.4,2466
2026-03-27 13:15:00,645.4,647.0,645.3,645.8,3356
2026-03-27 13:25:00,645.8,646.6,644.5,645.45,4936
2026-03-27 13:35:00,645.55,645.55,644.15,645.5,1249
2026-03-27 13:45:00,645.15,645.85,644.4,645.25,5768
2026-03-27 13:55:00,645.25,645.35,640.75,640.85,11745
2026-03-27 14:05:00,640.75,642.95,640.0,642.0,12992
2026-03-27 14:15:00,642.0,642.95,642.0,642.55,4201
2026-03-27 14:25:00,642.15,643.25,641.65,642.0,8224
2026-03-27 14:35:00,642.0,642.5,641.7,642.15,15014
2026-03-27 14:45:00,642.15,643.0,641.75,643.0,12759
2026-03-27 14:55:00,643.0,643.05,641.65,642.0,22872
2026-03-27 15:05:00,642.0,644.8,640.75,643.25,29672
2026-03-27 15:15:00,643.9,644.9,640.05,640.45,12199
2026-03-27 15:25:00,640.45,642.6,638.1,642.0,9505
2026-03-30 09:15:00,630.0,634.95,618.9,621.85,53727
2026-03-30 09:25:00,621.55,623.85,620.6,622.0,41310
2026-03-30 09:35:00,622.0,626.1,620.65,625.85,25762
2026-03-30 09:45:00,625.65,625.9,622.5,622.5,9415
2026-03-30 09:55:00,620.9,626.75,620.9,625.85,22222
2026-03-30 10:05:00,625.85,626.95,622.8,625.0,11387
2026-03-30 10:15:00,626.15,628.35,625.15,627.6,11066
2026-03-30 10:25:00,627.6,627.6,625.15,625.15,40510
2026-03-30 10:35:00,625.9,628.8,625.9,627.1,36224
2026-03-30 10:45:00,627.15,627.15,625.0,625.5,15638
2026-03-30 10:55:00,625.5,625.5,621.15,622.5,55638
2026-03-30 11:05:00,622.5,623.05,621.1,621.7,14898
2026-03-30 11:15:00,621.7,621.95,620.7,620.9,4903
2026-03-30 11:25:00,620.55,621.15,618.6,620.15,10654
2026-03-30 11:35:00,621.1,621.95,619.45,619.7,4741
2026-03-30 11:45:00,620.0,621.25,619.15,621.15,5169
2026-03-30 11:55:00,621.15,624.9,620.55,623.8,4591
2026-03-30 12:05:00,623.4,626.85,621.95,626.75,29854
2026-03-30 12:15:00,626.75,626.85,625.0,625.45,30251
2026-03-30 12:25:00,625.55,625.55,624.0,624.7,2600
2026-03-30 12:35:00,624.7,624.95,623.6,624.1,2244
2026-03-30 12:45:00,624.1,624.5,622.8,623.6,2972
2026-03-30 12:55:00,623.6,623.9,622.0,623.15,3983
2026-03-30 13:05:00,623.15,623.7,621.45,622.15,5009
2026-03-30 13:15:00,622.2,624.5,622.1,623.2,1826
2026-03-30 13:25:00,623.2,623.6,621.7,622.65,2845
2026-03-30 13:35:00,622.65,624.15,621.9,622.45,1725
2026-03-30 13:45:00,622.5,622.85,619.75,620.45,4971
2026-03-30 13:55:00,620.45,622.85,619.3,622.6,6257
2026-03-30 14:05:00,622.6,623.0,621.65,622.35,2292
2026-03-30 14:15:00,622.35,623.95,621.85,622.5,15046
2026-03-30 14:25:00,622.5,622.85,620.3,620.5,6554
2026-03-30 14:35:00,620.5,621.1,616.15,619.0,32730
2026-03-30 14:45:00,618.4,621.25,617.55,619.25,19303
2026-03-30 14:55:00,619.3,619.55,616.0,616.85,18750
2026-03-30 15:05:00,616.85,618.6,616.2,616.65,50892
2026-03-30 15:15:00,616.65,618.5,616.5,617.9,45771
2026-03-30 15:25:00,617.9,618.05,615.5,615.5,35572
2026-04-01 09:15:00,634.0,653.95,630.9,651.25,67899
2026-04-01 09:25:00,651.25,664.9,651.25,661.2,53519
2026-04-01 09:35:00,660.95,660.95,655.7,659.5,30325
2026-04-01 09:45:00,659.5,662.5,656.0,658.5,22585
2026-04-01 09:55:00,658.5,658.5,655.75,656.5,8244
2026-04-01 10:05:00,656.9,658.85,654.45,658.2,13912
2026-04-01 10:15:00,658.2,658.2,654.9,654.9,4878
2026-04-01 10:25:00,654.9,655.05,651.0,653.0,12386
2026-04-01 10:35:00,653.0,654.2,652.7,654.05,6021
2026-04-01 10:45:00,654.05,654.2,652.0,652.15,3679
2026-04-01 10:55:00,652.15,653.35,651.3,651.75,1660
2026-04-01 11:05:00,651.8,656.35,651.75,653.6,6198
2026-04-01 11:15:00,653.6,657.0,653.3,655.25,8211
2026-04-01 11:25:00,655.25,655.8,653.4,654.0,4566
2026-04-01 11:35:00,654.0,654.9,653.3,653.3,4186
2026-04-01 11:45:00,653.25,653.8,651.25,652.0,5244
2026-04-01 11:55:00,651.95,655.0,651.65,654.8,2924
2026-04-01 12:05:00,654.8,656.0,653.6,656.0,6731
2026-04-01 12:15:00,656.0,656.55,654.7,656.35,12376
2026-04-01 12:25:00,655.8,663.0,655.25,661.95,19644
2026-04-01 12:35:00,661.95,662.65,658.8,659.25,5665
2026-04-01 12:45:00,659.15,661.2,659.15,661.2,3021
2026-04-01 12:55:00,660.65,661.5,660.05,660.15,1509
2026-04-01 13:05:00,660.15,660.65,659.15,660.4,1031
2026-04-01 13:15:00,660.4,663.15,658.35,660.3,8671
2026-04-01 13:25:00,659.65,661.0,658.05,659.9,1143
2026-04-01 13:35:00,659.9,660.0,655.5,657.1,5553
2026-04-01 13:45:00,657.1,658.95,656.15,658.0,4220
2026-04-01 13:55:00,658.0,659.0,656.4,657.1,2984
2026-04-01 14:05:00,657.1,658.85,656.15,658.85,3585
2026-04-01 14:15:00,658.85,658.85,656.4,657.35,2060
2026-04-01 14:25:00,657.15,658.75,657.15,657.9,2660
2026-04-01 14:35:00,657.9,664.4,656.3,662.1,18338
2026-04-01 14:45:00,662.6,662.6,660.0,661.15,3926
2026-04-01 14:55:00,661.1,662.5,660.8,661.75,8503
2026-04-01 15:05:00,661.9,665.7,661.5,662.45,11105
2026-04-01 15:15:00,662.45,675.0,662.0,666.65,45313
2026-04-01 15:25:00,666.65,667.9,664.0,665.0,12671
2026-04-02 09:15:00,655.0,657.0,642.1,656.5,68329
2026-04-02 09:25:00,656.0,656.0,648.55,650.5,11979
2026-04-02 09:35:00,649.95,651.9,648.0,651.9,8248
2026-04-02 09:45:00,651.9,652.85,647.55,648.0,10193
2026-04-02 09:55:00,648.0,648.2,645.05,645.7,4081
2026-04-02 10:05:00,645.7,645.7,641.4,643.8,15095
2026-04-02 10:15:00,643.8,643.8,641.0,641.4,15143
2026-04-02 10:25:00,641.7,645.4,641.6,644.5,3465
2026-04-02 10:35:00,644.5,653.6,644.5,651.8,14203
2026-04-02 10:45:00,651.8,651.8,647.0,648.6,2732
2026-04-02 10:55:00,648.6,652.1,648.1,652.05,6078
2026-04-02 11:05:00,652.05,652.05,649.8,650.0,1110
2026-04-02 11:15:00,650.0,652.5,650.0,652.0,3628
2026-04-02 11:25:00,652.0,660.0,652.0,660.0,18025
2026-04-02 11:35:00,661.0,665.0,659.0,663.65,22235
2026-04-02 11:45:00,663.65,666.5,662.65,664.4,4227
2026-04-02 11:55:00,664.4,667.0,664.4,664.45,11539
2026-04-02 12:05:00,664.45,664.45,662.95,664.0,3001
2026-04-02 12:15:00,664.0,665.0,662.05,663.1,1799
2026-04-02 12:25:00,663.1,665.5,663.1,665.5,2468
2026-04-02 12:35:00,665.5,669.0,665.35,666.7,14137
2026-04-02 12:45:00,666.7,667.6,665.0,666.3,8968
2026-04-02 12:55:00,666.3,669.4,666.3,667.65,3701
2026-04-02 13:05:00,667.65,668.2,667.0,667.45,2692
2026-04-02 13:15:00,667.45,669.5,667.45,668.95,2055
2026-04-02 13:25:00,668.95,669.8,667.85,668.35,4242
2026-04-02 13:35:00,668.35,677.9,668.35,676.8,18495
2026-04-02 13:45:00,676.8,679.9,676.45,677.55,11150
2026-04-02 13:55:00,677.55,677.85,674.75,676.8,8246
2026-04-02 14:05:00,676.8,678.15,675.6,678.15,5804
2026-04-02 14:15:00,678.5,679.5,675.9,676.6,17352
2026-04-02 14:25:00,676.6,679.0,676.0,678.0,13809
2026-04-02 14:35:00,678.0,678.3,666.25,666.55,10009
2026-04-02 14:45:00,666.55,671.25,666.0,670.7,5925
2026-04-02 14:55:00,670.7,675.1,670.7,674.65,9206
2026-04-02 15:05:00,674.4,677.5,674.1,675.75,13938
2026-04-02 15:15:00,675.65,675.75,666.0,668.45,21755
2026-04-02 15:25:00,668.65,672.0,668.65,671.9,14581
2026-04-06 09:15:00,680.0,680.0,661.7,665.5,32753
2026-04-06 09:25:00,666.5,671.25,664.0,671.2,22133
2026-04-06 09:35:00,671.2,674.8,670.55,674.0,15630
2026-04-06 09:45:00,674.15,674.5,663.0,664.5,17736
2026-04-06 09:55:00,665.0,666.25,663.15,664.85,6530
2026-04-06 10:05:00,664.85,666.55,664.4,666.35,2433
2026-04-06 10:15:00,666.85,668.85,665.0,666.95,7827
2026-04-06 10:25:00,667.2,668.8,666.05,667.0,2110
2026-04-06 10:35:00,667.0,668.95,666.0,667.85,6739
2026-04-06 10:45:00,668.8,673.15,668.05,668.05,4002
2026-04-06 10:55:00,668.65,669.05,665.6,667.2,4309
2026-04-06 11:05:00,667.2,667.2,665.3,666.1,2069
2026-04-06 11:15:00,666.1,669.25,665.75,668.0,1278
2026-04-06 11:25:00,668.0,671.1,668.0,671.1,1639
2026-04-06 11:35:00,671.1,673.0,670.55,670.55,5063
2026-04-06 11:45:00,670.55,671.9,670.55,671.7,566
2026-04-06 11:55:00,671.7,672.85,671.4,671.65,5506
2026-04-06 12:05:00,671.65,672.0,670.3,671.0,566
2026-04-06 12:15:00,671.0,671.9,670.35,671.5,2435
2026-04-06 12:25:00,671.5,672.9,669.3,669.3,2163
2026-04-06 12:35:00,669.3,670.45,669.3,669.85,1282
2026-04-06 12:45:00,669.85,671.55,669.85,670.95,652
2026-04-06 12:55:00,670.95,671.95,670.05,670.35,985
2026-04-06 13:05:00,670.35,672.55,670.35,671.5,2127
2026-04-06 13:15:00,671.5,675.0,671.5,675.0,5225
2026-04-06 13:25:00,675.0,676.2,675.0,676.05,3606
2026-04-06 13:35:00,676.05,676.05,673.95,675.05,2799
2026-04-06 13:45:00,675.05,677.0,675.0,675.9,12989
2026-04-06 13:55:00,675.9,677.35,675.0,675.6,2104
2026-04-06 14:05:00,675.6,676.45,675.0,675.65,2127
2026-04-06 14:15:00,675.65,676.05,674.8,675.45,11994
2026-04-06 14:25:00,675.45,675.7,674.8,675.3,2405
2026-04-06 14:35:00,675.8,675.95,673.3,675.3,3830
2026-04-06 14:45:00,675.3,676.5,675.0,676.2,2780
2026-04-06 14:55:00,676.2,676.45,674.35,676.0,8114
2026-04-06 15:05:00,676.0,677.4,675.7,677.4,5192
2026-04-06 15:15:00,677.4,677.55,674.45,676.2,9756
2026-04-06 15:25:00,676.2,677.65,675.4,677.65,7432
2026-04-07 09:15:00,670.05,674.3,665.6,673.8,9534
2026-04-07 09:25:00,673.05,678.4,671.4,672.0,13730
2026-04-07 09:35:00,672.0,674.75,670.35,670.35,7812
2026-04-07 09:45:00,671.15,673.9,670.85,673.9,1389
2026-04-07 09:55:00,673.9,676.05,673.55,676.0,3667
2026-04-07 10:05:00,676.0,678.0,676.0,677.2,7374
2026-04-07 10:15:00,677.2,680.0,676.2,679.8,10093
2026-04-07 10:25:00,679.95,682.8,679.55,680.05,8558
2026-04-07 10:35:00,680.05,681.85,677.85,681.65,2808
2026-04-07 10:45:00,681.65,681.65,676.2,676.75,3415
2026-04-07 10:55:00,676.75,676.85,673.1,673.25,3540
2026-04-07 11:05:00,673.25,673.6,672.0,672.5,1863
2026-04-07 11:15:00,672.5,675.0,672.2,675.0,377
2026-04-07 11:25:00,675.0,676.6,674.65,675.85,1300
2026-04-07 11:35:00,675.3,677.95,675.0,677.2,3225
2026-04-07 11:45:00,677.2,679.4,677.1,678.0,2998
2026-04-07 11:55:00,678.0,680.4,677.1,677.1,4840
2026-04-07 12:05:00,677.1,679.5,677.1,679.3,2469
2026-04-07 12:15:00,679.35,679.8,678.2,678.7,777
2026-04-07 12:25:00,678.2,679.0,678.0,678.55,196
2026-04-07 12:35:00,678.55,678.6,678.0,678.6,326
2026-04-07 12:45:00,678.6,678.6,677.05,677.6,898
2026-04-07 12:55:00,677.6,677.6,675.1,676.85,1283
2026-04-07 13:05:00,676.85,679.0,675.85,679.0,1367
2026-04-07 13:15:00,679.0,680.0,678.05,679.3,1944
2026-04-07 13:25:00,679.3,681.2,678.8,680.55,4842
2026-04-07 13:35:00,680.55,682.0,680.1,681.95,3212
2026-04-07 13:45:00,681.95,682.0,680.1,681.0,2236
2026-04-07 13:55:00,681.0,681.0,679.55,681.0,1908
2026-04-07 14:05:00,681.0,682.25,680.0,682.25,5205
2026-04-07 14:15:00,682.25,682.45,680.2,680.95,2415
2026-04-07 14:25:00,680.95,682.0,680.45,681.8,1632
2026-04-07 14:35:00,681.8,682.0,680.55,682.0,3408
2026-04-07 14:45:00,682.0,682.0,679.55,679.55,4929
2026-04-07 14:55:00,679.55,680.65,677.15,678.3,5174
2026-04-07 15:05:00,678.3,679.0,676.8,677.55,2004
2026-04-07 15:15:00,677.55,677.95,675.0,675.95,8376
2026-04-07 15:25:00,675.95,677.95,666.3,673.0,17168
2026-04-08 09:15:00,699.85,699.85,684.65,688.2,48213
2026-04-08 09:25:00,688.2,691.75,686.1,691.15,16241
2026-04-08 09:35:00,691.15,694.9,688.45,689.4,14648
2026-04-08 09:45:00,688.7,691.0,687.5,687.5,11411
2026-04-08 09:55:00,687.5,688.6,686.0,686.9,10992
2026-04-08 10:05:00,687.1,693.3,687.1,692.05,13372
2026-04-08 10:15:00,692.05,692.1,688.45,690.0,4509
2026-04-08 10:25:00,690.7,694.1,689.95,690.05,4923
2026-04-08 10:35:00,690.05,692.3,690.05,691.8,1766
2026-04-08 10:45:00,691.8,692.3,690.5,692.25,3971
2026-04-08 10:55:00,692.25,692.3,691.1,691.7,7407
2026-04-08 11:05:00,691.1,701.75,691.1,701.0,28858
2026-04-08 11:15:00,701.5,702.0,695.1,695.5,25035
2026-04-08 11:25:00,695.5,696.5,693.65,693.65,14801
2026-04-08 11:35:00,693.2,695.15,693.2,694.8,3942
2026-04-08 11:45:00,694.8,696.0,693.3,695.0,2281
2026-04-08 11:55:00,695.0,697.5,694.9,696.05,3564
2026-04-08 12:05:00,696.05,697.5,696.0,697.4,4650
2026-04-08 12:15:00,697.4,697.5,697.0,697.0,1978
2026-04-08 12:25:00,697.0,697.5,694.9,695.2,3282
2026-04-08 12:35:00,696.15,698.0,695.3,698.0,6442
2026-04-08 12:45:00,698.0,698.55,697.15,698.1,1551
2026-04-08 12:55:00,698.1,698.1,696.75,697.05,2212
2026-04-08 13:05:00,696.9,697.9,696.0,697.0,4833
2026-04-08 13:15:00,697.0,697.05,695.7,696.6,2495
2026-04-08 13:25:00,696.05,697.6,695.8,696.65,2153
2026-04-08 13:35:00,697.0,700.7,696.55,699.8,10783
2026-04-08 13:45:00,699.8,699.9,698.15,699.45,2167
2026-04-08 13:55:00,698.85,699.85,698.85,699.85,2022
2026-04-08 14:05:00,699.85,699.9,698.4,699.6,2174
2026-04-08 14:15:00,699.65,701.75,698.65,700.9,7594
2026-04-08 14:25:00,700.9,701.1,698.7,699.55,3547
2026-04-08 14:35:00,699.55,699.65,697.6,699.4,2994
2026-04-08 14:45:00,698.7,699.75,697.75,698.5,3040
2026-04-08 14:55:00,698.5,699.35,697.3,698.6,3168
2026-04-08 15:05:00,699.1,702.85,698.55,702.15,13886
2026-04-08 15:15:00,701.65,704.0,701.0,703.45,20648
2026-04-08 15:25:00,703.4,705.9,697.25,704.9,13286
2026-04-09 09:15:00,705.0,718.9,701.45,714.5,40219
2026-04-09 09:25:00,713.6,714.95,703.6,704.95,19983
2026-04-09 09:35:00,704.95,708.45,703.25,703.75,15770
2026-04-09 09:45:00,703.75,705.55,702.75,704.4,6803
2026-04-09 09:55:00,704.15,705.35,702.9,705.05,5491
2026-04-09 10:05:00,705.05,706.95,705.05,706.95,2264
2026-04-09 10:15:00,706.95,707.8,706.0,707.8,3575
2026-04-09 10:25:00,707.8,708.75,706.4,708.0,3808
2026-04-09 10:35:00,708.0,708.85,707.15,707.95,1926
2026-04-09 10:45:00,707.95,710.45,707.95,708.7,4787
2026-04-09 10:55:00,708.7,708.7,706.1,707.75,2182
2026-04-09 11:05:00,707.75,708.75,707.0,708.25,1219
2026-04-09 11:15:00,708.2,708.55,705.2,706.8,6256
2026-04-09 11:25:00,706.5,706.85,705.25,706.0,1927
2026-04-09 11:35:00,706.0,706.5,705.4,706.4,1793
2026-04-09 11:45:00,706.4,708.2,706.0,708.0,3839
2026-04-09 11:55:00,707.75,710.8,707.5,709.25,5789
2026-04-09 12:05:00,709.25,715.05,707.5,714.95,21280
2026-04-09 12:15:00,714.75,714.75,711.85,712.4,2748
2026-04-09 12:25:00,712.4,713.3,710.85,712.4,3337
2026-04-09 12:35:00,712.4,714.85,711.5,711.95,5469
2026-04-09 12:45:00,711.95,711.95,709.9,710.75,851
2026-04-09 12:55:00,710.75,712.0,710.2,710.9,1323
2026-04-09 13:05:00,710.9,710.9,707.55,708.35,2002
2026-04-09 13:15:00,708.35,708.35,705.0,706.0,3224
2026-04-09 13:25:00,705.9,706.25,704.0,705.0,4383
2026-04-09 13:35:00,705.0,706.3,704.8,705.85,2655
2026-04-09 13:45:00,705.85,705.85,704.25,704.85,1305
2026-04-09 13:55:00,704.85,707.0,704.85,706.15,2466
2026-04-09 14:05:00,706.15,707.75,706.05,707.1,1247
2026-04-09 14:15:00,707.2,707.2,705.75,705.75,5343
2026-04-09 14:25:00,705.75,705.75,703.1,703.65,2830
2026-04-09 14:35:00,703.7,704.0,702.5,703.65,3089
2026-04-09 14:45:00,704.0,706.55,702.75,706.3,4968
2026-04-09 14:55:00,706.3,706.3,704.3,704.95,2374
2026-04-09 15:05:00,704.95,706.5,704.55,705.05,2902
2026-04-09 15:15:00,705.05,705.05,704.3,704.3,6872
2026-04-09 15:25:00,704.35,705.0,704.3,704.3,8565
2026-04-10 09:15:00,714.0,714.0,708.3,710.6,15507
2026-04-10 09:25:00,710.6,713.45,710.0,711.7,6996
2026-04-10 09:35:00,711.7,720.25,711.7,717.35,33979
2026-04-10 09:45:00,717.35,717.45,715.75,716.0,7720
2026-04-10 09:55:00,716.0,716.4,713.8,713.8,4176
2026-04-10 10:05:00,713.8,714.75,712.0,713.7,4155
2026-04-10 10:15:00,713.7,716.5,713.35,715.55,2783
2026-04-10 10:25:00,715.55,715.8,713.3,713.65,3885
2026-04-10 10:35:00,713.65,715.95,713.05,714.3,3685
2026-04-10 10:45:00,714.3,718.9,713.1,717.25,14433
2026-04-10 10:55:00,717.25,717.35,715.05,715.75,1981
2026-04-10 11:05:00,715.75,716.0,714.9,714.9,823
2026-04-10 11:15:00,714.9,716.0,714.9,715.5,2682
2026-04-10 11:25:00,715.5,717.2,715.5,717.0,1694
2026-04-10 11:35:00,717.0,717.35,715.8,716.2,1517
2026-04-10 11:45:00,716.2,718.9,715.5,718.8,3512
2026-04-10 11:55:00,718.8,718.8,717.2,718.5,1677
2026-04-10 12:05:00,718.5,718.9,718.2,718.6,1598
2026-04-10 12:15:00,718.6,718.6,717.2,718.15,1852
2026-04-10 12:25:00,718.15,718.6,717.65,717.75,1326
2026-04-10 12:35:00,717.7,718.8,717.55,718.8,1630
2026-04-10 12:45:00,718.2,718.75,717.85,718.6,1096
2026-04-10 12:55:00,718.6,718.6,716.2,716.95,3542
2026-04-10 13:05:00,716.95,719.8,716.6,719.7,5676
2026-04-10 13:15:00,719.65,720.0,718.85,719.95,4041
2026-04-10 13:25:00,719.95,721.95,718.6,720.6,10018
2026-04-10 13:35:00,721.05,723.0,721.05,723.0,8414
2026-04-10 13:45:00,723.0,723.0,721.55,721.95,6178
2026-04-10 13:55:00,721.75,722.8,721.4,722.0,4068
2026-04-10 14:05:00,721.55,722.75,719.75,720.25,5477
2026-04-10 14:15:00,720.25,720.5,717.85,719.3,8478
2026-04-10 14:25:00,719.3,726.9,717.6,724.5,63660
2026-04-10 14:35:00,724.6,729.5,724.6,729.0,26796
2026-04-10 14:45:00,729.15,732.1,726.3,731.9,28569
2026-04-10 14:55:00,731.2,754.85,730.75,750.5,176692
2026-04-10 15:05:00,751.0,754.85,750.0,752.85,66798
2026-04-10 15:15:00,752.9,764.4,749.1,753.7,99756
2026-04-10 15:25:00,753.1,759.8,752.1,757.0,24593
2026-04-13 09:15:00,736.0,741.85,724.6,738.8,84388
2026-04-13 09:25:00,738.8,743.2,738.05,739.15,30972
2026-04-13 09:35:00,739.15,739.95,729.55,734.5,66024
2026-04-13 09:45:00,734.5,739.35,734.35,738.05,9088
2026-04-13 09:55:00,738.05,738.9,737.05,737.6,5919
2026-04-13 10:05:00,737.6,756.35,737.55,753.25,83651
2026-04-13 10:15:00,753.1,754.2,750.15,752.1,25339
2026-04-13 10:25:00,752.1,754.05,751.45,752.05,7834
2026-04-13 10:35:00,751.8,753.45,750.6,751.6,7259
2026-04-13 10:45:00,751.35,755.9,751.15,754.0,12429
2026-04-13 10:55:00,754.0,756.75,754.0,756.4,8521
2026-04-13 11:05:00,756.45,764.85,756.45,759.45,32953
2026-04-13 11:15:00,759.4,766.95,759.35,766.0,32342
2026-04-13 11:25:00,765.6,767.45,765.0,765.5,37387
2026-04-13 11:35:00,765.5,766.1,762.75,763.15,12572
2026-04-13 11:45:00,763.1,767.15,763.1,765.0,7730
2026-04-13 11:55:00,765.0,766.6,765.0,766.4,4094
2026-04-13 12:05:00,766.4,766.4,763.2,764.45,4209
2026-04-13 12:15:00,764.45,765.05,763.65,764.2,3431
2026-04-13 12:25:00,764.25,764.85,763.75,764.0,3119
2026-04-13 12:35:00,764.0,764.0,761.1,762.8,4478
2026-04-13 12:45:00,762.8,764.7,761.55,763.9,6988
2026-04-13 12:55:00,763.9,763.95,761.1,761.8,2075
2026-04-13 13:05:00,761.8,762.2,759.65,762.2,5463
2026-04-13 13:15:00,762.2,763.25,760.15,761.35,3719
2026-04-13 13:25:00,762.0,764.8,761.75,763.5,3833
2026-04-13 13:35:00,763.3,763.95,762.1,763.2,2626
2026-04-13 13:45:00,763.05,764.55,761.35,763.7,3532
2026-04-13 13:55:00,763.7,764.0,762.4,762.4,2846
2026-04-13 14:05:00,762.4,762.75,761.0,762.1,8452
2026-04-13 14:15:00,762.1,762.85,761.0,761.95,4816
2026-04-13 14:25:00,761.95,762.85,761.05,761.1,4435
2026-04-13 14:35:00,761.15,761.7,758.5,758.8,8930
2026-04-13 14:45:00,758.8,760.25,757.0,758.75,9369
2026-04-13 14:55:00,758.75,758.95,754.6,755.45,7377
2026-04-13 15:05:00,755.45,756.45,753.1,755.35,8690
2026-04-13 15:15:00,755.35,757.9,751.05,751.85,21555
2026-04-13 15:25:00,752.05,753.6,747.1,748.0,21044
2026-04-15 09:15:00,762.9,764.0,756.0,759.25,30414
2026-04-15 09:25:00,759.25,759.85,756.1,757.5,12844
2026-04-15 09:35:00,757.8,760.3,756.1,760.3,7060
2026-04-15 09:45:00,759.55,760.45,757.0,757.95,8966
2026-04-15 09:55:00,757.95,757.95,754.35,755.35,7392
2026-04-15 10:05:00,755.45,760.0,755.45,758.85,8908
2026-04-15 10:15:00,758.45,759.15,756.4,757.1,7713
2026-04-15 10:25:00,757.1,757.1,755.55,755.8,3728
2026-04-15 10:35:00,755.8,757.5,755.8,757.5,3643
2026-04-15 10:45:00,757.5,757.85,756.65,756.65,4360
2026-04-15 10:55:00,756.65,757.45,756.0,756.05,2224
2026-04-15 11:05:00,756.05,757.0,755.0,756.8,10889
2026-04-15 11:15:00,756.95,760.5,756.2,759.0,10824
2026-04-15 11:25:00,759.0,761.3,756.8,757.45,8903
2026-04-15 11:35:00,757.45,758.0,754.6,756.0,6368
2026-04-15 11:45:00,756.0,756.45,754.05,754.95,4983
2026-04-15 11:55:00,754.7,755.95,754.5,755.55,4062
2026-04-15 12:05:00,755.6,756.5,754.5,755.55,2499
2026-04-15 12:15:00,756.1,757.0,755.55,756.55,1450
2026-04-15 12:25:00,756.55,759.0,756.0,758.05,9527
2026-04-15 12:35:00,758.05,758.6,756.95,757.9,4552
2026-04-15 12:45:00,757.9,762.4,756.85,760.65,8618
2026-04-15 12:55:00,761.0,761.9,757.6,758.4,13937
2026-04-15 13:05:00,758.4,759.05,757.2,757.2,6031
2026-04-15 13:15:00,757.2,762.85,757.0,761.05,22732
2026-04-15 13:25:00,761.05,762.85,761.0,761.5,7184
2026-04-15 13:35:00,761.5,762.3,760.0,760.05,3455
2026-04-15 13:45:00,760.05,772.4,760.0,771.9,28361
2026-04-15 13:55:00,771.75,778.65,770.3,775.1,58650
2026-04-15 14:05:00,775.1,780.65,774.0,780.65,43397
2026-04-15 14:15:00,780.0,782.9,776.0,781.15,83583
2026-04-15 14:25:00,781.1,781.7,778.4,780.6,27044
2026-04-15 14:35:00,780.1,781.8,780.0,780.3,12823
2026-04-15 14:45:00,780.3,780.7,780.0,780.0,7840
2026-04-15 14:55:00,780.0,780.8,780.0,780.0,11409
2026-04-15 15:05:00,780.0,787.65,778.8,785.75,33971
2026-04-15 15:15:00,785.75,799.0,785.35,789.55,82326
2026-04-15 15:25:00,790.35,791.95,781.1,784.8,16244
2026-04-16 09:15:00,795.0,795.0,775.2,777.6,76869
2026-04-16 09:25:00,777.55,781.3,775.0,775.65,35945
2026-04-16 09:35:00,775.65,776.2,771.65,773.8,28447
2026-04-16 09:45:00,773.8,774.95,773.1,774.15,7743
2026-04-16 09:55:00,774.15,778.45,774.0,775.7,12259
2026-04-16 10:05:00,775.7,776.95,775.05,776.0,4985
2026-04-16 10:15:00,776.0,777.0,774.75,774.75,5915
2026-04-16 10:25:00,775.0,775.35,771.1,773.8,17851
2026-04-16 10:35:00,775.95,775.95,772.05,772.25,12038
2026-04-16 10:45:00,772.05,773.0,770.1,770.8,13619
2026-04-16 10:55:00,770.8,772.0,769.0,771.05,9018
2026-04-16 11:05:00,771.45,771.95,770.4,771.7,7437
2026-04-16 11:15:00,771.1,771.95,770.75,770.75,2275
2026-04-16 11:25:00,770.35,771.15,767.35,768.25,9324
2026-04-16 11:35:00,768.25,769.2,767.4,767.4,4449
2026-04-16 11:45:00,767.4,768.05,765.6,766.6,6819
2026-04-16 11:55:00,766.6,766.6,762.0,763.25,23464
2026-04-16 12:05:00,762.2,765.95,762.0,764.85,3838
2026-04-16 12:15:00,764.85,767.5,764.2,765.5,7328
2026-04-16 12:25:00,765.5,767.8,764.95,766.5,2494
2026-04-16 12:35:00,766.5,767.0,765.4,766.0,5078
2026-04-16 12:45:00,766.0,766.1,764.35,765.75,1647
2026-04-16 12:55:00,765.75,767.0,765.0,766.8,2498
2026-04-16 13:05:00,766.8,767.35,764.0,764.0,8189
2026-04-16 13:15:00,764.0,766.35,764.0,765.9,3103
2026-04-16 13:25:00,765.45,765.45,764.0,764.65,2015
2026-04-16 13:35:00,764.65,767.55,764.65,767.0,3299
2026-04-16 13:45:00,767.0,769.05,766.85,768.35,7181
2026-04-16 13:55:00,768.95,768.95,767.1,767.7,3055
2026-04-16 14:05:00,767.7,768.0,767.1,767.8,2176
2026-04-16 14:15:00,767.8,767.8,766.1,766.45,3163
2026-04-16 14:25:00,766.45,767.0,764.0,766.85,7087
2026-04-16 14:35:00,766.85,768.75,766.25,767.95,6931
2026-04-16 14:45:00,767.95,768.3,766.55,767.55,3340
2026-04-16 14:55:00,767.55,767.55,765.0,767.0,15251
2026-04-16 15:05:00,766.95,768.4,765.1,765.85,15348
2026-04-16 15:15:00,765.85,780.0,765.05,775.8,72437
2026-04-16 15:25:00,775.95,775.95,771.45,773.8,10696
2026-04-17 09:15:00,772.05,781.05,770.1,775.0,52180
2026-04-17 09:25:00,775.0,776.65,770.55,771.0,24315
2026-04-17 09:35:00,771.0,771.95,769.0,769.6,6907
2026-04-17 09:45:00,769.6,773.45,769.2,773.0,6611
2026-04-17 09:55:00,773.0,773.0,767.05,769.3,26862
2026-04-17 10:05:00,769.3,772.0,769.3,772.0,2881
2026-04-17 10:15:00,771.95,773.85,771.25,771.8,4454
2026-04-17 10:25:00,772.2,772.6,766.5,767.25,14530
2026-04-17 10:35:00,767.25,768.15,765.0,767.4,11651
2026-04-17 10:45:00,767.4,769.2,765.4,766.4,9265
2026-04-17 10:55:00,766.4,768.5,765.45,766.15,6417
2026-04-17 11:05:00,766.45,767.0,764.4,765.45,5607
2026-04-17 11:15:00,765.5,767.4,765.45,766.45,2613
2026-04-17 11:25:00,766.45,768.15,766.0,766.75,8561
2026-04-17 11:35:00,766.75,767.7,765.0,765.75,6007
2026-04-17 11:45:00,766.0,766.0,762.55,763.45,10694
2026-04-17 11:55:00,763.6,765.15,763.25,763.25,4509
2026-04-17 12:05:00,763.25,764.95,763.2,764.4,1884
2026-04-17 12:15:00,764.35,764.6,763.15,763.45,5199
2026-04-17 12:25:00,763.45,763.8,761.65,763.35,6291
2026-04-17 12:35:00,763.85,763.9,762.2,762.4,6251
2026-04-17 12:45:00,762.55,763.65,761.95,763.55,3575
2026-04-17 12:55:00,763.55,764.5,760.05,760.35,11385
2026-04-17 13:05:00,760.5,761.85,759.6,761.05,9699
2026-04-17 13:15:00,760.55,763.95,760.55,763.4,3287
2026-04-17 13:25:00,763.4,763.6,760.3,760.8,34670
2026-04-17 13:35:00,760.8,760.8,757.95,760.0,13329
2026-04-17 13:45:00,760.0,761.15,760.0,760.0,2361
2026-04-17 13:55:00,760.0,761.65,759.15,761.65,13361
2026-04-17 14:05:00,761.65,761.65,759.2,759.3,6561
2026-04-17 14:15:00,759.3,760.1,759.05,759.1,4308
2026-04-17 14:25:00,759.1,760.0,759.05,759.6,4861
2026-04-17 14:35:00,759.6,761.6,759.5,760.75,39472
2026-04-17 14:45:00,760.75,761.0,758.0,758.2,14567
2026-04-17 14:55:00,758.4,759.95,756.0,757.15,16076
2026-04-17 15:05:00,757.15,759.0,755.5,759.0,21226
2026-04-17 15:15:00,759.15,759.15,752.2,755.3,48963
2026-04-17 15:25:00,755.95,756.0,753.65,755.0,19539
2026-04-20 09:15:00,758.0,758.0,745.0,752.0,32971
2026-04-20 09:25:00,751.25,752.65,746.65,747.5,12687
2026-04-20 09:35:00,747.5,748.65,742.5,744.75,22636
2026-04-20 09:45:00,744.75,750.0,744.05,749.5,7932
2026-04-20 09:55:00,750.1,750.1,747.55,749.1,3039
2026-04-20 10:05:00,749.1,750.5,747.35,748.25,3939
2026-04-20 10:15:00,748.25,749.1,744.05,744.9,3491
2026-04-20 10:25:00,744.9,746.05,744.0,745.55,2586
2026-04-20 10:35:00,745.55,746.95,743.6,746.2,8299
2026-04-20 10:45:00,746.2,746.75,745.4,745.9,2911
2026-04-20 10:55:00,745.9,746.5,745.3,745.5,2407
2026-04-20 11:05:00,745.5,746.1,745.1,745.3,2060
2026-04-20 11:15:00,745.3,745.3,744.25,744.8,2383
2026-04-20 11:25:00,744.8,746.55,744.35,745.0,4247
2026-04-20 11:35:00,745.0,745.5,744.45,745.0,2263
2026-04-20 11:45:00,745.0,745.85,744.5,745.85,956
2026-04-20 11:55:00,745.85,745.85,744.55,745.25,2530
2026-04-20 12:05:00,745.25,745.25,744.0,744.85,3124
2026-04-20 12:15:00,744.85,744.85,744.05,744.05,1431
2026-04-20 12:25:00,744.05,745.2,744.05,745.2,1364
2026-04-20 12:35:00,745.2,745.25,744.35,745.2,2420
2026-04-20 12:45:00,745.2,748.0,745.2,747.2,5651
2026-04-20 12:55:00,747.2,747.45,744.05,745.0,8462
2026-04-20 13:05:00,745.0,745.0,741.65,742.3,9839
2026-04-20 13:15:00,742.3,742.85,740.5,740.55,1890
2026-04-20 13:25:00,741.0,741.0,736.4,739.75,25147
2026-04-20 13:35:00,739.75,740.0,738.65,739.5,13238
2026-04-20 13:45:00,739.1,746.0,739.1,745.5,16925
2026-04-20 13:55:00,745.5,747.1,745.5,746.5,2518
2026-04-20 14:05:00,746.5,746.95,745.0,746.95,3268
2026-04-20 14:15:00,746.95,750.0,746.5,748.2,33168
2026-04-20 14:25:00,748.2,748.85,743.05,745.0,18921
2026-04-20 14:35:00,743.75,745.55,743.75,744.95,2914
2026-04-20 14:45:00,744.95,745.9,744.4,745.85,2342
2026-04-20 14:55:00,745.85,745.85,743.25,744.3,3143
2026-04-20 15:05:00,744.3,747.4,744.3,744.6,15724
2026-04-20 15:15:00,744.6,744.6,740.4,740.95,14081
2026-04-20 15:25:00,740.95,742.25,740.4,741.5,6473
2026-04-21 09:15:00,741.5,748.65,741.5,743.25,14513
2026-04-21 09:25:00,743.05,745.65,742.25,744.55,5780
2026-04-21 09:35:00,744.55,745.15,743.25,744.45,4750
2026-04-21 09:45:00,744.45,744.85,743.25,744.0,2013
2026-04-21 09:55:00,744.0,745.0,743.3,745.0,2179
2026-04-21 10:05:00,745.0,745.6,743.95,745.2,5069
2026-04-21 10:15:00,745.2,749.35,745.2,746.9,5737
2026-04-21 10:25:00,746.9,748.3,746.0,747.8,7589
2026-04-21 10:35:00,747.8,748.7,746.65,747.0,5367
2026-04-21 10:45:00,747.0,750.7,746.75,748.2,6215
2026-04-21 10:55:00,748.2,749.25,746.65,746.85,3046
2026-04-21 11:05:00,746.85,749.8,746.85,748.75,1675
2026-04-21 11:15:00,748.75,749.65,746.85,746.95,3527
2026-04-21 11:25:00,747.35,750.25,746.65,748.7,3137
2026-04-21 11:35:00,748.7,751.45,748.0,750.0,6862
2026-04-21 11:45:00,750.0,751.0,749.7,751.0,708
2026-04-21 11:55:00,751.0,752.25,750.5,751.2,2893
2026-04-21 12:05:00,751.2,752.05,751.0,752.0,1666
2026-04-21 12:15:00,752.2,752.25,750.05,751.1,4444
2026-04-21 12:25:00,751.1,752.8,751.0,751.15,3117
2026-04-21 12:35:00,751.15,753.1,750.3,751.0,5894
2026-04-21 12:45:00,752.2,752.2,750.0,750.0,3829
2026-04-21 12:55:00,750.0,750.0,747.65,750.0,5005
2026-04-21 13:05:00,750.0,750.0,748.75,749.05,515
2026-04-21 13:15:00,749.05,749.95,749.05,749.95,398
2026-04-21 13:25:00,749.95,750.0,749.5,750.0,805
2026-04-21 13:35:00,750.0,750.0,747.65,747.75,3127
2026-04-21 13:45:00,747.75,749.2,747.2,748.2,5374
2026-04-21 13:55:00,748.2,748.7,744.9,746.1,5713
2026-04-21 14:05:00,746.1,746.3,744.0,744.15,3509
2026-04-21 14:15:00,744.15,747.5,744.15,746.15,1759
2026-04-21 14:25:00,746.15,747.05,745.05,745.5,3574
2026-04-21 14:35:00,745.05,745.05,743.5,743.75,3914
2026-04-21 14:45:00,743.75,744.9,743.65,743.7,2044
2026-04-21 14:55:00,743.7,744.6,743.55,743.8,2396
2026-04-21 15:05:00,743.8,745.5,743.8,744.7,3788
2026-04-21 15:15:00,744.7,747.0,744.5,746.4,9261
2026-04-21 15:25:00,745.9,747.05,743.9,745.95,6970
2026-04-22 09:15:00,745.0,752.95,744.0,747.05,26907
2026-04-22 09:25:00,747.05,747.05,745.3,746.85,2741
2026-04-22 09:35:00,746.85,751.0,746.85,750.5,3852
2026-04-22 09:45:00,750.5,751.0,747.85,750.8,5265
2026-04-22 09:55:00,750.8,754.95,750.6,754.45,18625
2026-04-22 10:05:00,755.0,755.0,752.15,754.15,6790
2026-04-22 10:15:00,754.15,756.3,753.15,755.35,9554
2026-04-22 10:25:00,755.35,755.95,754.35,754.4,4265
2026-04-22 10:35:00,754.3,755.45,751.55,753.0,5445
2026-04-22 10:45:00,753.0,753.5,752.15,752.9,4454
2026-04-22 10:55:00,752.9,753.75,750.95,752.6,1991
2026-04-22 11:05:00,752.6,753.85,751.8,752.0,3408
2026-04-22 11:15:00,752.0,753.6,751.25,751.45,1676
2026-04-22 11:25:00,752.0,752.0,751.15,751.2,454
2026-04-22 11:35:00,751.2,752.3,750.55,752.3,2248
2026-04-22 11:45:00,752.3,753.7,751.75,753.15,1742
2026-04-22 11:55:00,753.15,753.95,751.0,751.15,1581
2026-04-22 12:05:00,751.15,752.6,748.95,750.0,4189
2026-04-22 12:15:00,751.0,751.7,749.85,750.2,1172
2026-04-22 12:25:00,750.2,751.5,750.2,750.75,1176
2026-04-22 12:35:00,750.75,751.9,750.75,750.95,635
2026-04-22 12:45:00,750.95,751.95,749.45,749.75,1115
2026-04-22 12:55:00,749.75,750.45,749.0,749.15,7026
2026-04-22 13:05:00,750.05,751.4,741.15,743.0,26001
2026-04-22 13:15:00,743.0,744.5,740.3,742.0,12480
2026-04-22 13:25:00,742.0,744.35,742.0,744.35,3832
2026-04-22 13:35:00,744.35,745.6,743.2,745.6,4732
2026-04-22 13:45:00,745.6,745.6,742.6,742.75,2421
2026-04-22 13:55:00,742.75,745.0,742.75,743.5,3029
2026-04-22 14:05:00,743.5,744.75,741.0,744.65,8430
2026-04-22 14:15:00,744.65,744.7,740.5,741.75,17175
2026-04-22 14:25:00,741.75,743.4,741.7,742.05,2133
2026-04-22 14:35:00,742.05,742.65,741.45,742.15,1739
2026-04-22 14:45:00,742.15,743.95,742.15,743.95,4636
2026-04-22 14:55:00,743.95,744.25,742.0,742.45,4937
2026-04-22 15:05:00,742.45,742.9,741.05,741.25,3649
2026-04-22 15:15:00,741.15,742.25,740.4,740.8,16128
2026-04-22 15:25:00,740.35,742.0,738.3,739.0,10457
2026-04-23 09:15:00,740.85,741.85,736.35,738.2,17516
2026-04-23 09:25:00,738.5,740.95,736.6,740.6,18090
2026-04-23 09:35:00,740.6,740.6,732.65,733.5,21899
2026-04-23 09:45:00,733.7,734.9,729.55,733.1,18371
2026-04-23 09:55:00,733.1,734.15,730.8,732.3,6100
2026-04-23 10:05:00,732.3,732.6,728.2,728.35,9377
2026-04-23 10:15:00,728.35,730.0,728.0,728.6,5478
2026-04-23 10:25:00,728.0,729.1,727.0,727.0,8228
2026-04-23 10:35:00,727.1,728.15,725.5,726.0,6014
2026-04-23 10:45:00,726.0,726.0,724.0,725.0,8232
2026-04-23 10:55:00,725.0,727.0,724.7,725.6,5288
2026-04-23 11:05:00,725.6,725.9,722.7,723.35,7982
2026-04-23 11:15:00,723.35,723.8,721.1,721.75,7837
2026-04-23 11:25:00,721.65,722.0,720.0,721.5,5623
2026-04-23 11:35:00,721.6,722.0,721.0,721.7,5211
2026-04-23 11:45:00,721.7,727.25,721.2,726.4,7381
2026-04-23 11:55:00,726.4,747.85,726.4,747.0,93749
2026-04-23 12:05:00,747.55,748.0,742.05,744.1,16122
2026-04-23 12:15:00,744.1,754.8,742.85,753.25,48184
2026-04-23 12:25:00,752.85,758.95,746.85,756.75,44179
2026-04-23 12:35:00,756.75,758.95,753.55,754.05,26774
2026-04-23 12:45:00,754.0,754.8,752.5,753.4,12569
2026-04-23 12:55:00,753.55,753.9,752.5,753.9,3074
2026-04-23 13:05:00,753.9,755.0,753.6,754.55,3605
2026-04-23 13:15:00,755.0,760.0,754.55,756.3,53199
2026-04-23 13:25:00,756.9,759.55,755.35,758.2,15740
2026-04-23 13:35:00,758.2,758.7,756.85,756.85,17737
2026-04-23 13:45:00,757.0,758.1,756.85,757.95,5849
2026-04-23 13:55:00,757.85,759.5,753.5,755.65,20401
2026-04-23 14:05:00,755.65,755.65,752.35,753.6,18114
2026-04-23 14:15:00,753.3,755.1,752.85,754.55,2289
2026-04-23 14:25:00,754.45,756.8,753.75,755.0,5288
2026-04-23 14:35:00,754.3,754.95,753.0,753.25,4271
2026-04-23 14:45:00,753.25,755.85,753.0,755.85,6720
2026-04-23 14:55:00,755.0,757.8,754.5,756.6,8142
2026-04-23 15:05:00,756.6,757.0,755.05,755.45,9626
2026-04-23 15:15:00,755.45,756.45,754.5,755.75,21221
2026-04-23 15:25:00,756.0,759.95,755.95,759.0,15913
2026-04-24 09:15:00,761.5,764.0,753.4,754.1,43661
2026-04-24 09:25:00,754.1,754.1,740.95,743.6,33105
2026-04-24 09:35:00,743.8,744.6,739.9,742.8,13519
2026-04-24 09:45:00,742.8,743.05,740.2,740.75,9887
2026-04-24 09:55:00,740.75,745.5,739.8,745.2,5612
2026-04-24 10:05:00,745.2,745.2,741.0,742.75,22739
2026-04-24 10:15:00,742.75,742.75,737.3,738.1,6570
2026-04-24 10:25:00,738.5,740.85,738.45,739.35,3392
2026-04-24 10:35:00,739.35,740.6,738.8,739.25,1746
2026-04-24 10:45:00,738.75,739.85,738.1,739.85,1825
2026-04-24 10:55:00,739.55,740.8,738.15,738.4,2741
2026-04-24 11:05:00,738.4,739.55,732.0,734.85,18822
2026-04-24 11:15:00,734.85,735.0,722.55,727.6,67232
2026-04-24 11:25:00,727.55,730.9,727.15,729.85,12578
2026-04-24 11:35:00,729.85,731.4,728.95,728.95,5416
2026-04-24 11:45:00,729.05,729.5,725.0,726.4,8993
2026-04-24 11:55:00,726.35,727.05,722.0,723.05,21241
2026-04-24 12:05:00,723.0,728.0,722.6,728.0,3913
2026-04-24 12:15:00,728.0,729.05,725.95,726.55,7022
2026-04-24 12:25:00,726.55,727.0,725.15,726.5,6929
2026-04-24 12:35:00,726.5,727.0,724.85,726.5,3260
2026-04-24 12:45:00,726.55,727.4,725.0,726.85,4044
2026-04-24 12:55:00,727.15,727.55,724.8,725.75,2678
2026-04-24 13:05:00,725.8,725.9,723.9,724.0,3434
2026-04-24 13:15:00,724.0,724.6,723.25,724.05,4122
2026-04-24 13:25:00,724.05,724.1,722.15,722.45,3516
2026-04-24 13:35:00,722.45,723.05,720.6,721.6,6295
2026-04-24 13:45:00,721.6,723.9,721.2,723.9,3512
2026-04-24 13:55:00,723.9,723.9,721.35,722.25,4667
2026-04-24 14:05:00,722.25,722.25,720.5,720.5,2951
2026-04-24 14:15:00,720.5,722.65,720.5,721.0,3277
2026-04-24 14:25:00,721.8,722.85,720.65,721.8,5908
2026-04-24 14:35:00,722.4,724.45,721.35,724.3,4947
2026-04-24 14:45:00,724.3,725.0,722.55,724.6,8552
2026-04-24 14:55:00,724.6,724.9,720.6,720.6,10130
2026-04-24 15:05:00,721.1,721.1,716.45,717.0,27635
2026-04-24 15:15:00,717.0,719.5,715.0,717.55,28340
2026-04-24 15:25:00,717.5,721.55,715.1,721.05,20860
2026-04-27 09:15:00,726.0,732.85,725.0,727.7,20767
2026-04-27 09:25:00,727.7,733.0,726.0,731.5,7816
2026-04-27 09:35:00,731.65,737.4,730.05,737.4,9320
2026-04-27 09:45:00,736.75,739.0,736.0,739.0,6214
2026-04-27 09:55:00,739.5,739.5,735.25,735.7,4823
2026-04-27 10:05:00,735.7,736.5,733.8,734.15,3016
2026-04-27 10:15:00,734.15,736.95,734.15,735.35,2238
2026-04-27 10:25:00,735.75,736.95,734.45,736.15,2759
2026-04-27 10:35:00,736.15,736.85,735.0,736.5,4368
2026-04-27 10:45:00,736.5,738.35,736.0,736.9,3466
2026-04-27 10:55:00,736.9,738.6,735.15,738.2,8996
2026-04-27 11:05:00,738.2,738.2,735.75,737.3,2852
2026-04-27 11:15:00,737.3,738.0,736.95,737.0,1542
2026-04-27 11:25:00,737.0,737.6,736.35,736.55,2310
2026-04-27 11:35:00,736.55,736.55,732.2,733.35,3068
2026-04-27 11:45:00,733.35,735.55,733.2,735.55,1006
2026-04-27 11:55:00,735.55,737.95,735.55,737.0,2382
2026-04-27 12:05:00,737.0,741.7,736.5,740.4,9866
2026-04-27 12:15:00,740.4,741.45,739.35,741.3,1847
2026-04-27 12:25:00,741.3,744.0,740.0,742.4,5669
2026-04-27 12:35:00,742.4,746.8,741.0,745.55,10909
2026-04-27 12:45:00,745.55,746.0,743.45,745.9,7208
2026-04-27 12:55:00,745.3,750.5,745.3,750.05,14205
2026-04-27 13:05:00,750.05,752.85,749.3,751.05,23638
2026-04-27 13:15:00,751.8,752.0,749.4,750.2,7046
2026-04-27 13:25:00,750.2,750.85,750.0,750.0,2960
2026-04-27 13:35:00,750.0,750.5,749.85,750.0,2354
2026-04-27 13:45:00,750.0,751.05,750.0,750.0,1996
2026-04-27 13:55:00,750.0,750.65,749.75,750.0,3398
2026-04-27 14:05:00,750.0,750.6,750.0,750.45,1154
2026-04-27 14:15:00,750.45,750.6,750.0,750.0,1747
2026-04-27 14:25:00,750.0,751.0,749.0,751.0,10285
2026-04-27 14:35:00,751.0,751.35,750.2,751.15,2130
2026-04-27 14:45:00,750.6,751.6,750.45,750.95,1767
2026-04-27 14:55:00,750.95,751.0,750.0,750.3,6524
2026-04-27 15:05:00,750.75,750.75,749.5,750.0,7762
2026-04-27 15:15:00,750.05,751.5,749.05,750.5,13955
2026-04-27 15:25:00,750.0,754.0,750.0,750.5,10324
2026-04-28 09:15:00,736.3,754.2,736.3,750.55,32151
2026-04-28 09:25:00,750.7,753.0,743.85,745.15,22930
2026-04-28 09:35:00,745.0,755.55,744.35,754.75,13023
2026-04-28 09:45:00,754.75,757.9,751.1,752.25,7941
2026-04-28 09:55:00,752.25,753.45,750.75,752.0,2632
2026-04-28 10:05:00,752.0,752.85,751.0,752.0,3425
2026-04-28 10:15:00,752.0,752.45,750.3,751.0,3626
2026-04-28 10:25:00,751.0,752.5,750.25,751.7,5501
2026-04-28 10:35:00,751.7,751.7,747.05,748.2,12389
2026-04-28 10:45:00,747.85,747.85,745.55,746.4,1728
2026-04-28 10:55:00,747.4,752.85,747.35,752.15,6614
2026-04-28 11:05:00,752.15,753.05,749.0,753.05,9057
2026-04-28 11:15:00,753.05,753.5,751.0,751.3,1966
2026-04-28 11:25:00,751.55,751.6,748.9,750.1,2400
2026-04-28 11:35:00,750.1,750.85,748.5,749.7,2082
2026-04-28 11:45:00,749.7,751.25,747.4,748.25,10825
2026-04-28 11:55:00,748.15,751.95,746.2,751.1,19584
2026-04-28 12:05:00,751.1,751.1,749.0,750.55,9938
2026-04-28 12:15:00,750.9,751.0,750.0,750.0,1266
2026-04-28 12:25:00,750.0,750.3,748.15,749.05,5787
2026-04-28 12:35:00,749.05,751.7,749.05,750.0,3710
2026-04-28 12:45:00,750.0,752.55,749.2,751.5,6488
2026-04-28 12:55:00,751.5,751.8,750.1,750.8,5641
2026-04-28 13:05:00,750.8,760.0,750.8,758.5,50789
2026-04-28 13:15:00,758.05,763.9,757.0,763.3,46782
2026-04-28 13:25:00,763.25,773.0,763.05,768.45,216817
2026-04-28 13:35:00,768.45,769.0,765.45,766.85,12469
2026-04-28 13:45:00,765.9,773.5,765.5,772.0,41779
2026-04-28 13:55:00,772.0,778.8,772.0,775.65,38372
2026-04-28 14:05:00,775.65,775.95,775.0,775.0,21565
2026-04-28 14:15:00,775.0,776.0,775.0,775.4,26095
2026-04-28 14:25:00,775.4,776.9,775.0,776.0,8341
2026-04-28 14:35:00,776.0,777.0,775.25,776.0,9439
2026-04-28 14:45:00,776.0,777.0,775.0,775.1,16994
2026-04-28 14:55:00,775.05,781.0,775.0,780.25,43850
2026-04-28 15:05:00,780.95,782.0,777.2,780.65,39857
2026-04-28 15:15:00,780.6,782.55,780.0,780.35,46818
2026-04-28 15:25:00,780.35,789.0,774.0,778.3,56582
2026-04-29 09:15:00,782.95,785.5,779.0,780.0,25276
2026-04-29 09:25:00,780.6,786.0,780.0,786.0,13267
2026-04-29 09:35:00,785.35,785.8,782.3,782.95,7660
2026-04-29 09:45:00,782.95,782.95,776.0,776.85,14263
2026-04-29 09:55:00,776.85,780.6,776.0,780.6,9092
2026-04-29 10:05:00,780.6,783.95,780.2,780.65,7594
2026-04-29 10:15:00,780.65,781.3,779.0,779.75,1793
2026-04-29 10:25:00,779.75,781.05,778.6,779.0,5486
2026-04-29 10:35:00,779.0,779.0,776.0,776.0,4220
2026-04-29 10:45:00,776.0,777.4,774.2,777.4,7631
2026-04-29 10:55:00,777.4,777.55,775.0,775.15,4486
2026-04-29 11:05:00,775.15,775.8,774.1,775.1,2634
2026-04-29 11:15:00,775.1,781.15,775.1,781.15,4019
2026-04-29 11:25:00,781.15,781.15,777.05,778.45,2372
2026-04-29 11:35:00,778.45,781.0,778.45,779.55,4530
2026-04-29 11:45:00,779.55,781.45,778.25,778.3,6426
2026-04-29 11:55:00,778.3,778.75,776.4,777.55,5242
2026-04-29 12:05:00,777.55,778.8,777.25,777.6,1815
2026-04-29 12:15:00,777.6,778.1,776.55,777.35,1253
2026-04-29 12:25:00,777.0,777.0,775.3,776.8,1092
2026-04-29 12:35:00,776.8,777.0,775.05,776.0,806
2026-04-29 12:45:00,776.0,779.55,776.0,779.55,4999
2026-04-29 12:55:00,779.55,793.7,779.55,789.25,51810
2026-04-29 13:05:00,789.4,792.4,788.0,788.55,11780
2026-04-29 13:15:00,788.55,788.55,785.4,787.05,4608
2026-04-29 13:25:00,787.05,787.5,785.15,786.95,3429
2026-04-29 13:35:00,786.95,787.7,785.5,786.3,2729
2026-04-29 13:45:00,786.3,787.0,785.0,786.65,11626
2026-04-29 13:55:00,786.65,786.65,785.0,785.0,19854
2026-04-29 14:05:00,785.0,801.5,785.0,800.2,93733
2026-04-29 14:15:00,800.0,800.0,795.05,795.7,15995
2026-04-29 14:25:00,795.7,797.95,792.4,795.75,9474
2026-04-29 14:35:00,796.35,805.0,795.7,803.2,44065
2026-04-29 14:45:00,803.2,805.0,800.25,804.0,37215
2026-04-29 14:55:00,804.0,805.0,800.25,804.0,50629
2026-04-29 15:05:00,804.0,805.0,803.35,804.0,25221
2026-04-29 15:15:00,804.25,807.9,804.0,805.3,48614
2026-04-29 15:25:00,805.35,806.0,796.25,805.8,117247
2026-04-30 09:15:00,798.95,806.0,790.0,791.6,41623
2026-04-30 09:25:00,790.9,796.8,788.45,796.8,40470
2026-04-30 09:35:00,795.95,796.1,789.05,794.35,12100
2026-04-30 09:45:00,794.0,794.2,789.75,792.4,13494
2026-04-30 09:55:00,792.4,792.4,786.85,787.0,7513
2026-04-30 10:05:00,787.0,787.0,783.0,784.1,11351
2026-04-30 10:15:00,784.1,784.75,782.0,783.5,8544
2026-04-30 10:25:00,783.5,784.2,782.05,782.1,5421
2026-04-30 10:35:00,782.1,786.95,782.1,786.8,11206
2026-04-30 10:45:00,786.8,786.8,783.05,783.05,6185
2026-04-30 10:55:00,783.05,785.0,782.25,783.25,4220
2026-04-30 11:05:00,783.9,787.0,783.9,784.95,3870
2026-04-30 11:15:00,784.95,785.55,783.0,784.5,8668
2026-04-30 11:25:00,784.5,796.05,784.15,795.85,24654
2026-04-30 11:35:00,795.85,814.7,795.8,812.9,137063
2026-04-30 11:45:00,812.35,814.6,811.3,812.4,29346
2026-04-30 11:55:00,812.4,812.4,807.2,809.95,14103
2026-04-30 12:05:00,809.95,812.0,808.5,809.05,8019
2026-04-30 12:15:00,808.45,809.55,806.5,807.75,4718
2026-04-30 12:25:00,807.75,819.35,807.75,819.0,87537
2026-04-30 12:35:00,818.45,818.8,816.05,817.0,17156
2026-04-30 12:45:00,817.0,817.35,815.0,816.35,14191
2026-04-30 12:55:00,817.25,817.45,815.15,816.0,4317
2026-04-30 13:05:00,816.0,816.4,815.0,815.95,9570
2026-04-30 13:15:00,815.9,817.0,815.0,815.4,14198
2026-04-30 13:25:00,815.35,822.35,815.0,821.7,47485
2026-04-30 13:35:00,821.85,822.3,820.0,822.0,27788
2026-04-30 13:45:00,822.0,822.5,820.0,820.35,109824
2026-04-30 13:55:00,820.35,825.0,817.5,821.95,109931
2026-04-30 14:05:00,821.95,823.35,820.2,822.4,17902
2026-04-30 14:15:00,822.4,822.6,820.0,821.5,7090
2026-04-30 14:25:00,821.5,822.5,820.0,820.9,31689
2026-04-30 14:35:00,820.9,822.25,820.9,821.3,7487
2026-04-30 14:45:00,822.05,823.9,820.0,820.3,41601
2026-04-30 14:55:00,820.3,821.9,814.1,821.65,122201
2026-04-30 15:05:00,821.2,821.7,820.0,820.0,34074
2026-04-30 15:15:00,820.25,822.0,820.0,820.2,46768
2026-04-30 15:25:00,820.2,821.0,820.0,820.0,19709
2026-05-04 09:15:00,820.0,828.25,820.0,828.25,31634
2026-05-04 09:25:00,828.25,831.0,826.5,828.55,42643
2026-05-04 09:35:00,828.55,828.6,826.0,828.0,11544
2026-05-04 09:45:00,828.0,833.0,826.6,833.0,75362
2026-05-04 09:55:00,832.95,833.55,828.9,829.25,15884
2026-05-04 10:05:00,828.9,829.15,824.3,825.55,11012
2026-05-04 10:15:00,825.55,826.5,822.7,822.7,6922
2026-05-04 10:25:00,822.7,826.95,822.0,825.1,8448
2026-05-04 10:35:00,825.1,827.45,824.4,826.05,5371
2026-05-04 10:45:00,825.8,827.35,825.0,825.5,1986
2026-05-04 10:55:00,825.5,829.0,824.0,829.0,10899
2026-05-04 11:05:00,829.0,829.65,825.95,827.15,4678
2026-05-04 11:15:00,827.15,827.75,825.0,825.15,2376
2026-05-04 11:25:00,825.15,827.0,825.0,826.9,3914
2026-05-04 11:35:00,826.9,826.9,824.25,825.05,5118
2026-05-04 11:45:00,825.05,825.25,822.55,822.6,1960
2026-05-04 11:55:00,822.6,823.2,821.0,821.25,5411
2026-05-04 12:05:00,821.25,821.9,816.05,816.75,9684
2026-05-04 12:15:00,816.5,817.75,814.25,815.6,7898
2026-05-04 12:25:00,815.6,815.6,812.0,812.0,1727
2026-05-04 12:35:00,812.0,814.75,812.0,813.3,7761
2026-05-04 12:45:00,813.3,813.3,808.6,810.5,12482
2026-05-04 12:55:00,810.5,811.85,810.0,810.8,1684
2026-05-04 13:05:00,810.8,812.65,810.8,811.8,2247
2026-05-04 13:15:00,811.8,812.95,808.6,810.4,3123
2026-05-04 13:25:00,810.0,810.25,807.5,808.5,6806
2026-05-04 13:35:00,808.5,812.6,807.65,812.6,5018
2026-05-04 13:45:00,812.6,812.8,810.85,811.5,3797
2026-05-04 13:55:00,811.3,812.85,809.15,811.35,3178
2026-05-04 14:05:00,811.35,824.75,811.35,823.6,36669
2026-05-04 14:15:00,823.95,825.0,822.5,823.6,6012
2026-05-04 14:25:00,823.65,824.75,822.55,823.8,1826
2026-05-04 14:35:00,823.8,824.05,822.0,822.9,5110
2026-05-04 14:45:00,823.35,824.05,822.3,824.0,2824
2026-05-04 14:55:00,824.45,824.6,823.1,823.8,6216
2026-05-04 15:05:00,823.8,824.0,820.45,821.4,7827
2026-05-04 15:15:00,821.4,822.95,820.0,821.35,18739
2026-05-04 15:25:00,821.4,822.7,821.1,822.3,15274
2026-05-05 09:15:00,810.1,828.0,810.1,820.15,22615
2026-05-05 09:25:00,820.15,823.55,816.85,819.1,23280
2026-05-05 09:35:00,819.1,819.5,808.0,817.1,43447
2026-05-05 09:45:00,817.0,824.0,817.0,821.8,57558
2026-05-05 09:55:00,821.8,824.85,820.55,821.3,9523
2026-05-05 10:05:00,821.3,822.4,817.4,821.6,40944
2026-05-05 10:15:00,821.6,822.0,818.0,818.0,69791
2026-05-05 10:25:00,817.9,825.9,817.0,824.5,23184
2026-05-05 10:35:00,823.8,823.95,821.65,822.0,3006
2026-05-05 10:45:00,822.0,824.05,821.0,823.7,1946
2026-05-05 10:55:00,823.0,824.95,821.5,824.15,3447
2026-05-05 11:05:00,824.75,824.8,822.8,824.0,2318
2026-05-05 11:15:00,824.0,824.9,823.0,823.6,2998
2026-05-05 11:25:00,823.6,824.35,823.0,823.0,1433
2026-05-05 11:35:00,823.0,824.0,821.5,822.95,1449
2026-05-05 11:45:00,822.95,822.95,821.35,822.25,1156
2026-05-05 11:55:00,822.25,822.25,820.4,821.15,645
2026-05-05 12:05:00,821.15,822.8,821.05,822.8,870
2026-05-05 12:15:00,822.8,824.15,822.05,823.35,2690
2026-05-05 12:25:00,823.35,823.65,822.0,822.7,891
2026-05-05 12:35:00,822.7,824.0,821.25,823.7,4356
2026-05-05 12:45:00,823.7,824.8,822.75,822.75,2117
2026-05-05 12:55:00,822.75,823.3,821.95,822.5,4573
2026-05-05 13:05:00,822.5,823.45,822.3,822.4,383
2026-05-05 13:15:00,822.4,822.5,820.0,820.9,4716
2026-05-05 13:25:00,820.9,822.9,820.0,821.65,4961
2026-05-05 13:35:00,821.65,822.25,820.45,821.1,1301
2026-05-05 13:45:00,820.95,822.95,820.5,822.85,3629
2026-05-05 13:55:00,822.85,822.9,821.05,821.2,2281
2026-05-05 14:05:00,821.2,822.7,821.05,821.55,1924
2026-05-05 14:15:00,821.55,823.15,821.2,822.15,2317
2026-05-05 14:25:00,822.15,822.9,820.0,820.0,1883
2026-05-05 14:35:00,820.0,821.75,820.0,821.65,856
2026-05-05 14:45:00,821.65,821.75,820.0,821.0,3998
2026-05-05 14:55:00,820.9,821.65,820.0,820.85,3012
2026-05-05 15:05:00,820.85,821.0,820.0,820.15,6616
2026-05-05 15:15:00,820.75,823.5,820.35,822.95,25000
2026-05-05 15:25:00,821.9,823.65,820.0,823.0,15701
2026-05-06 09:15:00,825.0,830.9,823.4,825.0,19521
2026-05-06 09:25:00,824.3,825.8,821.15,821.4,11043
2026-05-06 09:35:00,821.0,821.3,818.15,821.3,6228
2026-05-06 09:45:00,821.3,821.3,818.1,818.75,4422
2026-05-06 09:55:00,818.75,820.65,811.95,812.7,15862
2026-05-06 10:05:00,813.0,817.45,813.0,817.2,4985
2026-05-06 10:15:00,817.2,817.2,814.55,816.1,3364
2026-05-06 10:25:00,816.1,817.05,815.0,816.0,2148
2026-05-06 10:35:00,816.45,816.45,813.55,815.0,3933
2026-05-06 10:45:00,815.0,815.55,814.05,814.65,2189
2026-05-06 10:55:00,814.65,814.95,814.0,814.8,2353
2026-05-06 11:05:00,814.8,815.95,814.15,815.25,739
2026-05-06 11:15:00,815.25,815.8,814.75,815.2,697
2026-05-06 11:25:00,815.2,815.85,815.05,815.4,811
2026-05-06 11:35:00,815.4,815.8,814.2,814.2,2508
2026-05-06 11:45:00,814.2,816.1,814.2,815.95,3035
2026-05-06 11:55:00,815.95,816.25,814.45,815.0,2885
2026-05-06 12:05:00,815.0,815.65,813.25,813.35,1619
2026-05-06 12:15:00,813.35,813.35,810.1,810.7,4151
2026-05-06 12:25:00,810.75,812.0,810.2,811.0,3126
2026-05-06 12:35:00,811.0,812.45,811.0,811.0,5627
2026-05-06 12:45:00,811.0,820.3,809.35,816.7,32814
2026-05-06 12:55:00,816.7,816.95,815.3,815.85,2274
2026-05-06 13:05:00,815.85,823.5,815.55,820.2,11145
2026-05-06 13:15:00,820.8,821.35,820.0,820.55,1055
2026-05-06 13:25:00,820.3,825.05,819.4,823.3,16542
2026-05-06 13:35:00,823.3,824.0,822.55,823.5,3257
2026-05-06 13:45:00,823.5,825.0,823.5,824.4,2626
2026-05-06 13:55:00,824.4,824.9,821.7,822.35,3411
2026-05-06 14:05:00,822.35,823.2,821.4,821.4,777
2026-05-06 14:15:00,821.4,824.8,821.4,824.15,3617
2026-05-06 14:25:00,824.5,824.95,822.6,823.9,5445
2026-05-06 14:35:00,823.9,824.0,822.0,822.6,3571
2026-05-06 14:45:00,822.75,824.5,822.55,823.35,1969
2026-05-06 14:55:00,823.35,823.8,822.05,822.6,2960
2026-05-06 15:05:00,822.6,822.95,820.2,821.75,5043
2026-05-06 15:15:00,821.45,823.0,820.0,821.25,17901
2026-05-06 15:25:00,821.25,823.9,820.05,822.0,8871
2026-05-07 09:15:00,822.8,839.3,822.75,834.9,48283
2026-05-07 09:25:00,834.9,839.8,834.0,835.5,58234
2026-05-07 09:35:00,835.5,835.5,832.15,834.0,10979
2026-05-07 09:45:00,834.0,835.0,830.3,834.6,16358
2026-05-07 09:55:00,833.95,836.75,833.5,835.95,7699
2026-05-07 10:05:00,836.0,837.5,834.9,837.0,13938
2026-05-07 10:15:00,837.0,839.55,836.15,839.0,23057
2026-05-07 10:25:00,839.65,858.9,839.65,858.35,129104
2026-05-07 10:35:00,857.95,859.55,853.0,856.95,62019
2026-05-07 10:45:00,856.95,858.95,850.3,852.0,35104
2026-05-07 10:55:00,851.95,853.0,842.15,844.0,48419
2026-05-07 11:05:00,844.25,845.7,838.95,842.2,36731
2026-05-07 11:15:00,842.55,843.5,839.2,841.05,25030
2026-05-07 11:25:00,841.05,843.1,840.0,842.35,9055
2026-05-07 11:35:00,842.35,843.95,842.0,843.4,6211
2026-05-07 11:45:00,843.0,843.95,839.0,839.05,28528
2026-05-07 11:55:00,839.05,839.95,838.1,839.15,10417
2026-05-07 12:05:00,839.15,840.0,838.15,838.85,5977
2026-05-07 12:15:00,838.85,839.0,835.1,837.15,14177
2026-05-07 12:25:00,836.4,837.25,832.5,834.3,19925
2026-05-07 12:35:00,835.0,835.0,828.8,829.3,20490
2026-05-07 12:45:00,829.3,829.8,826.9,828.7,14307
2026-05-07 12:55:00,828.55,829.75,827.75,827.8,10964
2026-05-07 13:05:00,827.8,830.0,827.8,830.0,5528
2026-05-07 13:15:00,830.0,830.0,826.4,828.7,10099
2026-05-07 13:25:00,828.7,830.0,823.0,823.75,43156
2026-05-07 13:35:00,823.75,825.0,822.8,824.8,8638
2026-05-07 13:45:00,824.55,825.0,824.0,825.0,4518
2026-05-07 13:55:00,825.0,825.0,824.4,824.5,8662
2026-05-07 14:05:00,824.5,826.35,824.1,826.35,15359
2026-05-07 14:15:00,823.5,823.5,818.15,821.95,57960
2026-05-07 14:25:00,821.95,824.0,821.95,824.0,5167
2026-05-07 14:35:00,824.0,824.45,822.8,823.45,6195
2026-05-07 14:45:00,823.45,824.2,823.0,823.75,4901
2026-05-07 14:55:00,823.75,824.0,821.1,822.4,9124
2026-05-07 15:05:00,822.25,822.7,821.0,821.55,6867
2026-05-07 15:15:00,820.6,824.45,820.0,822.75,26518
2026-05-07 15:25:00,823.55,824.85,821.2,823.5,17286
2026-05-08 09:15:00,825.0,832.15,825.0,829.35,24192
2026-05-08 09:25:00,829.35,835.45,828.5,833.7,25429
2026-05-08 09:35:00,835.0,835.0,827.4,829.25,21975
2026-05-08 09:45:00,829.25,838.05,827.5,836.4,36383
2026-05-08 09:55:00,837.0,837.0,832.8,834.0,7135
2026-05-08 10:05:00,834.0,835.0,833.05,834.5,6378
2026-05-08 10:15:00,834.5,834.5,832.0,833.65,5676
2026-05-08 10:25:00,833.65,834.5,833.0,834.5,2808
2026-05-08 10:35:00,834.5,834.5,831.2,832.15,8581
2026-05-08 10:45:00,832.15,833.0,830.55,830.75,1843
2026-05-08 10:55:00,830.75,834.0,830.75,834.0,3689
2026-05-08 11:05:00,834.0,834.0,833.2,833.8,1490
2026-05-08 11:15:00,833.8,833.9,831.7,832.3,2311
2026-05-08 11:25:00,832.3,832.65,831.1,832.1,2329
2026-05-08 11:35:00,832.1,833.0,831.95,832.05,1272
2026-05-08 11:45:00,832.0,833.0,830.25,832.05,4400
2026-05-08 11:55:00,832.05,832.45,831.35,832.0,817
2026-05-08 12:05:00,832.0,833.95,830.1,830.5,4385
2026-05-08 12:15:00,831.05,831.35,829.25,829.8,3379
2026-05-08 12:25:00,830.5,830.95,829.1,829.1,3641
2026-05-08 12:35:00,829.1,829.55,828.15,829.5,4828
2026-05-08 12:45:00,829.5,829.5,828.15,829.15,2385
2026-05-08 12:55:00,829.15,829.15,828.2,828.55,1692
2026-05-08 13:05:00,828.55,829.15,828.0,828.9,1918
2026-05-08 13:15:00,828.9,829.8,828.45,829.0,2145
2026-05-08 13:25:00,829.0,845.2,827.15,845.1,134475
2026-05-08 13:35:00,846.2,854.9,845.0,851.85,95564
2026-05-08 13:45:00,851.85,853.0,849.3,852.1,28593
2026-05-08 13:55:00,852.1,852.1,850.2,850.45,7085
2026-05-08 14:05:00,850.45,853.3,850.2,851.0,12894
2026-05-08 14:15:00,851.55,866.95,850.05,861.9,144798
2026-05-08 14:25:00,861.6,864.85,860.9,864.1,44618
2026-05-08 14:35:00,864.1,865.0,860.0,863.45,53975
2026-05-08 14:45:00,863.85,864.5,862.75,863.5,24298
2026-05-08 14:55:00,863.85,865.0,860.75,863.4,27249
2026-05-08 15:05:00,863.4,864.7,860.15,862.0,25841
2026-05-08 15:15:00,862.0,863.8,860.1,862.45,33003
2026-05-08 15:25:00,862.45,862.95,860.05,862.0,20632
2026-05-11 09:15:00,867.35,879.8,861.15,874.25,227412
2026-05-11 09:25:00,873.45,887.85,867.35,868.1,164041
2026-05-11 09:35:00,869.0,869.5,866.0,867.3,40148
2026-05-11 09:45:00,868.2,868.2,855.2,857.55,53986
2026-05-11 09:55:00,857.7,863.0,851.1,862.0,51095
2026-05-11 10:05:00,862.0,863.0,859.1,862.0,12455
2026-05-11 10:15:00,862.0,862.0,859.1,860.45,9796
2026-05-11 10:25:00,860.8,861.0,858.25,858.35,4211
2026-05-11 10:35:00,859.1,859.2,853.2,854.2,12898
2026-05-11 10:45:00,854.85,856.95,846.3,849.4,24069
2026-05-11 10:55:00,848.05,849.95,844.5,846.95,19187
2026-05-11 11:05:00,846.95,850.0,846.95,849.0,13791
2026-05-11 11:15:00,849.0,849.95,846.05,846.8,23153
2026-05-11 11:25:00,846.2,848.0,846.0,848.0,5303
2026-05-11 11:35:00,848.0,848.8,846.25,848.0,8248
2026-05-11 11:45:00,847.9,848.0,846.2,847.5,2378
2026-05-11 11:55:00,847.5,848.05,846.7,847.0,3038
2026-05-11 12:05:00,847.0,847.9,846.5,847.7,2974
2026-05-11 12:15:00,847.7,848.0,846.5,847.75,5486
2026-05-11 12:25:00,847.75,851.7,847.3,851.0,9846
2026-05-11 12:35:00,850.95,853.1,850.4,852.75,5042
2026-05-11 12:45:00,852.95,854.0,852.25,853.1,8800
2026-05-11 12:55:00,852.85,859.0,852.85,859.0,27375
2026-05-11 13:05:00,859.0,869.65,858.25,867.0,40934
2026-05-11 13:15:00,867.0,868.45,863.0,864.95,14004
2026-05-11 13:25:00,864.95,865.6,862.75,864.9,1911
2026-05-11 13:35:00,864.9,865.7,863.0,864.15,4753
2026-05-11 13:45:00,864.15,864.2,861.0,862.0,3042
2026-05-11 13:55:00,862.1,863.15,860.0,861.8,5111
2026-05-11 14:05:00,861.8,863.8,860.15,862.4,7173
2026-05-11 14:15:00,862.4,863.5,861.95,862.9,9384
2026-05-11 14:25:00,862.9,864.65,861.75,864.35,9186
2026-05-11 14:35:00,864.35,864.8,859.85,860.2,12131
2026-05-11 14:45:00,860.2,860.4,857.5,859.1,5856
2026-05-11 14:55:00,859.1,862.65,857.15,857.4,14142
2026-05-11 15:05:00,857.4,857.8,853.5,856.2,16821
2026-05-11 15:15:00,856.2,857.85,852.8,855.5,26145
2026-05-11 15:25:00,855.5,858.0,853.15,854.1,11128
2026-05-12 09:15:00,852.15,862.5,851.4,852.55,35300
2026-05-12 09:25:00,852.55,852.55,841.9,842.65,33023
2026-05-12 09:35:00,842.65,856.95,841.85,856.95,26315
2026-05-12 09:45:00,855.45,856.3,851.65,853.15,8713
2026-05-12 09:55:00,853.15,854.25,850.25,852.2,11029
2026-05-12 10:05:00,852.15,861.65,850.95,861.5,15994
2026-05-12 10:15:00,860.05,868.0,860.0,865.95,19073
2026-05-12 10:25:00,865.8,866.0,862.3,862.4,6542
2026-05-12 10:35:00,862.05,864.0,860.25,860.8,5949
2026-05-12 10:45:00,860.8,861.6,858.3,859.9,2330
2026-05-12 10:55:00,859.9,860.95,855.05,855.05,11250
2026-05-12 11:05:00,855.05,856.0,852.85,852.85,3689
2026-05-12 11:15:00,852.85,853.6,851.5,852.35,2004
2026-05-12 11:25:00,852.35,852.75,849.85,849.85,2334
2026-05-12 11:35:00,850.0,852.8,850.0,851.8,2574
2026-05-12 11:45:00,851.8,852.1,849.6,851.7,4911
2026-05-12 11:55:00,851.5,853.55,851.5,853.5,2013
2026-05-12 12:05:00,853.5,853.5,848.5,849.7,3728
2026-05-12 12:15:00,849.7,852.2,848.8,851.6,2816
2026-05-12 12:25:00,851.6,852.0,848.0,848.6,3409
2026-05-12 12:35:00,848.6,848.6,843.05,845.0,14365
2026-05-12 12:45:00,845.0,847.0,843.0,845.95,7034
2026-05-12 12:55:00,842.0,845.9,842.0,845.0,7287
2026-05-12 13:05:00,845.0,845.0,842.0,844.6,2513
2026-05-12 13:15:00,844.6,849.85,844.05,844.95,10328
2026-05-12 13:25:00,844.6,848.0,844.15,844.85,4612
2026-05-12 13:35:00,844.85,845.95,843.15,845.2,4741
2026-05-12 13:45:00,845.15,848.8,843.95,843.95,5892
2026-05-12 13:55:00,844.65,844.85,841.25,842.35,4327
2026-05-12 14:05:00,841.7,842.7,832.3,833.25,17597
2026-05-12 14:15:00,832.85,841.0,832.85,840.8,12788
2026-05-12 14:25:00,840.8,840.8,832.0,832.0,20414
2026-05-12 14:35:00,832.6,833.45,824.35,827.0,54394
2026-05-12 14:45:00,826.5,827.6,820.3,822.4,46678
2026-05-12 14:55:00,821.65,823.6,820.0,821.25,22757
2026-05-12 15:05:00,820.5,822.35,815.2,820.25,46153
2026-05-12 15:15:00,819.7,820.7,804.1,816.7,94693
2026-05-12 15:25:00,817.3,822.8,816.0,820.95,20962
2026-05-13 09:20:00,830.75,837.15,825.9,834.0,10803207
2026-05-13 09:25:00,831.7,837.15,828.0,833.4,26161
2026-05-13 09:35:00,833.25,835.8,828.0,835.8,18162
2026-05-13 09:45:00,835.7,842.6,832.0,833.5,25589
2026-05-13 09:55:00,833.0,834.0,825.45,826.9,15176
2026-05-13 10:05:00,827.1,827.85,825.1,827.35,7166
2026-05-13 10:15:00,827.15,829.0,825.6,828.0,8085
2026-05-13 10:25:00,828.0,830.7,827.25,828.0,4360
2026-05-13 10:35:00,828.0,829.4,827.6,829.2,4935
2026-05-13 10:45:00,828.9,830.0,826.85,827.65,3334
2026-05-13 10:55:00,827.4,827.4,811.45,822.25,31762
2026-05-13 11:05:00,822.25,828.0,821.25,828.0,14817
2026-05-13 11:15:00,828.85,834.95,828.85,833.5,9151
2026-05-13 11:25:00,833.0,836.0,832.6,834.85,3862
2026-05-13 11:35:00,834.15,836.95,834.15,836.7,3557
2026-05-13 11:45:00,836.5,836.65,833.35,835.25,4017
2026-05-13 11:55:00,835.4,838.25,833.65,837.85,9051
2026-05-13 12:05:00,838.0,839.9,838.0,838.9,3135
2026-05-13 12:15:00,838.9,839.75,836.7,838.25,3344
2026-05-13 12:25:00,838.25,839.45,837.4,837.85,3825
2026-05-13 12:35:00,838.35,838.5,833.85,836.45,8132
2026-05-13 12:45:00,835.25,839.0,834.0,838.85,6798
2026-05-13 12:55:00,838.85,839.45,835.4,835.5,1531
2026-05-13 13:05:00,835.3,839.6,834.65,838.9,12785
2026-05-13 13:15:00,838.85,839.0,837.0,837.7,3124
2026-05-13 13:25:00,838.15,839.45,836.8,839.45,3784
2026-05-13 13:35:00,839.45,839.7,837.2,838.3,2640
2026-05-13 13:45:00,838.95,838.95,834.5,837.9,15021
2026-05-13 13:55:00,838.45,838.55,835.05,835.05,3046
2026-05-13 14:05:00,835.05,839.0,835.05,838.8,4054
2026-05-13 14:15:00,838.8,839.0,836.25,837.65,3204
2026-05-13 14:25:00,837.65,844.2,837.65,843.85,12799
2026-05-13 14:35:00,844.25,844.7,839.5,840.85,7451
2026-05-13 14:45:00,840.2,841.35,838.2,839.65,7261
2026-05-13 14:55:00,840.75,840.9,835.75,835.85,7372
2026-05-13 15:05:00,835.7,839.6,833.7,838.9,10069
2026-05-13 15:15:00,838.55,839.0,834.0,836.4,18570
2026-05-13 15:25:00,836.15,839.95,835.6,838.0,9143
2026-05-14 09:15:00,845.0,845.95,834.0,842.05,25634
2026-05-14 09:25:00,841.5,844.7,840.6,840.6,13053
2026-05-14 09:35:00,841.05,841.85,823.2,824.05,29387
2026-05-14 09:45:00,824.45,832.05,821.05,822.4,20828
2026-05-14 09:55:00,821.65,825.7,818.0,824.5,17161
2026-05-14 10:05:00,824.45,826.95,823.15,826.7,3224
2026-05-14 10:15:00,826.15,827.85,824.35,825.4,5611
2026-05-14 10:25:00,825.2,826.85,823.2,823.75,3642
2026-05-14 10:35:00,823.75,825.3,821.65,822.15,5121
2026-05-14 10:45:00,822.0,823.45,818.55,822.9,4574
2026-05-14 10:55:00,822.65,823.85,820.4,821.3,2871
2026-05-14 11:05:00,821.0,821.9,818.0,820.75,8463
2026-05-14 11:15:00,821.0,824.4,819.45,822.5,7122
2026-05-14 11:25:00,822.5,825.0,819.6,824.45,2216
2026-05-14 11:35:00,824.45,825.65,823.05,824.85,3714
2026-05-14 11:45:00,824.85,825.3,822.0,823.5,3834
2026-05-14 11:55:00,823.1,823.8,821.1,821.1,4135
2026-05-14 12:05:00,821.1,824.05,821.1,823.5,2783
2026-05-14 12:15:00,823.85,825.45,823.05,824.1,3482
2026-05-14 12:25:00,823.95,824.05,823.0,823.75,794
2026-05-14 12:35:00,823.85,824.9,822.8,823.75,1884
2026-05-14 12:45:00,825.15,835.85,824.05,833.6,25817
2026-05-14 12:55:00,833.9,834.3,832.1,833.3,4995
2026-05-14 13:05:00,833.3,834.0,830.9,831.15,9806
2026-05-14 13:15:00,831.1,832.0,829.3,829.3,6670
2026-05-14 13:25:00,829.85,833.3,828.75,828.75,8569
2026-05-14 13:35:00,829.25,829.25,826.65,828.8,2579
2026-05-14 13:45:00,828.75,830.3,826.7,827.35,1897
2026-05-14 13:55:00,827.35,829.65,827.15,828.1,4097
2026-05-14 14:05:00,827.75,830.0,826.95,829.4,1017
2026-05-14 14:15:00,830.0,830.0,826.05,826.8,3552
2026-05-14 14:25:00,827.15,828.5,826.75,828.0,1692
2026-05-14 14:35:00,828.0,828.9,827.5,828.9,1066
2026-05-14 14:45:00,828.9,828.9,824.95,824.95,3902
2026-05-14 14:55:00,823.95,835.05,822.45,829.6,25901
2026-05-14 15:00:00,829.75,830.4,828.15,829.25,36182206
2026-05-14 15:05:00,830.0,830.4,828.15,830.35,975
2026-05-14 15:10:00,829.25,831.95,829.25,831.35,53335564
2026-05-14 15:20:00,831.05,833.05,829.5,830.6,62406618
2026-05-15 09:20:00,836.3,837.0,826.1,832.65,2975330
2026-05-15 09:30:00,832.8,834.5,827.05,834.5,6651103
2026-05-15 09:40:00,833.8,837.7,833.8,836.25,7560767
2026-05-15 09:50:00,837.5,837.8,836.1,836.1,1140868
2026-05-15 10:00:00,836.1,839.9,833.4,837.9,9530139
2026-05-15 10:10:00,837.9,840.85,837.2,837.25,12860706
2026-05-15 10:20:00,837.25,840.0,835.65,838.45,12122122
2026-05-15 10:30:00,838.45,840.0,838.45,839.0,12800165
2026-05-15 10:40:00,839.0,840.0,838.5,839.45,13699351
2026-05-15 10:50:00,839.45,840.35,839.3,839.65,14709290
2026-05-15 11:40:00,833.55,833.55,832.45,832.6,11658728
2026-05-15 11:50:00,832.6,834.55,832.6,833.3,12440235
2026-05-15 12:00:00,833.3,836.2,832.5,835.35,14661015
2026-05-15 12:10:00,835.2,835.2,831.3,831.95,13579996
2026-05-15 12:20:00,831.95,834.3,831.3,833.05,19057608
2026-05-15 12:30:00,833.05,833.95,823.4,823.4,21125125
2026-05-15 12:40:00,823.4,824.95,823.0,824.5,25547243
2026-05-15 12:50:00,824.5,824.5,821.95,824.3,28636699
2026-05-15 13:00:00,824.3,824.6,820.95,821.65,29894421
2026-05-15 13:10:00,821.65,822.15,820.55,821.5,29587901
2026-05-15 13:20:00,821.45,822.8,821.15,821.65,28633521
2026-05-15 13:30:00,821.65,823.95,821.15,821.7,27144474
2026-05-15 13:40:00,821.35,822.4,820.4,820.85,32937568
2026-05-15 13:50:00,820.85,822.0,819.6,820.25,24780268
2026-05-15 14:00:00,820.25,820.25,818.05,820.1,30396255
2026-05-15 14:10:00,819.5,820.6,818.4,820.15,31068184
2026-05-15 14:20:00,820.15,820.4,818.4,819.2,29380444
2026-05-15 14:30:00,819.2,820.4,818.65,819.55,31847238
2026-05-15 14:40:00,819.55,819.9,817.0,817.0,34201952
2026-05-15 14:50:00,817.0,817.4,815.0,815.55,38972090
2026-05-15 15:00:00,815.45,817.0,813.05,814.4,38561182
2026-05-15 15:10:00,814.4,817.85,813.15,817.15,41730244
2026-05-15 15:20:00,817.15,818.3,813.5,816.8,59017821
2026-05-18 09:20:00,821.0,823.85,814.2,815.8,6377025
2026-05-18 09:30:00,815.8,827.8,815.55,821.75,10915926
2026-05-18 09:40:00,821.75,823.5,818.4,818.85,11858121
2026-05-18 09:50:00,819.2,819.2,812.0,814.7,15384222
2026-05-18 10:00:00,814.5,815.45,810.6,810.6,19193113
2026-05-18 10:10:00,810.2,814.1,810.2,812.3,22101075
2026-05-18 10:20:00,812.3,812.65,807.0,807.0,19750832
2026-05-18 10:30:00,807.0,809.6,802.45,804.4,25981766
2026-05-18 10:40:00,804.45,806.55,800.2,800.2,28856979
2026-05-18 10:50:00,800.2,807.85,800.1,803.15,36838555
2026-05-18 11:00:00,803.15,804.5,802.2,803.4,34005035
2026-05-18 11:10:00,803.4,806.9,803.4,806.0,45348098
2026-05-18 11:20:00,806.0,808.95,805.15,808.3,45390523
2026-05-18 11:30:00,808.3,811.7,808.2,811.15,50592335
2026-05-18 11:40:00,811.15,811.65,806.25,806.25,44433784
2026-05-18 11:50:00,806.25,809.0,806.15,808.35,52360543
2026-05-18 12:00:00,808.35,811.45,808.25,809.9,33675911
2026-05-18 12:15:00,810.8,811.2,808.2,808.75,3563
2026-05-18 12:20:00,809.0,810.95,808.2,809.5,30735493
2026-05-18 12:30:00,809.5,810.25,808.9,809.0,44205917
2026-05-18 12:40:00,809.0,809.55,808.0,808.8,51214387
2026-05-18 12:50:00,808.8,810.75,803.6,803.6,50485318
2026-05-18 13:00:00,803.6,804.95,802.2,803.4,55803653
2026-05-18 13:10:00,803.4,804.0,802.5,802.5,63855219
2026-05-18 13:20:00,803.05,807.15,800.3,803.2,67348031
2026-05-18 13:30:00,803.2,805.85,803.2,804.0,46511432
2026-05-18 13:40:00,804.0,806.85,803.5,806.85,53905128
2026-05-18 13:50:00,806.85,807.35,805.6,806.35,49242254
2026-05-18 14:00:00,806.35,807.1,803.15,804.95,56721061
2026-05-18 14:10:00,804.95,806.0,804.6,805.75,55361613
2026-05-18 14:20:00,805.75,806.15,804.0,804.7,45214933
2026-05-18 14:30:00,804.65,805.2,803.55,804.4,62460833
2026-05-18 14:40:00,804.0,804.4,802.05,803.0,61863438
2026-05-18 14:50:00,803.15,803.4,801.7,802.3,60828422
2026-05-18 15:00:00,801.75,809.25,801.75,806.55,50941101
2026-05-18 15:10:00,807.05,811.0,805.45,811.0,55337264
2026-05-18 15:20:00,811.5,814.0,805.2,813.65,61451648
2026-05-19 09:20:00,824.0,831.85,823.0,828.05,5449406
2026-05-19 09:30:00,828.05,828.5,823.0,827.0,9718236
2026-05-19 09:40:00,827.0,828.5,824.45,826.6,9706967
2026-05-19 09:50:00,825.75,827.75,822.95,823.55,10787530
2026-05-19 10:00:00,822.15,825.95,822.0,824.2,12379365
2026-05-19 10:10:00,824.2,832.5,824.2,831.5,13395908
2026-05-19 10:20:00,831.5,831.5,823.0,828.1,17180128
2026-05-19 10:30:00,828.1,830.85,828.1,830.15,17603997
2026-05-19 10:40:00,830.15,830.5,828.8,829.3,15470303
2026-05-19 10:50:00,829.3,830.85,828.65,829.55,15768435
2026-05-19 11:00:00,829.4,830.1,827.55,829.85,16736015
2026-05-19 11:10:00,829.85,837.5,829.0,836.65,20732222
2026-05-19 11:20:00,836.7,837.4,833.05,833.55,23968631
2026-05-19 11:30:00,834.05,840.75,832.1,840.75,30867614
2026-05-19 11:40:00,840.75,842.7,839.25,840.75,39181099
2026-05-19 11:50:00,840.75,840.75,839.0,839.2,28301017
2026-05-19 12:00:00,839.2,839.2,837.7,837.75,32287592
2026-05-19 12:10:00,837.75,838.15,834.8,837.25,29209193
2026-05-19 12:20:00,837.25,839.0,837.1,837.8,29039434
2026-05-19 12:30:00,837.8,839.5,837.1,838.15,33399616
2026-05-19 12:40:00,838.15,838.45,835.1,835.55,32089212
2026-05-19 12:50:00,835.55,844.7,835.55,844.0,42164773
2026-05-19 13:00:00,844.0,845.0,842.3,845.0,54103318
2026-05-19 13:10:00,845.0,845.0,840.0,842.6,56471573
2026-05-19 13:20:00,842.6,843.5,841.6,843.45,39566340
2026-05-19 13:30:00,843.45,843.8,838.0,838.1,42793381
2026-05-19 13:40:00,838.1,839.6,838.0,839.45,39337131
2026-05-19 13:50:00,839.45,841.0,838.0,838.0,44979335
2026-05-19 14:00:00,838.0,839.75,838.0,838.6,44309997
2026-05-19 14:10:00,838.6,840.7,838.6,839.55,48548475
2026-05-19 14:20:00,839.55,840.5,838.2,839.75,38261687
2026-05-19 14:30:00,839.75,839.9,836.65,836.65,43585244
2026-05-19 14:40:00,836.65,837.0,828.0,833.0,64041503
2026-05-19 14:50:00,833.0,837.1,833.0,836.4,52707371
2026-05-19 15:00:00,836.4,836.4,831.35,832.3,56526948
2026-05-19 15:10:00,832.6,834.3,829.0,833.1,62334026
2026-05-19 15:20:00,833.2,835.9,832.0,835.5,68428935
2026-05-20 09:15:00,831.05,839.85,821.3,838.8,33533
2026-05-20 09:20:00,832.3,844.9,832.3,842.8,5645037
2026-05-20 09:25:00,838.8,848.85,837.95,843.55,25132
2026-05-20 09:30:00,842.8,848.85,841.95,847.3,11760934
2026-05-20 09:35:00,843.2,850.15,843.0,849.6,21625
2026-05-20 09:40:00,847.3,850.6,846.0,848.0,17869005
2026-05-20 09:45:00,850.0,850.6,845.7,848.0,13222
2026-05-20 09:50:00,847.4,848.95,845.7,847.8,18531159
2026-05-20 09:55:00,848.0,851.6,846.2,848.0,16582
2026-05-20 10:00:00,847.8,851.6,846.2,847.1,18006955
2026-05-20 10:05:00,848.0,848.8,846.25,848.0,5421
2026-05-20 10:10:00,847.45,849.35,846.25,847.0,18912663
2026-05-20 10:15:00,848.0,849.35,842.35,842.35,6576
2026-05-20 10:20:00,847.0,847.0,841.75,843.5,20465192
2026-05-20 10:25:00,842.0,844.8,841.75,842.8,5636
2026-05-20 10:30:00,843.5,849.35,842.1,848.25,23518361
2026-05-20 10:35:00,843.0,853.6,843.0,853.6,17369
2026-05-20 10:40:00,848.25,854.5,845.05,851.6,40655070
2026-05-20 10:45:00,854.5,854.5,848.25,850.25,113922
2026-05-20 10:50:00,851.6,852.95,850.25,851.2,45557903
2026-05-20 10:55:00,850.25,851.8,850.25,851.0,2820
2026-05-20 11:00:00,850.8,851.8,849.0,849.0,47250617
2026-05-20 11:05:00,851.0,851.75,848.85,849.25,8232
2026-05-20 11:10:00,849.0,850.25,847.45,848.4,39105560
2026-05-20 11:15:00,849.0,849.8,847.0,847.0,7783
2026-05-20 11:20:00,848.4,849.8,845.0,847.0,49965256
2026-05-20 11:25:00,847.0,847.05,844.4,844.4,15901
2026-05-20 11:30:00,846.6,847.5,844.4,845.6,50813171
2026-05-20 11:35:00,844.85,847.5,844.4,845.55,3269
2026-05-20 11:40:00,845.6,846.55,845.05,845.75,49712117
2026-05-20 11:45:00,845.55,846.9,845.05,846.0,4265
2026-05-20 11:50:00,845.75,846.9,845.05,846.0,44273349
2026-05-20 11:55:00,846.0,846.7,846.0,846.0,1515
2026-05-20 12:00:00,846.0,846.7,845.0,846.0,38812219
2026-05-20 12:05:00,846.0,846.65,845.0,845.8,2288
2026-05-20 12:10:00,846.0,846.65,845.5,846.15,42487645
2026-05-20 12:15:00,845.8,847.0,845.5,846.4,2356
2026-05-20 12:20:00,846.15,847.0,845.15,845.3,41229227
2026-05-20 12:25:00,846.4,846.8,845.15,845.9,1368
2026-05-20 12:30:00,845.3,846.3,845.1,845.1,44526423
2026-05-20 12:35:00,845.9,846.4,845.0,845.3,2416
2026-05-20 12:40:00,845.1,847.8,845.0,845.05,61718856
2026-05-20 12:45:00,845.3,847.8,844.4,846.55,61433
2026-05-20 12:50:00,845.05,848.2,844.3,845.0,72246248
2026-05-20 12:55:00,846.55,848.2,843.7,846.3,87456
2026-05-20 13:00:00,845.0,847.05,843.7,845.85,80822884
2026-05-20 13:05:00,846.3,846.9,845.15,845.4,2172
2026-05-20 13:10:00,845.85,846.55,844.85,844.85,68472042
2026-05-20 13:15:00,845.4,845.8,844.1,844.5,3061
2026-05-20 13:20:00,844.85,845.75,844.05,844.05,72610679
2026-05-20 13:25:00,844.5,845.75,844.05,845.1,3021
2026-05-20 13:30:00,844.05,845.8,844.05,844.75,70781908
2026-05-20 13:35:00,845.1,845.95,844.3,844.6,3180
2026-05-20 13:40:00,844.75,845.95,844.3,844.75,80245142
2026-05-20 13:45:00,844.6,845.9,844.35,844.6,1846
2026-05-20 13:50:00,844.75,846.5,844.35,846.5,71086622
2026-05-20 13:55:00,844.6,846.5,844.55,845.45,3527
2026-05-20 14:00:00,846.5,846.5,844.55,844.9,79680478
2026-05-20 14:05:00,844.75,845.95,844.55,845.05,2343
2026-05-20 14:10:00,844.95,845.95,844.55,845.0,73385677
2026-05-20 14:15:00,845.05,845.8,844.55,845.35,1572
2026-05-20 14:20:00,845.0,845.95,845.0,845.15,67843935
2026-05-20 14:25:00,845.35,846.35,845.0,845.1,2987
2026-05-20 14:30:00,845.55,846.35,845.0,845.1,82723827
2026-05-20 14:35:00,845.0,848.85,844.7,846.55,4336
2026-05-20 14:40:00,845.1,848.85,844.7,844.9,82937363
2026-05-20 14:45:00,847.3,847.5,844.45,844.55,2741
2026-05-20 14:50:00,844.9,845.9,844.45,844.6,85958521
2026-05-20 14:55:00,844.55,845.25,844.05,844.15,4488
2026-05-20 15:00:00,844.6,845.2,844.05,844.45,78308118
2026-05-20 15:05:00,844.15,846.0,844.05,845.1,9730
2026-05-20 15:10:00,844.5,848.45,844.5,847.95,79369573
2026-05-20 15:15:00,845.1,849.0,844.95,846.75,13918
2026-05-20 15:20:00,847.8,850.9,846.0,850.35,103020901
2026-05-20 15:25:00,846.75,850.9,846.0,850.5,9512
2026-05-21 09:15:00,854.2,859.15,851.0,855.95,18990
2026-05-21 09:20:00,856.6,857.6,855.05,855.6,2937573
2026-05-21 09:25:00,855.4,859.85,853.75,856.05,8019
2026-05-21 09:30:00,856.7,859.65,853.75,857.0,4742061
2026-05-21 09:35:00,856.05,863.45,855.75,862.15,6914
2026-05-21 09:40:00,856.85,863.45,856.85,862.45,6468453
2026-05-21 09:45:00,862.15,863.15,861.05,862.0,11123
2026-05-21 09:50:00,862.45,862.9,856.7,858.0,7405175
2026-05-21 09:55:00,861.45,861.45,856.7,857.65,7083
2026-05-21 10:00:00,857.5,859.85,856.95,858.5,8147507
2026-05-21 10:05:00,857.3,859.85,857.15,858.8,4566
2026-05-21 10:10:00,858.5,859.8,857.4,857.8,8033741
2026-05-21 10:15:00,858.8,859.8,857.15,859.55,7400
2026-05-21 10:20:00,857.55,859.25,857.15,858.65,4605036
2026-05-21 10:25:00,859.05,859.8,857.6,857.95,6326
2026-05-21 10:30:00,858.65,859.8,855.1,855.8,12985535
2026-05-21 10:35:00,857.5,858.7,855.05,856.6,13079
2026-05-21 10:40:00,855.8,858.2,855.05,856.65,15235677
2026-05-21 10:45:00,856.0,857.8,855.75,857.65,4068
2026-05-21 10:50:00,856.65,858.45,855.95,857.2,14213440
2026-05-21 10:55:00,858.0,858.45,855.0,855.9,3556
2026-05-21 11:00:00,857.2,857.95,855.0,856.95,16580816
2026-05-21 11:05:00,856.6,857.0,855.05,855.75,961
2026-05-21 11:10:00,856.95,856.95,852.5,853.7,16956967
2026-05-21 11:15:00,854.5,856.0,852.5,854.5,7614
2026-05-21 11:20:00,853.7,856.0,852.9,854.0,18263516
2026-05-21 11:25:00,854.6,856.25,854.0,856.25,2643
2026-05-21 11:30:00,854.0,857.0,854.0,856.25,14643150
2026-05-21 11:35:00,856.85,857.3,856.0,856.85,1857
2026-05-21 11:40:00,856.25,857.3,856.0,856.95,16640643
2026-05-21 11:45:00,856.35,857.1,856.35,857.0,1151
2026-05-21 11:50:00,856.75,857.0,854.75,854.75,16038711
2026-05-21 11:55:00,857.0,857.0,854.25,856.1,8357
2026-05-21 12:00:00,854.75,856.2,854.2,854.2,19225778
2026-05-21 12:05:00,855.6,855.6,854.0,854.75,1031
2026-05-21 12:10:00,854.2,854.95,854.0,854.05,17334063
2026-05-21 12:15:00,854.75,855.0,853.25,853.85,910
2026-05-21 12:20:00,854.05,855.0,850.35,853.35,18449129
2026-05-21 12:25:00,853.25,853.85,850.35,852.85,2431
2026-05-21 12:30:00,853.35,853.8,852.2,852.25,16910548
2026-05-21 12:35:00,853.6,853.6,851.25,853.0,1496
2026-05-21 12:40:00,852.25,853.6,851.25,852.6,19150800
2026-05-21 12:45:00,852.95,853.6,852.2,852.7,1380
2026-05-21 12:50:00,852.6,853.2,851.6,852.8,17128641
2026-05-21 12:55:00,852.7,853.2,850.65,852.3,3113
2026-05-21 13:00:00,852.8,855.0,850.65,855.0,20585423
2026-05-21 13:05:00,852.3,855.4,852.3,855.4,2115
2026-05-21 13:10:00,855.0,856.1,854.4,855.4,19885292
2026-05-21 13:15:00,855.4,858.05,854.6,857.3,10309
2026-05-21 13:20:00,855.4,858.05,855.25,855.65,20981344
2026-05-21 13:25:00,856.95,856.95,855.15,856.0,2152
2026-05-21 13:30:00,855.65,856.9,855.15,856.85,20046390
2026-05-21 13:35:00,856.75,857.9,856.0,856.8,1936
2026-05-21 13:40:00,856.85,857.9,856.8,856.8,9858773
2026-05-21 13:45:00,856.3,857.45,856.25,857.0,1507
2026-05-21 13:55:00,856.95,857.5,856.0,856.95,515
2026-05-21 14:00:00,857.4,857.4,856.35,856.85,14647091
2026-05-21 14:05:00,857.0,857.9,856.35,857.2,1525
2026-05-21 14:10:00,856.85,857.9,856.4,857.25,26341747
2026-05-21 14:15:00,857.5,859.35,856.5,858.1,2981
2026-05-21 14:25:00,858.0,858.8,856.3,857.0,5395
2026-05-21 14:35:00,857.0,857.0,855.5,856.5,1881
2026-05-21 14:40:00,856.05,858.55,856.05,858.2,14083587
2026-05-21 14:45:00,856.05,859.8,856.05,858.1,9482
2026-05-21 14:50:00,858.2,859.8,857.1,857.5,30878687
2026-05-21 15:00:00,857.5,861.05,857.05,860.0,35563011
2026-05-21 15:10:00,860.0,861.0,858.4,859.95,37103376
2026-05-21 15:20:00,859.95,860.0,858.15,859.8,49579907
